id;user_id;description;url;created_at;updated_at
1;1;"Sprachen lernen in urbaner Atmosphäre 🗣️🔥 Stehe kurz davor, meinen dritten fließend zu sprechen! #PolyglotLife #LanguageNinja #CityVibes";storage/photos/2/1.webp;2024-07-13 21:43:10;2024-07-13 21:43:10
2;1;📚 Sprachen lernen und dabei wie ein Boss aussehen! Heute wieder ein cooles Wort aufgeschnappt.🔥 #Sprachtalent #LanguageNinja #UrbanFlair;storage/photos/2/2.webp;2024-07-13 21:43:10;2024-07-13 21:43:10
3;1;Neue Sprach-Challenge angenommen mit meinem Notizbuch in der Hand. Blitzschnell neue Wörter lernen! 🗒️🔥#Sprachtalent #Weltsprachen #EpicMoments;storage/photos/2/3.webp;2024-07-13 21:43:10;2024-07-13 21:43:10
4;1;Wörter jagen und Bedeutungen erlegen 🧐📚 #Sprachtalent #PolyglotLife #Wortkunst;storage/photos/2/4.webp;2024-07-13 21:43:10;2024-07-13 21:43:10
5;1;"Es sind die kleinen Details, die große Geschichten erzählen 📸🔥. Heute auf den Straßen der Stadt, neue Perspektiven entdeckt. #FrameIt #Fotoliebe #UrbanShoot";storage/photos/2/5.webp;2024-07-13 21:43:10;2024-07-13 21:43:10
6;1;"Neue Sprache, neuer Blickwinkel 🌐✨ Mit vollem Einsatz auf der Jagd nach dem nächsten Sprachschatz 🗣️ #PolyglotLife #LanguageNinja #EpicExpressions";storage/photos/2/6.webp;2024-07-13 21:43:10;2024-07-13 21:43:10
7;2;Golden Hour Jam-Session auf dem Gipfel 🎸🔥 Die besten Momente sind immer draußen! #MusicIsLife #Musikliebhaber #OutdoorVibes;storage/photos/2/7.webp;2024-07-13 21:43:10;2024-07-13 21:43:10
8;2;Mit wilden Augen und festem Schritt durch die Bergpfade 🌄💪 #TrailBlazer #Wanderlust #BergAbenteuer;storage/photos/2/8.webp;2024-07-13 21:43:10;2024-07-13 21:43:10
9;2;"Feeling the rhythm of the mountains 🎸✨ Abendsonne und Beats, was will man mehr? #SoundOn #Musikliebhaber";storage/photos/2/9.webp;2024-07-13 21:43:10;2024-07-13 21:43:10
10;2;"Die Sonne küsst mein Gesicht, und ich bin bereit für jedes Abenteuer 🏞️ #HikingVibes #TrailBlazer #NatureLove";storage/photos/2/10.webp;2024-07-13 21:43:10;2024-07-13 21:43:10
11;3;Heute draußen im Wald programmiert 🖥️✨ #TechWizard #Entwicklerherz #NaturCoding;storage/photos/2/11.webp;2024-07-13 21:43:10;2024-07-13 21:43:10
12;3;Bin gerade am Debuggen mitten im Wald - das ist wahre #Codeliebe 🌲🧑‍💻 #HackathonHero #NaturUndCode;storage/photos/2/12.webp;2024-07-13 21:43:10;2024-07-13 21:43:10
13;3;"Ein neuer Pfad, ein neuer Gedanke 🌲👣 Wandern auf einem versteckten Weg im Wald #Naturliebhaber #TrailBlazer #HikingLife";storage/photos/2/13.webp;2024-07-13 21:43:10;2024-07-13 21:43:10
14;4;Ein neues Rezept ausprobiert! 🍴 #FoodieFeed #MasterChef;storage/photos/2/14.webp;2024-07-13 21:43:10;2024-07-13 21:43:10
15;4;"⚽️ Ecken und Kanten im Leben, aber immer ein GoalGetter! 🥅 #SoccerLife #GlatzeIstMeinStyle";storage/photos/2/15.webp;2024-07-13 21:43:10;2024-07-13 21:43:10
16;4;Ein perfekter Freistoß ins obere Eck 🎯⚽ Der Ball und das Netz sind beste Freunde geworden. #Fußballliebe #Torjäger #TopCorner;storage/photos/2/16.webp;2024-07-13 21:43:10;2024-07-13 21:43:10
17;4;Neues Ziel: Freistoß-Magie ✨🏅 #SoccerLife #GoalGetter;storage/photos/2/17.webp;2024-07-13 21:43:10;2024-07-13 21:43:10
18;5;"Level up beim Gaming 🎮✨ Neue Highscore, wer ist dabei? #GameOn #Gamerlife #NextLevel";storage/photos/2/18.webp;2024-07-13 21:43:10;2024-07-13 21:43:10
19;5;Next-level Gaming-Setup für die Profis unter uns! 🎮✨ #Zocken #LevelUpLife #GamingGoals;storage/photos/2/19.webp;2024-07-13 21:43:10;2024-07-13 21:43:10
20;5;Neues Outfit inspiriert von den neuesten Modetrends. Gamer und Fashionista in einem 🎮👔 #OOTD #Modetrends #StyleOnPoint;storage/photos/2/20.webp;2024-07-13 21:43:10;2024-07-13 21:43:10
21;5;"Game on! 🎮 In meinem Element mit dem Controller in der Hand, jederzeit bereit zu glänzen. #GameOn #LevelUpLife #FashionGamer";storage/photos/2/21.webp;2024-07-13 21:43:10;2024-07-13 21:43:10
22;5;Neue Trends rocken! 😎 Mit meinem Controller und meinem Style am Start. #StyleGame #OOTD #FashionFusion;storage/photos/2/22.webp;2024-07-13 21:43:10;2024-07-13 21:43:10
23;5;Game on! 🎮💥 Heute wird das nächste Level in Style und Skills gemeistert. Die perfekte Kombo aus Fashion und Gaming 🔥 #GameOn #Gamerlife #LevelUp;storage/photos/2/23.webp;2024-07-13 21:43:10;2024-07-13 21:43:10
24;6;Düstere Wolken über einem verlassenen Haus 🏚️ 🔍 #InstaShot #Fotoliebe #Melancholie;storage/photos/2/24.webp;2024-07-13 21:43:10;2024-07-13 21:43:10
25;6;Die düsteren Gänge des alten Verlieses 🎮 bringen das wahre Abenteuer ✨ ins Spiel. #Gamerlife #LevelUpLife #EpicQuests;storage/photos/2/25.webp;2024-07-13 21:43:10;2024-07-13 21:43:10
26;6;"Tropfen auf der Linse, die die Realität in ein trauriges Kunstwerk verwandeln 🌧️📸 #Fotoliebe #MomenteFesthalten #FrameIt";storage/photos/2/26.webp;2024-07-13 21:43:10;2024-07-13 21:43:10
27;7;Urban Style Check 🖤 Ein epischer Tag in der Stadt in meinem Lieblings-Designer-Shirt. #OOTD #StyleGame #UrbanVibes;storage/photos/2/27.webp;2024-07-13 21:43:10;2024-07-13 21:43:10
28;7;Urban Style im Blut! 🖤 Heute die Straßen erobern im neuen Designer-Shirt. #OOTD #StyleGame #UrbanFashion;storage/photos/2/28.webp;2024-07-13 21:43:10;2024-07-13 21:43:10
29;7;Streetstyle findet seinen Weg in mein Leben 🕶️✨ #StyleGame #Fashionista #UrbanVibes;storage/photos/2/29.webp;2024-07-13 21:43:10;2024-07-13 21:43:10
30;7;Stadtspaziergang in Style 🌆✨ Heute die Straßen unsicher gemacht mit meinem neuen Designer-Shirt! #Fashionista #OOTD #CityVibes;storage/photos/2/30.webp;2024-07-13 21:43:10;2024-07-13 21:43:10
31;7;"Großes Konzert in der Stadt 🎶 Die Vibes sind einfach magisch! Kann's kaum erwarten, wieder auf der Bühne zu stehen! #MusicIsLife #Konzertfieber #LiveMusik";storage/photos/2/31.webp;2024-07-13 21:43:10;2024-07-13 21:43:10
32;7;Feeling the beat in every step 🎧🌆. Rocking my favorite tunes in the bustling city! #MusicIsLife #SoundOn #UrbanVibes;storage/photos/2/32.webp;2024-07-13 21:43:10;2024-07-13 21:43:10
33;8;"Das Licht, die Bühne und der Augenblick. 🎭✨ #StageLife #KindredSpirits";storage/photos/2/33.webp;2024-07-13 21:43:10;2024-07-13 21:43:10
34;8;Ich lebe für diese Bühne 🎭 Mit jedem Lichtstrahl entfaltet sich eine neue Geschichte. #SpotlightMoment #Theaterliebe #VintageVibes;storage/photos/2/34.webp;2024-07-13 21:43:10;2024-07-13 21:43:10
35;8;Dramatische Schatten auf der Bühne 🎭✨ #StageLife #SpotlightMoment #TheaterMagic;storage/photos/2/35.webp;2024-07-13 21:43:10;2024-07-13 21:43:10
36;8;Vorfreude auf die nächste Premiere 😎🎭 #StageLife #Bühnenzauber #Theaterliebe;storage/photos/2/36.webp;2024-07-13 21:43:10;2024-07-13 21:43:10
37;8;🎭 Die Bühne ruft! Mit jedem Tag wächst die Vorfreude. #Theaterliebe #StageLife #Bühnenfieber;storage/photos/2/37.webp;2024-07-13 21:43:10;2024-07-13 21:43:10
38;8;🎭 Auf der Bühne zu Hause! Mit jedem Auftritt ein Stück mehr ich selbst. #Theaterliebe #StageLife #Bühnenmagie;storage/photos/2/38.webp;2024-07-13 21:43:10;2024-07-13 21:43:10
39;9;"Nicht nur reden, sondern handeln – gerade dabei, Plakate für die Proteste auf der Marschstraße zu verteilen! ✊🌍 #BeTheChange #JungerAktivist #StimmeDerJugend";storage/photos/2/39.webp;2024-07-13 21:43:10;2024-07-13 21:43:10
40;9;"Kleine Schritte, große Wirkung 🌍✊ Ein Statement kann überall gesetzt werden. #BeTheChange #JungerAktivist #PowerToThePeople";storage/photos/2/40.webp;2024-07-13 21:43:10;2024-07-13 21:43:10
41;9;Kämpferischer Einsatz heute in der Stadt gegen Umweltverschmutzung! 🌱✊ Deine Stimme zählt! #SpeakUp #MachDenUnterschied #ProtestPower;storage/photos/2/41.webp;2024-07-13 21:43:10;2024-07-13 21:43:10
42;9;Saubere Straßen = Saubere Zukunft 🌍✨ #MachDenUnterschied #BeTheChange #StadtAufräumen;storage/photos/2/42.webp;2024-07-13 21:43:10;2024-07-13 21:43:10
43;10;Grabe mich durch das Gartenleben 🌱. Stylische Gartenarbeit mit einem breiten Lächeln. #Grünerdaumen #UrbanJungle #Gartenliebe;storage/photos/2/43.webp;2024-07-13 21:43:10;2024-07-13 21:43:10
44;10;Die Sonne genießen und meine Pflanzen pflegen 🌞🌿. Dieser Garten ist meine kleine Oase. #Gartenliebe #Grünerdaumen #NatureLover;storage/photos/2/44.webp;2024-07-13 21:43:10;2024-07-13 21:43:10
45;10;Ein echter Schatz unter dem Grünen! 🌿 Die neuen Setzlinge fühlen sich richtig wohl unter meinem Vintage-Gewächshaus. #Grünerdaumen #PlantParent #Gartenliebe;storage/photos/2/45.webp;2024-07-13 21:43:10;2024-07-13 21:43:10
46;10;Zwischen den Bäumen entdecke ich immer wieder neue Strecken und Herausforderungen 🏃‍♂️🍃 #Laufliebe #MilesAndSmiles #NatureRun;storage/photos/2/46.webp;2024-07-13 21:43:10;2024-07-13 21:43:10
47;11;Mit Leidenschaft und Neugier auf der Suche nach der Wahrheit 🕵️‍♂️📸 #TruthSeeker #StayWoke #NewsAddict;storage/photos/2/47.webp;2024-07-13 21:43:10;2024-07-13 21:43:10
48;11;Immer auf der Jagd nach der nächsten Story! 📰👀 Heute wieder fündig geworden an der Graffiti-Wand. #AufDemLaufenden #StayWoke #NachrichtenJunkie;storage/photos/2/48.webp;2024-07-13 21:43:10;2024-07-13 21:43:10
49;11;Bunte Graffiti und versteckte Meisterwerke 🖌️💫 #ArtVibes #Kunstliebe #Stadtgeflüster;storage/photos/2/49.webp;2024-07-13 21:43:10;2024-07-13 21:43:10
50;11;Manchmal findet man Kunstwerke an den unerwartetsten Orten 🖌️🎨. Lass dich inspirieren und #CreateDaily! #Kreativkopf #Stadtmagie;storage/photos/2/50.webp;2024-07-13 21:43:10;2024-07-13 21:43:10
51;11;"Farbexplosion in der Stadt 🎨🖌️ Jedes Graffiti erzählt eine Geschichte, man muss nur genau hinsehen. #Kreativkopf #ArtVibes #StreetArt";storage/photos/2/51.webp;2024-07-13 21:43:10;2024-07-13 21:43:10
52;11;Breaking News! 🌍 Graffiti enthüllt echte Schlagzeilen an der Wand! #StayWoke #NewsJunkie #UrbanArt;storage/photos/2/52.webp;2024-07-13 21:43:10;2024-07-13 21:43:10
53;11;📚 Immer auf der Jagd nach der nächsten großen Story! Mit meiner Vintage-Bandshirt durch die urbane Wildnis auf Entdeckungsreise. 🌍 #TruthSeeker #NewsJunkie #UrbanExplorer;storage/photos/2/53.webp;2024-07-13 21:43:10;2024-07-13 21:43:10
54;12;Nach dem Workout ist vor dem Workout! 💪🏋️‍♂️ #Fitnessjunkie #SweatySelfie #GymLife;storage/photos/2/54.webp;2024-07-13 21:43:10;2024-07-13 21:43:10
55;12;"Heute war Protein-Pancake-Experimentiertag 🍳🔥 Im Gym die Nase vorn, jetzt wird der Kochlöffel geschwungen! 🥞 #FoodieFeed #Kochliebe #ProteinPower";storage/photos/2/55.webp;2024-07-13 21:43:10;2024-07-13 21:43:10
56;12;Intensives Workout 💪 im Gym – der Schweiß tropft und das Ziel vor Augen: stärker und fitter zu werden! Auf geht's! #Gymlife #SweatySelfie #FitnessGoals;storage/photos/2/56.webp;2024-07-13 21:43:10;2024-07-13 21:43:10
57;13;Neue Route gefunden 🏙️🏃‍♂️ #MilesAndSmiles #RunnerHigh #CityTrail;storage/photos/2/57.webp;2024-07-13 21:43:10;2024-07-13 21:43:10
58;13;Starke Einheit aus Training und Stil 🏋️‍♂️💥 Immer auf der Suche nach neuen Herausforderungen. #FitFam #SweatySelfie #FitnessGoals;storage/photos/2/58.webp;2024-07-13 21:43:10;2024-07-13 21:43:10
59;13;Früh morgens durch die Stadt rennen und sich unaufhaltsam fühlen 🏃‍♂️🔥 #RunnerHigh #Laufliebe #StadtAbenteuer;storage/photos/2/59.webp;2024-07-13 21:43:10;2024-07-13 21:43:10
60;13;Jeder Tag ist ein neuer Kampf gegen die Uhr! 💪 #Gymlife #FitFam #Grinding;storage/photos/2/60.webp;2024-07-13 21:43:10;2024-07-13 21:43:10
61;14;Immer auf der Suche nach den neuesten Schlagzeilen 📰 und coolen T-Shirts 🖤. #AufDemLaufenden #StayWoke #Nachrichtennerd;storage/photos/2/61.webp;2024-07-13 21:43:10;2024-07-13 21:43:10
62;14;"Erst die Schlagzeilen checken 📰, dann die Welt erobern! Urban Style trifft Nachrichtenleidenschaft. #NewsJunkie #AufDemLaufenden #StadtAbenteuer";storage/photos/2/62.webp;2024-07-13 21:43:10;2024-07-13 21:43:10
63;14;Heutige Schlagzeilen im Blick! 📰✨ #AufDemLaufenden #TruthSeeker #NewsLover;storage/photos/2/63.webp;2024-07-13 21:43:10;2024-07-13 21:43:10
64;14;Morgendliche News & ein heißer Kaffee ☕️📱 #StayWoke #NewsJunkie #UrbanVibes;storage/photos/2/64.webp;2024-07-13 21:43:10;2024-07-13 21:43:10
65;14;Street-Interview für meinen Blog 📸🗞️ #NewsJunkie #StayWoke #StreetCred;storage/photos/2/65.webp;2024-07-13 21:43:10;2024-07-13 21:43:10
66;15;Lächeln ist für andere! Heute war alles im Sprintmodus 🏃‍♂️🔥 #Laufliebe #Jogging #RunnersLife;storage/photos/2/66.webp;2024-07-13 21:43:10;2024-07-13 21:43:10
67;15;"Manchmal braucht man nur sich selbst, den Himmel und endlose Straßen! 🌥️🏃‍♂️ #MilesAndSmiles #Laufliebe #RunHappy";storage/photos/2/67.webp;2024-07-13 21:43:10;2024-07-13 21:43:10
68;15;Wanderlust pur 🌍✈️ Endlich die Bergspitzen in der Ferne entdeckt und eine neue Route gefunden. #TravelGram #AdventureAwaits #MountainViews;storage/photos/2/68.webp;2024-07-13 21:43:10;2024-07-13 21:43:10
69;15;Heute die Trails unsicher gemacht 🏃‍♂️🌲 #Jogging #MilesAndSmiles #AbenteuerPur;storage/photos/2/69.webp;2024-07-13 21:43:10;2024-07-13 21:43:10
70;15;Nächster Halt: Island! 🌋 Laufschuhe geschnürt und ab ins Abenteuer 🚀 #AdventureAwaits #TravelGram #ExploreTheWorld;storage/photos/2/70.webp;2024-07-13 21:43:10;2024-07-13 21:43:10
71;16;Spaziergang im Park mit einem schnurrenden Freund 🐾🌳 #PawsomeWorld #PetLife #CatLover;storage/photos/2/71.webp;2024-07-13 21:43:10;2024-07-13 21:43:10
72;16;"Post-Workout-Vibes im urbanen Dschungel 🌃. Nichts geht über das Gefühl, nach einem intensiven Training verschwitzt und stolz in die Kamera zu grinsen! 💪 #FitFam #SweatySelfie #UrbanFitness";storage/photos/2/72.webp;2024-07-13 21:43:10;2024-07-13 21:43:10
73;16;Stadtleben trifft Fitness 💪🏼 Neue Höhen erklimmen und die Limits sprengen! Let's do this! 🏋️‍♂️ #Fitnessjunkie #SweatySelfie #CityWorkout;storage/photos/2/73.webp;2024-07-13 21:43:10;2024-07-13 21:43:10
74;16;Schweißtreibende Session im Urban Jungle 💦🏙 #Fitnessjunkie #Gymlife #UrbanWorkout;storage/photos/2/74.webp;2024-07-13 21:43:10;2024-07-13 21:43:10
75;16;Nach dem Workout durch die Straßen der Stadt! 🏋️‍♂️ Urban Fitness at its finest. Jetzt in die nächste Runde starten! #Fitnessjunkie #Gymlife #CitySweat;storage/photos/2/75.webp;2024-07-13 21:43:10;2024-07-13 21:43:10
76;17;"Kopfhörer auf, Welt aus. 🎧 Melodien durchbrechen die Stille. #MusicIsLife #Musikliebhaber #MusikTherapie";storage/photos/2/76.webp;2024-07-13 21:43:10;2024-07-13 21:43:10
77;17;Musik bringt Leben in jede Sekunde 🎶 Hier wird jede Note zur Emotion. #MusicIsLife #SoundOn #VintageVibes;storage/photos/2/77.webp;2024-07-13 21:43:10;2024-07-13 21:43:10
78;17;Melancholische Melodien am Horizont 🌅✨ #SoundOn #MusicIsLife #EmotionInEveryNote;storage/photos/2/78.webp;2024-07-13 21:43:10;2024-07-13 21:43:10
79;17;"Musik ist mehr als nur Töne, sie ist mein Herzschlag 🎶 #MusicIsLife #SoundOn #EmotionInEveryNote";storage/photos/2/79.webp;2024-07-13 21:43:10;2024-07-13 21:43:10
80;17;Vintage Vibes 🎶 | Der alte Plattenspieler läuft wieder! #Konzertfieber #SoundOn #Musikliebe;storage/photos/2/80.webp;2024-07-13 21:43:10;2024-07-13 21:43:10
81;18;Auf dem Weg zur nächsten Gaming-Session! 👾🕹️ Neue Levels erwarten mich! #Gamerlife #LevelUpLife #AltStyle;storage/photos/2/81.webp;2024-07-13 21:43:10;2024-07-13 21:43:10
82;18;"Bereit für den nächsten Bosskampf! 🎮🔥 Die Stadt schläft, aber ich zocke weiter. #Zocken #LevelUpLife #NightGamer";storage/photos/2/82.webp;2024-07-13 21:43:10;2024-07-13 21:43:10
83;18;Genau den Boss gelegt! 💪🎮 Feier ich heute noch ein Level höher 😎 #Gamerlife #Zocken #Victory;storage/photos/2/83.webp;2024-07-13 21:43:10;2024-07-13 21:43:10
84;19;🎭 Tief in den Vorhangblicken verborgen... jede Szene erzählt ihre eigene Geschichte. ✨ #Bühnenzauber #StageLife #TheaterMagie;storage/photos/2/84.webp;2024-07-13 21:43:10;2024-07-13 21:43:10
85;19;Vorhang auf und Bühne frei! 😄🎭 Mit meinem neuen Blazer und meiner liebsten Pose bin ich bereit für die nächste Show. #Bühnenzauber #Theaterliebe #BackstageMagic;storage/photos/2/85.webp;2024-07-13 21:43:10;2024-07-13 21:43:10
86;19;🎭 Die Spannung hinter dem Vorhang ist mein Element. Inspiriert und bereit für die nächste große Inszenierung. 🌟 #Theaterliebe #StageLife #Bühnenmagie;storage/photos/2/86.webp;2024-07-13 21:43:10;2024-07-13 21:43:10
87;19;"Der Moment vor dem großen Auftritt! 🎭 Ich spüre das Lampenfieber, aber der Applaus wird es wert sein. #Bühnenzauber #Theaterliebe #VorhangAuf";storage/photos/2/87.webp;2024-07-13 21:43:10;2024-07-13 21:43:10
88;19;"Beim Wandern entdeckt man nicht nur neue Wege, sondern auch sich selbst. 🌄 #HikingVibes #TrailBlazer #NatureLover";storage/photos/2/88.webp;2024-07-13 21:43:10;2024-07-13 21:43:10
89;19;"Ein weiterer Schritt auf dem Trail! 🥾 Die Natur ruft und ich bin bereit, mich ihr zu stellen. #Naturliebhaber #TrailBlazer #AbenteuerLeben";storage/photos/2/89.webp;2024-07-13 21:43:10;2024-07-13 21:43:10
90;20;Frühstücksmeister bei der Arbeit 🍳✨ Immer auf der Suche nach dem perfekten Rezept! #Feinschmecker #FoodieFeed #Küchenzauber;storage/photos/2/90.webp;2024-07-13 21:43:10;2024-07-13 21:43:10
91;20;Das perfekte Rezept für verregnete Tage entdeckt 🌧️👨‍🍳 #FoodieFeed #ChefMode #ComfortFood;storage/photos/2/91.webp;2024-07-13 21:43:10;2024-07-13 21:43:10
92;20;"Neue Rezepte ausprobieren an einem regnerischen Tag! 🌧️👨‍🍳 Heute stand ich stundenlang in der Küche, um mein neuestes kulinarisches Werk zu perfektionieren. #FoodieFeed #Feinschmecker #RegenTag";storage/photos/2/92.webp;2024-07-13 21:43:10;2024-07-13 21:43:10
93;21;"📻 Musik auf den Ohren und die Welt vergessen. Heute im Park, mein Lieblingsplatz zum Entspannen und Fotografieren. #SoundOn #Musikliebhaber #FotografieAbenteuer";storage/photos/2/93.webp;2024-07-13 21:43:10;2024-07-13 21:43:10
94;21;Stille Momente zwischen den Aufnahmen 🎞️🌳 Einfach perfekt #FrameIt #VintagePhotography #Schnappschuss;storage/photos/2/94.webp;2024-07-13 21:43:10;2024-07-13 21:43:10
95;21;In den Fokus rücken und die Schönheit der kleinen Dinge entdecken 📷✨ #FrameIt #Fotoliebe #VintageVibes;storage/photos/2/95.webp;2024-07-13 21:43:10;2024-07-13 21:43:10
96;21;Lebe deine Leidenschaft vor der Linse aus! 📸 Mit meiner neuen Vintage-Cam auf Mission. #Fotoliebe #InstaShot #VintageVibes;storage/photos/2/96.webp;2024-07-13 21:43:10;2024-07-13 21:43:10
97;22;Ein faszinierender Moment eingefangen 📸. Natur tut einfach gut. #Fotoliebe #Schnappschuss #Natur;storage/photos/2/97.webp;2024-07-13 21:43:10;2024-07-13 21:43:10
98;22;Das perfekte Licht erwischt und sofort die Kamera gezückt 🌅📷 #InstaShot #Fotoliebe #NatureMagic;storage/photos/2/98.webp;2024-07-13 21:43:10;2024-07-13 21:43:10
99;23;Frischen Basilikum gehackt und bereit für das perfekte Pesto! 🌿👨‍🍳 #ChefMode #Feinschmecker #KitchenVibes;storage/photos/2/99.webp;2024-07-13 21:43:10;2024-07-13 21:43:10
100;23;Neues Vintage-Tennisracket ausprobiert 🎾✨ #CourtCrush #Aufschlag #TennisLiebe;storage/photos/2/100.webp;2024-07-13 21:43:10;2024-07-13 21:43:10
101;23;"Tja, wer hätte gedacht, dass mein selbst gemachter Schokoladen-Lava-Kuchen so gut wird? 🍫🔥 #Kochliebe #Feinschmecker #Schokoladenträume";storage/photos/2/101.webp;2024-07-13 21:43:10;2024-07-13 21:43:10
102;23;Der perfekte Aufschlag beim Sonnenuntergang 🌅🎾 #Tennisass #ServingLooks;storage/photos/2/102.webp;2024-07-13 21:43:10;2024-07-13 21:43:10
103;23;Der perfekte Moment nach einem Ass auf dem Platz! 🏆✨ #ServingLooks #TennisFever;storage/photos/2/103.webp;2024-07-13 21:43:10;2024-07-13 21:43:10
104;24;Heute den Pinsel geschwungen 🖌️ und diesem großartigen Mural Leben eingehaucht! 🌈 #Kreativkopf #CreateDaily #ArtInAction;storage/photos/2/104.webp;2024-07-13 21:43:10;2024-07-13 21:43:10
105;24;Diese Farben inspirieren mich jedes Mal 🎨✨ #ArtVibes #CreateDaily #ColorfulLife;storage/photos/2/105.webp;2024-07-13 21:43:10;2024-07-13 21:43:10
106;24;Meine heutige Inspiration 🌈🎨 Diese Farben werden auf meiner nächsten Leinwand lebendig! #CreateDaily #Kunstliebe #ArtInsp;storage/photos/2/106.webp;2024-07-13 21:43:10;2024-07-13 21:43:10
107;24;Heute habe ich mich an dieser Wand inspirieren lassen und meine Botschaft weitergegeben 🖌️🌈 #MachDenUnterschied #SpeakUp #KunstFürAlle;storage/photos/2/107.webp;2024-07-13 21:43:10;2024-07-13 21:43:10
108;24;"Das farbenfrohe Graffiti im Hintergrund erinnert mich daran, wie wichtig Vielfalt und Gemeinschaft sind. 🌈 #JungerAktivist #MachDenUnterschied #KunstImDienst";storage/photos/2/108.webp;2024-07-13 21:43:10;2024-07-13 21:43:10
109;25;In meiner Literaturwelt versunken 📚✨ #Leseratte #PageTurner #Bücherliebe;storage/photos/2/109.webp;2024-07-13 21:43:10;2024-07-13 21:43:10
110;26;"Wenn die Musik beginnt, verschwinden alle Sorgen 🎶✨ #Konzertfieber #MusicIsLife #SoundtrackOfLife";storage/photos/2/110.webp;2024-07-13 21:43:10;2024-07-13 21:43:10
111;26;Mit meinem neuen Song im Studio 🎼✨ Moderne Töne treffen auf klassisches Flair. #SoundOn #Musikliebhaber #StudioVibes;storage/photos/2/111.webp;2024-07-13 21:43:10;2024-07-13 21:43:10
112;26;"Die Melodien des Lebens 💔🎶... Manchmal sind es die traurigen Klänge, die am meisten bewegen. #Musikliebhaber #MusicIsLife #EmotionalVibes";storage/photos/2/112.webp;2024-07-13 21:43:10;2024-07-13 21:43:10
113;27;"Heute inspiriert von moderner Picasso-Vibes 😎🎨! Ein leichter Spaziergang durch die Galerie, immer mit einem Hauch von Stil #Kunstliebe #CreateDaily #Stilvoll";storage/photos/2/113.webp;2024-07-13 21:43:10;2024-07-13 21:43:10
114;27;"Neues Lieblingsbild entdeckt 🎨📸 Kunst inspiriert, niemals langweilig! #CreateDaily #ArtVibes #MuseMoments";storage/photos/2/114.webp;2024-07-13 21:43:10;2024-07-13 21:43:10
115;27;Spiel mit Farben und Formen 🎨✨ #Kunstliebe #CreateDaily #UrbanKunst;storage/photos/2/115.webp;2024-07-13 21:43:10;2024-07-13 21:43:10
116;27;"Acrylchaos und Farbspritzer 🎨🖌️ Neue Kunstwerke im Kopf, bereit, die urbane Leinwand zu erobern! #ArtVibes #Kunstliebe #GraffitiGoals";storage/photos/2/116.webp;2024-07-13 21:43:10;2024-07-13 21:43:10
117;27;"Kleine Kunstpause im angesagten Stadtviertel, nur ich und meine kreativen Gedanken. 🎨✨ #CreateDaily #Kunstliebe #StreetArt";storage/photos/2/117.webp;2024-07-13 21:43:10;2024-07-13 21:43:10
118;28;"🏞️ Der Moment, wenn du die letzten Kilometer im Morgenlicht zurücklegst und die Welt still wird. #RunnerHigh #Laufliebe #MorgenMagie";storage/photos/2/118.webp;2024-07-13 21:43:10;2024-07-13 21:43:10
119;29;"Perfekter Moment, um das urbane Flair einzufangen 📸✨ Körperhaltung & Outfit on point! #Schnappschuss #ModeMitSinn";storage/photos/2/119.webp;2024-07-13 21:43:10;2024-07-13 21:43:10
120;29;Vintage Vibes in der Urbanen Kulisse 📷✨ #InstaShot #Fotoliebe #UrbanExploration;storage/photos/2/120.webp;2024-07-13 21:43:10;2024-07-13 21:43:10
121;29;Neues Abenteuer in der Straßenfotografie! 📸✨ Habe heute die lebhaften Mustern der Stadt eingefangen. #Schnappschuss #FrameIt #UrbanVibes;storage/photos/2/121.webp;2024-07-13 21:43:10;2024-07-13 21:43:10
122;29;Streiflicht in der Stadt 🌇✨ #FrameIt #UrbanVibes;storage/photos/2/122.webp;2024-07-13 21:43:10;2024-07-13 21:43:10
123;29;Modemomente in der Stadt genießen ✨📸 Dunkel und elegant unterwegs! #StyleGame #Modetrends #UrbanFashion;storage/photos/2/123.webp;2024-07-13 21:43:10;2024-07-13 21:43:10
124;30;"Die Natur hat immer etwas zu sagen, wenn wir hinhören 🌲🍃. Jeder kleine Schritt zählt! #Umweltschützer #SaveThePlanet #Nachhaltigkeit";storage/photos/2/124.webp;2024-07-13 21:43:10;2024-07-13 21:43:10
125;30;Die Stadt braucht neuen politischen Wind. 🗳️🌱 Zeit für Veränderung! #ZukunftGestalten #YouthVoice #Politik;storage/photos/2/125.webp;2024-07-13 21:43:10;2024-07-13 21:43:10
126;30;Spontane Müllsammelaktion im Park 🌳💚 So einfach kann jeder einen Unterschied machen! #GreenLiving #Nachhaltigleben #Umweltschutz;storage/photos/2/126.webp;2024-07-13 21:43:10;2024-07-13 21:43:10
127;30;Heute auf Müll-Safari 🦸‍♂️🌳 Die Natur hat uns alle Hände voll zu tun gegeben! #Umweltschützer #GreenLiving #Cleanup;storage/photos/2/127.webp;2024-07-13 21:43:10;2024-07-13 21:43:10
128;30;Nachhaltigkeit beginnt immer vor der eigenen Tür! 🌿 Let's do this! 💪 #GreenLiving #Umweltschützer #CleanUpChallenge;storage/photos/2/128.webp;2024-07-13 21:43:10;2024-07-13 21:43:10
129;31;"Heute beim Pflanzen neuer Bäume 🌳 Nichts fühlt sich besser an, als der Natur etwas zurückzugeben. #Ehrenamt #DoGood #NaturLiebe";storage/photos/2/129.webp;2024-07-13 21:43:10;2024-07-13 21:43:10
130;31;Heute vertieft in meinem Lieblingsbuch 📖. Leseratte durch und durch! #Bookstagram #PageTurner #LesenVerbindet;storage/photos/2/130.webp;2024-07-13 21:43:10;2024-07-13 21:43:10
131;32;Der perfekte Korb bei Sonnenuntergang 🌅🏀. Immer auf der Jagd nach dem nächsten Treffer! #HoopDreams #BballAddict #CourtLife;storage/photos/2/131.webp;2024-07-13 21:43:10;2024-07-13 21:43:10
132;32;Neue Moves auf dem Court 🏀✨ #HoopDreams #Basketballfieber #GameOn;storage/photos/2/132.webp;2024-07-13 21:43:10;2024-07-13 21:43:10
133;32;Endlose Stunden auf dem Court 🎯 #HoopDreams #BballAddict #BallIsLife;storage/photos/2/133.webp;2024-07-13 21:43:10;2024-07-13 21:43:10
134;32;Ball ist Leben 🏀✨ Der Court fühlt sich wie Zuhause an. #Korbwerfer #HoopDreams #NeverQuit;storage/photos/2/134.webp;2024-07-13 21:43:10;2024-07-13 21:43:10
135;33;🌍 Neue Abenteuer erwarten mich! 📷 In den verwinkelten Gassen von Rom auf der Suche nach dem perfekten Espresso. #TravelGram #AdventureAwaits #Wanderlust;storage/photos/2/135.webp;2024-07-13 21:43:10;2024-07-13 21:43:10
136;33;"Ein ruhiger Moment mit meinem pelzigen Freund, der die Welt beobachtet. 🌍🐾 #Tierfreund #PetLife #Abenteuer";storage/photos/2/136.webp;2024-07-13 21:43:10;2024-07-13 21:43:10
137;33;Tierische Abenteuer 🐾! Genießen die ruhigen Momente im Park mit meinem pelzigen Freund! #PawsomeWorld #PetLife #NatureLover;storage/photos/2/137.webp;2024-07-13 21:43:10;2024-07-13 21:43:10
138;34;📸 Ein kleiner botanischer Fokusmoment im Garten. 🌿 #FrameIt #NaturPur #InstaShot;storage/photos/2/138.webp;2024-07-13 21:43:10;2024-07-13 21:43:10
139;34;🌿 Gerade den perfekten Moment im Gewächshaus festgehalten! 📸 Die Schönheit der Natur ist einfach atemberaubend. #FrameIt #Schnappschuss #GrünerDaumen;storage/photos/2/139.webp;2024-07-13 21:43:10;2024-07-13 21:43:10
140;34;🌿 Neue Pflanze im Garten entdeckt! So viel Freude beim Gärtnern. 🌱 #Grünerdaumen #Gartenliebe #NaturPur;storage/photos/2/140.webp;2024-07-13 21:43:10;2024-07-13 21:43:10
141;34;Die Magie der Natur durch die Linse einfangen 🌿📸 #Schnappschuss #InstaShot #NaturPur;storage/photos/2/141.webp;2024-07-13 21:43:10;2024-07-13 21:43:10
142;34;Die Farben und Details dieser Pflanze kommen auf meinem neuen Foto besonders gut zur Geltung! 🌿📸 #InstaShot #FrameIt #GrünerDaumen;storage/photos/2/142.webp;2024-07-13 21:43:10;2024-07-13 21:43:10
143;34;Gartenarbeit an einem sonnigen Tag ☀️🌱 Nichts ist besser als neue Pflanzen zu pflegen und ihnen beim Wachsen zuzusehen. #UrbanJungle #Grünerdaumen #Gartenliebe;storage/photos/2/143.webp;2024-07-13 21:43:10;2024-07-13 21:43:10
144;34;Frische neue Grüße aus dem Garten 🌿! Dieser kleine Freund bringt Leben in die grüne Oase. #Grünerdaumen #Gartenliebe #Entspannung;storage/photos/2/144.webp;2024-07-13 21:43:10;2024-07-13 21:43:10
145;34;Ein neues Fotoabenteuer im Garten 📸 Die Farben und Details dieser Pflanze sind einfach unglaublich! #InstaShot #FrameIt #BotanicalLove;storage/photos/2/145.webp;2024-07-13 21:43:10;2024-07-13 21:43:10
146;34;Grüne Oase im urbanen Dschungel 🌿🌱 #PlantParent #Gartenliebe #GrünerDaumen;storage/photos/2/146.webp;2024-07-13 21:43:10;2024-07-13 21:43:10
147;34;"Immer unterwegs, um das perfekte Foto zu schießen! 📸🌿 Heute im Gewächshaus mit meinem Lieblingssaftling. #Schnappschuss #InstaShot #GrünerDaumen";storage/photos/2/147.webp;2024-07-13 21:43:10;2024-07-13 21:43:10
148;35;"Politik beginnt im Kleinen 🌱 Heute spreche ich über die Kraft der Veränderung, die in unseren Händen liegt. #PolitikInteresse #ZukunftGestalten #VisionenUmsetzen";storage/photos/2/148.webp;2024-07-13 21:43:10;2024-07-13 21:43:10
149;35;Zwischen den grünen Blättern und bunten Blüten entfaltet sich die volle Pracht der Natur 🌸🌿 So viel Freude im Garten! #Gartenliebe #UrbanJungle #NaturPur;storage/photos/2/149.webp;2024-07-13 21:43:10;2024-07-13 21:43:10
150;35;"Mit jeder neuen Idee 🌱 wächst der Wandel, den unsere Gemeinschaft braucht. Ein Schritt zur Veränderung 📊 #PolitikInteresse #YouthVoice #Ideenkraft";storage/photos/2/150.webp;2024-07-13 21:43:10;2024-07-13 21:43:10
151;36;Nach dem Training mein Lieblings-Dribbling perfektioniert ⚽️🔥 Ready für den nächsten Gegner! #GoalGetter #SoccerLife #TrainingDay;storage/photos/2/151.webp;2024-07-13 21:43:10;2024-07-13 21:43:10
152;36;Perfekte Dribblings unter blauem Himmel 🌞⚽️ #Fußballliebe #SoccerLife #TrainingGoals;storage/photos/2/152.webp;2024-07-13 21:43:10;2024-07-13 21:43:10
153;36;"Nach einem aufregenden Dribbling-Spiel am Nachmittag, bin ich bereit, mein nächstes großes Ziel zu erreichen! ⚽️👓 #GoalGetter #SoccerLife #DreamBig";storage/photos/2/153.webp;2024-07-13 21:43:10;2024-07-13 21:43:10
154;36;Tief in die Welt der Code-Zeilen eintauchen 💻👓 #Innovationsfreude #TechJunkie #FutureCoder;storage/photos/2/154.webp;2024-07-13 21:43:10;2024-07-13 21:43:10
155;36;Neue Gadgets entdecken und testen 💻🔧 #Technikbegeistert #TechLife #Innovation;storage/photos/2/155.webp;2024-07-13 21:43:10;2024-07-13 21:43:10
156;37;"🎸 Jamming im Park, mein Band-Tee repräsentiert! 🌳 Rock on! 🤘 #Musikliebhaber #MusicIsLife #AlternativeVibes";storage/photos/2/156.webp;2024-07-13 21:43:10;2024-07-13 21:43:10
157;38;🐟 Gerade das beste Training absolviert und bereit für mehr! #SwimSquad #Schwimmstar #LifeAmPool;storage/photos/2/157.webp;2024-07-13 21:43:10;2024-07-13 21:43:10
158;38;"Heute am Beckenrand 📸🌊 Fühlt sich großartig, die Schwimmeinheit gemeistert zu haben! #SwimSquad #Wasserratte #PoolLife";storage/photos/2/158.webp;2024-07-13 21:43:10;2024-07-13 21:43:10
159;38;Gleich nach dem Training noch ein schneller Sprung ins kühle Nass! 🌊🤘 #Wasserratte #PoolVibes #SchwimmLeben;storage/photos/2/159.webp;2024-07-13 21:43:10;2024-07-13 21:43:10
160;38;Neue Bestzeit im Anmarsch 🏅🌊 #SwimSquad #PoolVibes #ChasingDreams;storage/photos/2/160.webp;2024-07-13 21:43:10;2024-07-13 21:43:10
161;39;Podiumsdiskussion rocken in meinem Vintage-Bandshirt! ✌️ #GenZ4Change #PolitikInteresse #JugendEngagement;storage/photos/2/161.webp;2024-07-13 21:43:10;2024-07-13 21:43:10
162;39;Demokratie braucht neue Ideen 🗳️✨ #ZukunftGestalten #GenZ4Change #PolitikLieben;storage/photos/2/162.webp;2024-07-13 21:43:10;2024-07-13 21:43:10
163;39;"Der Gedanke ist wie ein Schmetterling 🦋, der in den unendlichen Weiten des Geistes fliegt. #Denkerseele #Philosophieren #Gedankengang";storage/photos/2/163.webp;2024-07-13 21:43:10;2024-07-13 21:43:10
164;40;Ein Tag auf dem Trail 🥾🌲 Entdeckungen im Wald machen und die Natur genießen. #Wanderlust #TrailBlazer #NaturPur;storage/photos/2/164.webp;2024-07-13 21:43:10;2024-07-13 21:43:10
165;40;Abenteuer im Wald heute 🌳🕵️‍♂️ Sichere ein weiteres Kapitel meiner Wander-Geschichte. #TrailBlazer #HikingVibes #NatureLover;storage/photos/2/165.webp;2024-07-13 21:43:10;2024-07-13 21:43:10
166;40;"Mirror, mirror in the woods... Spotted this hidden gem while hiking! 🥾🌲 #HikingVibes #Wanderlust #NatureLover";storage/photos/2/166.webp;2024-07-13 21:43:10;2024-07-13 21:43:10
167;40;"Immer auf der Suche nach dem nächsten Abenteuer 🥾. Heute war es der perfekte Tag, um neue Pfade im Wald zu erkunden 🌲. #HikingVibes #Naturliebhaber #Abenteuer";storage/photos/2/167.webp;2024-07-13 21:43:10;2024-07-13 21:43:10
168;40;"Mystischer Weg durch den Wald 🌲✨ Man weiß nie, welche Abenteuer auf einen warten! #TrailBlazer #Wanderlust #Adventure";storage/photos/2/168.webp;2024-07-13 21:43:10;2024-07-13 21:43:10
169;40;Immer auf der Suche nach neuen Abenteuern 🌲🥾 Heute entdecke ich geheimnisvolle Pfade im Wald 🌳 #HikingVibes #Wanderlust #NatureLover;storage/photos/2/169.webp;2024-07-13 21:43:10;2024-07-13 21:43:10
170;41;Vor jedem Spiel ein kleiner Moment der Ruhe 🎾✨ #Tennisass #Aufschlag #NextLevel;storage/photos/2/170.webp;2024-07-13 21:43:10;2024-07-13 21:43:10
171;41;Einfach stylisch 🕶️✨ - das perfekte Outfit für den Herbst! #Modetrends #OOTD #FashionInspo;storage/photos/2/171.webp;2024-07-13 21:43:10;2024-07-13 21:43:10
172;41;Mit jedem Aufschlag verliere ich mich im Spiel 🎾🌟 #ServingLooks #Tennisass #GameOn;storage/photos/2/172.webp;2024-07-13 21:43:10;2024-07-13 21:43:10
173;41;Echter Streetstyle inspiriert von Vintage-Trends. 🌟🎒 #Fashionista #OOTD #VintageVibes;storage/photos/2/173.webp;2024-07-13 21:43:10;2024-07-13 21:43:10
174;42;Level up! 🎮 Heute ging's auf die Jagd nach neuen Highscores im Berliner Untergrund. ✌️ #GameOn #Zocken #BerlinVibes;storage/photos/2/174.webp;2024-07-13 21:43:10;2024-07-13 21:43:10
175;42;Die Nacht durchgezockt und den neuen Highscore geknackt! 🕹️✌️ #LevelUpLife #GamerLife #BerlinNights;storage/photos/2/175.webp;2024-07-13 21:43:10;2024-07-13 21:43:10
176;42;Neue Strategie für den Endboss 📈🕹️ Ein weiterer Schritt zur Gaming-Herrschaft! #LevelUpLife #Zocken #GamingCommunity;storage/photos/2/176.webp;2024-07-13 21:43:10;2024-07-13 21:43:10
177;42;Level up in der virtuellen Welt 🌍🎮. Mal wieder vor der Konsole in Berlin am Zocken! #GameOn #Zocken #BerlinLife;storage/photos/2/177.webp;2024-07-13 21:43:10;2024-07-13 21:43:10
178;42;Ein weiterer Sieg in der Tasche 🎮🕹️ #Zocken #GameOn #Berlin;storage/photos/2/178.webp;2024-07-13 21:43:10;2024-07-13 21:43:10
179;42;Einsamer Sieg in der Dunkelheit 🎮🕹️ #Gamerlife #LevelUpLife #SoloMission;storage/photos/2/179.webp;2024-07-13 21:43:10;2024-07-13 21:43:10
180;42;Finaler Bosskampf 🔥🕹️ #GameOn #Zocken #EpicBattle;storage/photos/2/180.webp;2024-07-13 21:43:10;2024-07-13 21:43:10
181;42;"Die Sonne geht unter, aber das Game ist noch lange nicht vorbei... 🎮✨ #LevelUpLife #GameOn #BerlinVibes";storage/photos/2/181.webp;2024-07-13 21:43:10;2024-07-13 21:43:10
182;43;👔 Heute habe ich meinen Sprachkurs in der Innenstadt abgeschlossen! 🌍 #Weltsprachen #Sprachtalent #Lernen;storage/photos/2/182.webp;2024-07-13 21:43:10;2024-07-13 21:43:10
183;43;Zurück von meinem Sprachkurs mit neuen Vokabeln im Gepäck! 📝✨ #LanguageNinja #PolyglotLife #Sprachmagie;storage/photos/2/183.webp;2024-07-13 21:43:10;2024-07-13 21:43:10
184;43;Neue Vokabeln lernen und direkt anwenden! 🌍📖 #LanguageNinja #Sprachtalent #Weltentdecker;storage/photos/2/184.webp;2024-07-13 21:43:10;2024-07-13 21:43:10
185;43;"Neue Stadt, neues Abenteuer 🌆✈️ #AdventureAwaits #Weltenbummler";storage/photos/2/185.webp;2024-07-13 21:43:10;2024-07-13 21:43:10
186;43;Sprachenlernen mitten im Trubel der Stadt 🌆✍️ #Sprachtalent #Weltsprachen #Sprachenliebe;storage/photos/2/186.webp;2024-07-13 21:43:10;2024-07-13 21:43:10
187;43;Lese neue Wörter in einer fremden Stadt 📚😁 #Weltenbummler #Reisefieber #StädteErkunden;storage/photos/2/187.webp;2024-07-13 21:43:10;2024-07-13 21:43:10
188;43;Städtisches Abenteuer 🌆✈️ Die nächste Etappe meiner Reise startet hier! #Weltenbummler #AdventureAwaits #Cityscape;storage/photos/2/188.webp;2024-07-13 21:43:10;2024-07-13 21:43:10
189;43;Zwischen den Sprachen dieser Stadt fühle ich mich lebendig 🌍✨ #PolyglotLife #LanguageNinja #Reisefieber;storage/photos/2/189.webp;2024-07-13 21:43:10;2024-07-13 21:43:10
190;43;"Reisen macht nicht nur schlau, sondern auch glücklich! 😊📚 In den Straßen einer neuen Stadt, wo jedes Detail zum Abenteuer wird 🌍 #Reisefieber #TravelGram #Entdecker";storage/photos/2/190.webp;2024-07-13 21:43:10;2024-07-13 21:43:10
191;44;"Letztes Training vorm großen Spiel! ⚽️ Immer fokussiert, immer bereit. 🌟 #GoalGetter #SoccerLife #Vorbereitung";storage/photos/2/191.webp;2024-07-13 21:43:10;2024-07-13 21:43:10
192;44;Ein Moment der Ruhe vor dem nächsten großen Angriff auf dem Spielfeld. 🕶️⚽ #GoalGetter #Torjäger #VintageVibes;storage/photos/2/192.webp;2024-07-13 21:43:10;2024-07-13 21:43:10
193;44;Nur der Ball und das Tor zählen. 🌟 Jeder Schuss ein Treffer. #SoccerLife #GoalGetter #FußballLiebe;storage/photos/2/193.webp;2024-07-13 21:43:10;2024-07-13 21:43:10
194;44;Spielvorbereitung ist alles. Letzter Feinschliff vor dem großen Matchday! 🌟⚽️ #Torjäger #GoalGetter #Matchday;storage/photos/2/194.webp;2024-07-13 21:43:10;2024-07-13 21:43:10
195;45;Einfach mal den Dreier versenkt 🏀✨ #Basketballfieber #HoopDreams #PlayHard;storage/photos/2/195.webp;2024-07-13 21:43:10;2024-07-13 21:43:10
196;45;Immer auf dem nächsten Trail 🥾 Natur erkunden und einfach die Seele baumeln lassen 🌲 #TrailBlazer #HikingVibes #NatureLover;storage/photos/2/196.webp;2024-07-13 21:43:10;2024-07-13 21:43:10
197;45;Nach einem intensiven Spiel 🏀 an der frischen Luft tanken 🌳! Diese Bäume sind fast so hoch wie meine Sprungkraft. #Basketballfieber #Korbwerfer #FrischeLuft;storage/photos/2/197.webp;2024-07-13 21:43:10;2024-07-13 21:43:10
198;45;"Heute war der perfekte Tag, um an meinem Dreier zu arbeiten 🏀 Die Sonne im Rücken und der Korb direkt vor mir #BballAddict #Basketballfieber #GameTime";storage/photos/2/198.webp;2024-07-13 21:43:10;2024-07-13 21:43:10
199;45;Das erste Training der Saison startet mit einem aufregenden Dribbel-Workout im Park! 🏀🌳 #Basketballfieber #Korbwerfer #SportMotivation;storage/photos/2/199.webp;2024-07-13 21:43:10;2024-07-13 21:43:10
200;45;Gerade beim Training 💪🏀 Die Natur gibt mir extra Energie! 🌳 #BballAddict #Korbwerfer #BasketballLover;storage/photos/2/200.webp;2024-07-13 21:43:10;2024-07-13 21:43:10
201;46;Vor dem großen Spiel: das legendäre Fußballtor 🥅🔝 #GoalGetter #Torjäger #FußballLeben;storage/photos/2/201.webp;2024-07-13 21:43:10;2024-07-13 21:43:10
202;46;Ein epischer Moment auf dem Spielfeld ⚽️🔥 #Fußballliebe #Torjäger #Traumtor;storage/photos/2/202.webp;2024-07-13 21:43:10;2024-07-13 21:43:10
203;46;"Neue Saison, neues Level! ⚽️🔥 Schweißtreibende Trainingseinheit für den nächsten Sturmlauf auf dem Platz. #Torjäger #GoalGetter #TrainingSession";storage/photos/2/203.webp;2024-07-13 21:43:10;2024-07-13 21:43:10
204;46;Mit jedem Tor näher am Traum! ⚽️🔥 #GoalGetter #SoccerLife #FutureChampion;storage/photos/2/204.webp;2024-07-13 21:43:10;2024-07-13 21:43:10
205;46;"Manchmal gibt's nur eine Chance, um das Spiel zu verändern! ⚽️🔥 #Torjäger #SoccerLife #Unbezähmbar";storage/photos/2/205.webp;2024-07-13 21:43:10;2024-07-13 21:43:10
206;47;Dieses urbane Meisterwerk zeigt die Kunst der Stadtfotografie 📷✨ #InstaShot #Fotoliebe #UrbanVibes;storage/photos/2/206.webp;2024-07-13 21:43:10;2024-07-13 21:43:10
207;47;Das kristallklare Wasser und die Wellen sprechen ihre eigene Sprache 🌊🏊‍♂️ Hier finde ich meinen Frieden und Energie. #Schwimmstar #WasserLiebe;storage/photos/2/207.webp;2024-07-13 21:43:10;2024-07-13 21:43:10
208;47;"Fange den Moment ein 📸✨ Auf Streifzug durch die Stadt, immer bereit für den nächsten #Schnappschuss in meinem stylishen Outfit. #FrameIt #FotografieLeben";storage/photos/2/208.webp;2024-07-13 21:43:10;2024-07-13 21:43:10
209;47;✨ Blenden der Stadt mit jeder Aufnahme! 📸 Die Straßen sind meine Leinwand. #InstaShot #FrameIt #UrbanPhotography;storage/photos/2/209.webp;2024-07-13 21:43:10;2024-07-13 21:43:10
210;47;Heute das perfekte Gleiten im Wasser geübt 🏊‍♂️🌊 #Schwimmstar #Wasserratte #Training;storage/photos/2/210.webp;2024-07-13 21:43:10;2024-07-13 21:43:10
211;47;Licht und Schatten spielen perfekt zusammen 🌇✨ #Fotoliebe #Schnappschuss;storage/photos/2/211.webp;2024-07-13 21:43:10;2024-07-13 21:43:10
212;47;Stilvoll in der Stadt unterwegs und schon den nächsten Schnappschuss im Visier 📸✨ #Fotoliebe #Schnappschuss #UrbanArt;storage/photos/2/212.webp;2024-07-13 21:43:10;2024-07-13 21:43:10
216;49;"Push it to the limit 💥 Kein Schmerz, kein Gewinn. #SweatySelfie #Fitnessjunkie #GymLife";storage/photos/2/216.webp;2024-07-13 21:43:10;2024-07-13 21:43:10
217;50;Erster Aufschlag der Saison und gleich ein Ass! 🎾😎 #Aufschlag #Tennisass #Tennisliebe;storage/photos/2/217.webp;2024-07-13 21:43:10;2024-07-13 21:43:10
218;50;"Auf geht's zur nächsten Wanderung! 🥾 Die Sonne strahlt, und die Natur ruft. #Wanderlust #Naturliebhaber #AbenteuerLeben";storage/photos/2/218.webp;2024-07-13 21:43:10;2024-07-13 21:43:10
219;50;"Kurze Pause von der Schule, ab in die Natur! 🌲 Mit jedem Schritt näher am nächsten Abenteuer! 🗺️ #Naturliebhaber #HikingVibes #Abenteurer";storage/photos/2/219.webp;2024-07-13 21:43:10;2024-07-13 21:43:10
220;50;Die frische Bergluft fühlte sich heute besonders gut an! 🌲🏞️ #HikingVibes #Naturliebhaber #Abenteuerlust;storage/photos/2/220.webp;2024-07-13 21:43:10;2024-07-13 21:43:10
221;50;Auf den Wanderwegen die Natur genießen 😎🌳 #TrailBlazer #HikingVibes #OutdoorFun;storage/photos/2/221.webp;2024-07-13 21:43:10;2024-07-13 21:43:10
222;50;Auf dem neuesten Trail unterwegs 🏞️. Die frische Luft und die Berge sind einfach unschlagbar 🌲. #Wanderlust #TrailBlazer #AdventureTime;storage/photos/2/222.webp;2024-07-13 21:43:10;2024-07-13 21:43:10
223;50;Wanderabenteuer in Aktion! 🌲🚶‍♂️ Immer auf der Suche nach neuen Trails. #Wanderlust #TrailBlazer #OutdoorAdventures;storage/photos/2/223.webp;2024-07-13 21:43:10;2024-07-13 21:43:10
224;51;Einen Moment innehalten und nachdenken 🤔🌆. Philosophie in der Stadt - die besten Gedanken entstehen auf den Straßen. #DeepThoughts #WisdomSeeker #UrbanThinker;storage/photos/2/224.webp;2024-07-13 21:43:10;2024-07-13 21:43:10
225;51;"In den Straßen der Stadt, auf der Suche nach der tiefen Wahrheit 🖤 #Denkerseele #Philosophieren #Stadtgedanken";storage/photos/2/225.webp;2024-07-13 21:43:10;2024-07-13 21:43:10
226;51;Reflexionen im Herzen der Stadt 🌍📚 #Philosophieren #Denkerseele #Tiefgang;storage/photos/2/226.webp;2024-07-13 21:43:10;2024-07-13 21:43:10
227;51;"Manchmal braucht man nur einen Moment, um tief nachzudenken und den Sinn des Lebens zu hinterfragen. 🧠💭 #WisdomSeeker #DeepThoughts #UrbanPhilosopher";storage/photos/2/227.webp;2024-07-13 21:43:10;2024-07-13 21:43:10
228;51;Zwischen den alten Mauern der Stadt entdeckte ich die Weisheit der Vergangenheit 📜🌟 #DeepThoughts #WisdomSeeker #PhilosophyLyfe;storage/photos/2/228.webp;2024-07-13 21:43:10;2024-07-13 21:43:10
229;51;📚 Vertieft in Gedanken über die Straßen der Stadt schlendern. Das Leben ist die beste Philosophie. #DeepThoughts #Philosophieren #UrbanVibes;storage/photos/2/229.webp;2024-07-13 21:43:10;2024-07-13 21:43:10
230;51;"In tiefen Gedanken versunken 🧠, während ich durch die Stadt streife und philosophische Inspiration sammele. #DeepThoughts #WisdomSeeker #UrbanPhilosophy";storage/photos/2/230.webp;2024-07-13 21:43:10;2024-07-13 21:43:10
231;51;🌞 Eine verlassene Bank unter einem alten Baum gibt Raum für Gedanken. Die Natur spricht ihre eigene Philosophie. 🍃 #WisdomSeeker #DeepThoughts #NaturePhilosophy;storage/photos/2/231.webp;2024-07-13 21:43:10;2024-07-13 21:43:10
232;51;"Ein weiterer Tag, an dem ich versuche, die Geheimnisse des Seins zu entschlüsseln 🤔🧠 #DeepThoughts #Philosophieren #UrbanWisdom";storage/photos/2/232.webp;2024-07-13 21:43:10;2024-07-13 21:43:10
233;52;"Tennis, Sonne und gute Laune 🎾😊 Nach einem herausfordernden Match auf dem Platz! #CourtCrush #Aufschlag #Tennis";storage/photos/2/233.webp;2024-07-13 21:43:10;2024-07-13 21:43:10
234;52;"Bevor ich meinen Tennisschläger schwinge, sammele ich Plastikflaschen auf dem Platz! 🌱♻️ #Nachhaltigleben #SaveThePlanet #Umweltfreundlich";storage/photos/2/234.webp;2024-07-13 21:43:10;2024-07-13 21:43:10
235;52;"Heute Müll gesammelt und recycelt 🌍♻️. Kleine Schritte, große Wirkung! #Umweltschützer #SaveThePlanet #Nachhaltigkeit";storage/photos/2/235.webp;2024-07-13 21:43:10;2024-07-13 21:43:10
236;52;"Ein sonniger Nachmittag auf dem Tennisplatz 🌞🎾 Immer wieder beeindruckend, wie ein guter Aufschlag den ganzen Tag verbessern kann! #CourtCrush #Aufschlag #TennisLover";storage/photos/2/236.webp;2024-07-13 21:43:10;2024-07-13 21:43:10
237;52;"Kleine Pause auf dem Tennisplatz, um über die nächste Umweltaktion nachzudenken 🌿 #SaveThePlanet #Umweltschützer #GreenWarrior";storage/photos/2/237.webp;2024-07-13 21:43:10;2024-07-13 21:43:10
238;53;Lässiger Spaziergang durch die Stadt 🌆👕 Immer auf der Suche nach dem nächsten Style-Highlight ✨ #Fashionista #StyleGame #UrbanChic;storage/photos/2/238.webp;2024-07-13 21:43:10;2024-07-13 21:43:10
239;53;Lässig und zeitlos 🕶️ Perfekt für jeden Anlass #Modetrends #StyleGame #ClassicChic;storage/photos/2/239.webp;2024-07-13 21:43:10;2024-07-13 21:43:10
240;53;Den Moment genießen und den neuen Casual-Look rocken 👕💫 Zeitlose Klassiker in einem modernen Twist! #Fashionista #Modetrends #VintageVibes;storage/photos/2/240.webp;2024-07-13 21:43:10;2024-07-13 21:43:10
241;53;Ein entspannter Spaziergang durch die Stadt und dabei die Vintage-Vibes genießen 🌆👕 #Fashionista #StyleGame #CasualChic;storage/photos/2/241.webp;2024-07-13 21:43:10;2024-07-13 21:43:10
242;53;"Neuer Tag, neuer Style 🌟 Heute unterwegs und auf der Jagd nach den besten Vintageschnäppchen #Modetrends #OOTD #CasualChic";storage/photos/2/242.webp;2024-07-13 21:43:10;2024-07-13 21:43:10
243;54;"Manchmal reicht ein ernster Blick, um den Geist tiefer zu ergründen. 🌌😶 #Philosophieren #DeepThoughts #InnereReise";storage/photos/2/243.webp;2024-07-13 21:43:10;2024-07-13 21:43:10
244;54;Die Welt hinterfragen und in den Tiefen der Gedanken versinken 🌌📚. Spazieren durch die Stadt auf der Suche nach Weisheit. #Denkerseele #DeepThoughts #Philosophie;storage/photos/2/244.webp;2024-07-13 21:43:10;2024-07-13 21:43:10
245;54;Licht und Schatten – die ewige Balance 🎭✨ #Fotoliebe #InstaShot #KontrastKunst;storage/photos/2/245.webp;2024-07-13 21:43:10;2024-07-13 21:43:10
246;54;Streife durch die Stadt mit meiner Kamera: Jede Aufnahme ein stilles Gedicht 📸🌆 #FrameIt #InstaShot #UrbanPhotography;storage/photos/2/246.webp;2024-07-13 21:43:10;2024-07-13 21:43:10
247;55;Ein Blatt fällt und beginnt einen neuen Kreislauf 🍃 Jedes kleine Stück zählt 🌱 #SaveThePlanet #GreenLiving #Nachhaltigkeit;storage/photos/2/247.webp;2024-07-13 21:43:10;2024-07-13 21:43:10
248;55;Echte Kunst entsteht aus Leidenschaft 🎨✨ Ein Stück Natur in jedem Pinselstrich. #ArtVibes #Kreativkopf #NachhaltigeKunst;storage/photos/2/248.webp;2024-07-13 21:43:10;2024-07-13 21:43:10
249;55;Wenn Kunst und Natur verschmelzen 🎨🌳 #Kreativkopf #ArtVibes #Naturliebe;storage/photos/2/249.webp;2024-07-13 21:43:10;2024-07-13 21:43:10
250;55;"Schütze, was uns am Herzen liegt 🌍💕 Heute im Park Bäume pflanzen, weil jeder Schritt zählt. #Umweltschützer #GreenLiving #NatureLover";storage/photos/2/250.webp;2024-07-13 21:43:10;2024-07-13 21:43:10
251;55;Neue Bäume pflanzen für eine grünere Zukunft 🌱💪 #Nachhaltigleben #Umweltschützer #GrünIstDieHoffnung;storage/photos/2/251.webp;2024-07-13 21:43:10;2024-07-13 21:43:10
252;56;"🎮 Peacing out nach einem intensiven Gaming-Marathon! ✌️ Level 14 erreicht, nächster Stop: Highscore! 🏆 #Gamerlife #LevelUpLife #PeaceOut";storage/photos/2/252.webp;2024-07-13 21:43:10;2024-07-13 21:43:10
253;56;Nach einem intensiven Gaming-Abend 🕹️ entspanne ich mich in meinem Vintage-Gamer-Shirt. 🖖 #Zocken #GameOn #GamingLife;storage/photos/2/253.webp;2024-07-13 21:43:10;2024-07-13 21:43:10
254;56;"Level up, one game at a time 🎮✨ #GameOn #LevelUpLife #GamingVibes";storage/photos/2/254.webp;2024-07-13 21:43:10;2024-07-13 21:43:10
255;57;Zwischen den Zeilen entdecke ich meine Welt 🌍📖 #Bookstagram #Bücherwurm #LiteraturLiebe;storage/photos/2/255.webp;2024-07-13 21:43:10;2024-07-13 21:43:10
256;57;Ein ruhiger Moment mit einem Klassiker in der Hand 📖✨ #PageTurner #Bücherwurm #LesenIstLeben;storage/photos/2/256.webp;2024-07-13 21:43:10;2024-07-13 21:43:10
257;57;📖 Eine neue Welt entfaltet sich auf jeder Seite. Geheimnisse warten darauf entdeckt zu werden... #PageTurner #Leseratte #Bücherliebe;storage/photos/2/257.webp;2024-07-13 21:43:10;2024-07-13 21:43:10
258;57;Momente des Zweifelns beim Lesen eines Klassikers 📖✨ #Leseratte #LiteraturWelt #Bücherwurm;storage/photos/2/258.webp;2024-07-13 21:43:10;2024-07-13 21:43:10
259;57;Mit jedem Umblättern öffnet sich ein neues Universum 🌌📚 #PageTurner #Leseratte #BücherLiebe;storage/photos/2/259.webp;2024-07-13 21:43:10;2024-07-13 21:43:10
260;57;Ein gutes Buch und eine heiße Tasse Tee – was will man mehr? ☕📚 #Bücherwurm #PageTurner #Lesegenuss;storage/photos/2/260.webp;2024-07-13 21:43:10;2024-07-13 21:43:10
261;58;Das urbane Chaos perfekt eingefangen 🎥 Mit meiner Kamera durch die Straßen ziehen und Momente verewigen. #Schnappschuss #InstaShot #StreetPhotography;storage/photos/2/261.webp;2024-07-13 21:43:10;2024-07-13 21:43:10
262;58;Licht und Schatten finden ihren Tanz. 🌆📸 #Schnappschuss #Fotoliebe #UrbanVibes;storage/photos/2/262.webp;2024-07-13 21:43:10;2024-07-13 21:43:10
263;58;Laufe durch die Straßen und entdecke die verborgenen Winkel der Stadt 🌆👁️. Mit meiner Kamera in der Hand halte ich das urbane Chaos fest. #InstaShot #Schnappschuss #UrbanExplorer;storage/photos/2/263.webp;2024-07-13 21:43:10;2024-07-13 21:43:10
264;58;"Wenn man durch die Linse schaut, wird jede urbane Ecke zu einem Kunstwerk 🖼️📸 #InstaShot #Schnappschuss #StreetPhotography";storage/photos/2/264.webp;2024-07-13 21:43:10;2024-07-13 21:43:10
265;58;Erkunde die urbanen Ecken auf der Suche nach dem perfekten Shot 📸. Die Stadt ist meine Leinwand 🏙️. #Fotoliebe #InstaShot #UrbanExploration;storage/photos/2/265.webp;2024-07-13 21:43:10;2024-07-13 21:43:10
266;59;Level up! 🎮 Heute wird bis zum Morgengrauen gezockt. #Gamerlife #LevelUpLife #NerdZeit;storage/photos/2/266.webp;2024-07-13 21:43:10;2024-07-13 21:43:10
267;59;Level up am Wochenende! 🎮 Mit Pflanzen im Rücken und Controller in der Hand. #Zocken #GameOn #GartenGaming;storage/photos/2/267.webp;2024-07-13 21:43:10;2024-07-13 21:43:10
268;59;Leveln wie ein Boss und die nächste Stufe erreichen! 🚀 #Gamerlife #LevelUpLife #PixelPower;storage/photos/2/268.webp;2024-07-13 21:43:10;2024-07-13 21:43:10
269;59;Manchmal ist das Säen auch mit Tränen verbunden... aber es lohnt sich 🌱🌧️ #Grünerdaumen #PlantParent #Geduld;storage/photos/2/269.webp;2024-07-13 21:43:10;2024-07-13 21:43:10
270;59;Manchmal muss man einfach innehalten und den verwelkten Blättern lauschen 🍃 #Gartenliebe #Grünerdaumen #Neuanfang;storage/photos/2/270.webp;2024-07-13 21:43:10;2024-07-13 21:43:10
271;60;Das Laufwerk des Spiels 🏆 #SoccerLife #GoalGetter #EwigesTraining;storage/photos/2/271.webp;2024-07-13 21:43:10;2024-07-13 21:43:10
272;60;Perfekte Vorlage für den nächsten Freistoßtrainingsplatz gefunden ⚽️📘 #Torjäger #GoalGetter #training;storage/photos/2/272.webp;2024-07-13 21:43:10;2024-07-13 21:43:10
273;60;"Letzter Schliff vorm großen Spiel. Ganz die Ruhe bewahren, dann ist das Tor nur noch Formsache. 🧠💥 #Torjäger #Fußballliebe #Trainingstag";storage/photos/2/273.webp;2024-07-13 21:43:10;2024-07-13 21:43:10
274;61;"Neue Lieblings-Funktion, Poolside-Mode in meinem besten Outfit präsentieren! 🌊👕 #Modetrends #StyleGame #SommerVibes";storage/photos/2/274.webp;2024-07-13 21:43:10;2024-07-13 21:43:10
275;61;Chillin' am Pool bei strahlendem Sonnenschein 😎🌊 #PoolVibes #SummerFeels;storage/photos/2/275.webp;2024-07-13 21:43:10;2024-07-13 21:43:10
276;61;Die Wellen und das klare Wasser lassen mich träumen 🌊✨ #Wasserratte #SwimSquad #Sommerfeeling;storage/photos/2/276.webp;2024-07-13 21:43:10;2024-07-13 21:43:10
277;61;Neue Schwimmrekorde setzen im Sonnenschein 🌞🏊‍♂️ #Schwimmstar #Wasserratte #PoolLife;storage/photos/2/277.webp;2024-07-13 21:43:10;2024-07-13 21:43:10
278;61;"Sommer und Schwimmtraining 🏊‍♂️☀️! Neue Ausrüstung, voller Einsatz. #PoolVibes #SwimSquad #SummerReady";storage/photos/2/278.webp;2024-07-13 21:43:10;2024-07-13 21:43:10
279;62;Beim Schmökern in meiner Lieblingsbibliothek 📚 - die besten Abenteuer verstecken sich zwischen den Seiten! #Wissenshunger #BookNerd #Lesenliebe;storage/photos/2/279.webp;2024-07-13 21:43:10;2024-07-13 21:43:10
280;62;"In die Welt der Geschichten eintauchen 📚✨ Die Zeit bleibt stehen, wenn du im richtigen Buch versinkst. #ReadingIsCool #BookNerd #LostInABook";storage/photos/2/280.webp;2024-07-13 21:43:10;2024-07-13 21:43:10
281;62;Eintauchen in unbekannte Welten 🌌📚. Jeder Buchdeckel erzählt eine neue Geschichte. #Leseliebe #BookNerd #Bücherwurm;storage/photos/2/281.webp;2024-07-13 21:43:10;2024-07-13 21:43:10
282;62;In die Welten meiner Bücher abtauchen und alles um mich herum vergessen 📘✨ #Leseliebe #ReadingIsCool #BookNerd;storage/photos/2/282.webp;2024-07-13 21:43:10;2024-07-13 21:43:10
283;62;📚 In den Welten der Bücher werden Träume wahr! 🌟 #Wissenshunger #ReadingIsCool #Buchliebe;storage/photos/2/283.webp;2024-07-13 21:43:10;2024-07-13 21:43:10
284;63;Workout-Ambition am Morgen 💪🕒 Immer fokussiert auf das Ziel! Nichts toppt ein gutes Training unter freiem Himmel 🌿🤸‍♂️ #FitFam #Gymlife #MorningRoutine;storage/photos/2/284.webp;2024-07-13 21:43:10;2024-07-13 21:43:10
285;63;"Es fühlt sich großartig an, wenn das Hanteltraining im Freien perfekt läuft! 💪 #Fitnessjunkie #Gymlife #OutdoorWorkout";storage/photos/2/285.webp;2024-07-13 21:43:10;2024-07-13 21:43:10
286;63;Post-Workout-Strahlen 😁💪 Nichts fühlt sich besser an als eine Outdoor-Session im Park! #Fitnessjunkie #SweatySelfie #PositiveVibes;storage/photos/2/286.webp;2024-07-13 21:43:10;2024-07-13 21:43:10
287;64;Lerne gerade die faszinierende Welt der Sprachen kennen! 🌐📚 #PolyglotLife #LanguageNinja #Wortschatz;storage/photos/2/287.webp;2024-07-13 21:43:10;2024-07-13 21:43:10
288;64;"Sprachexperiment im Park! 🌳📚 Während ich mich auf meinen nächsten Übersetzungsslam vorbereite, genieße ich die frische Luft. #PolyglotLife #Sprachtalent #Übersetzung";storage/photos/2/288.webp;2024-07-13 21:43:10;2024-07-13 21:43:10
289;64;Sprachlern-Session im Park 🌳📖 Mit jedem Buch öffnet sich eine neue Welt! #Sprachtalent #Weltsprachen #AbenteuerImFreien;storage/photos/2/289.webp;2024-07-13 21:43:10;2024-07-13 21:43:10
290;64;✨ Auf der Bühne bringt jeder Moment Magie! 🌟 #StageLife #Bühnenzauber #TheaterMomente;storage/photos/2/290.webp;2024-07-13 21:43:10;2024-07-13 21:43:10
291;64;Sprachen im Park entdecken und dabei auf ein neues Abenteuer zusteuern 🌏📚 #LanguageNinja #Weltsprachen #AbenteuerLeben;storage/photos/2/291.webp;2024-07-13 21:43:10;2024-07-13 21:43:10
292;65;"Die Abenteuer beginnen oft am Gate 🌐, wo Träume in die Realität starten. #AdventureAwaits #Reisefieber ✈️";storage/photos/2/292.webp;2024-07-13 21:43:10;2024-07-13 21:43:10
293;65;"Abschiedsschmerz am Bahnhof, das nächste Abenteuer ruft 🚉🌍 #TravelGram #Reisefieber #WehmütigVerreisen";storage/photos/2/293.webp;2024-07-13 21:43:10;2024-07-13 21:43:10
294;65;Abschied nehmen und die Welt erobern 🌍🚆 Die nächste Station wartet schon... #Reisefieber #AdventureAwaits #NeuerHorizont;storage/photos/2/294.webp;2024-07-13 21:43:10;2024-07-13 21:43:10
295;65;"Auf dem Weg zu meinem nächsten Abenteuer 🌍✈️ Schon gespannt, was mich erwartet! #TravelGram #AdventureAwaits #ByeBye";storage/photos/2/295.webp;2024-07-13 21:43:10;2024-07-13 21:43:10
296;66;"Engagiert für eine bessere Zukunft, auch im Gym 💼🏋️‍♂️ Was denkt ihr über die politische Lage? #YouthVoice #ZukunftGestalten #Politik";storage/photos/2/296.webp;2024-07-13 21:43:10;2024-07-13 21:43:10
297;66;Workout-Time! 🏋️‍♂️ Volles Engagement im Gym. Bleibe stark und fokussiert! 💪 #SweatySelfie #Fitnessjunkie #GymLife;storage/photos/2/297.webp;2024-07-13 21:43:10;2024-07-13 21:43:10
298;66;"Ab in die nächste Runde! 🏋️‍♂️ Manchmal ist es hart, aber es lohnt sich. 💪 #SweatySelfie #Gymlife #FitnessMotivation";storage/photos/2/298.webp;2024-07-13 21:43:10;2024-07-13 21:43:10
299;66;"Nach dem heutigen Training 🏋️‍♂️ nachdenklich im Gym, aber bereit für die nächste Herausforderung! 💪 #SweatySelfie #Fitnessjunkie #NextLevel";storage/photos/2/299.webp;2024-07-13 21:43:10;2024-07-13 21:43:10
300;67;Laufen in der Natur 🏃‍♂️🌲. Nichts geht über den Runner's High im Morgenlicht! #MilesAndSmiles #RunnerHigh #OutdoorAdventures;storage/photos/2/300.webp;2024-07-13 21:43:10;2024-07-13 21:43:10
301;67;"Früh joggen im Wald 🌳🏃‍♂️ Perfekt, um den Kopf frei zu bekommen! 💪 #Laufliebe #Jogging #NatureRun";storage/photos/2/301.webp;2024-07-13 21:43:10;2024-07-13 21:43:10
302;67;Reisen und Laufen – die perfekte Kombi 🌍🏃‍♂️ Immer auf der Suche nach neuen Abenteuern! #Weltenbummler #Reisefieber #SportyExplorer;storage/photos/2/302.webp;2024-07-13 21:43:10;2024-07-13 21:43:10
303;67;Rio de Janeiro calling! 🏖️🌞 #AdventureAwaits #TravelGram #BeachVibes;storage/photos/2/303.webp;2024-07-13 21:43:10;2024-07-13 21:43:10
304;67;Sonnenuntergang am Strand von Rio 😆🌅 #TravelGram #Reisefieber #Reiselust;storage/photos/2/304.webp;2024-07-13 21:43:10;2024-07-13 21:43:10
305;68;"Intensiv am Coden, mit einem Lächeln im Gesicht 😄💻 #Codeliebe #TechWizard #NerdLife";storage/photos/2/305.webp;2024-07-13 21:43:10;2024-07-13 21:43:10
306;68;Ein neuer Bug fixen - Herausforderung akzeptiert! 😎 #HackathonHero #TechWizard #CodeLife;storage/photos/2/306.webp;2024-07-13 21:43:10;2024-07-13 21:43:10
307;68;Endlich den Bug geknackt! 💻 Jetzt geht’s ans nächste Projekt. #Codeliebe #HackathonHero #TechWunder;storage/photos/2/307.webp;2024-07-13 21:43:10;2024-07-13 21:43:10
308;69;Street Art Session heute 🧑‍🎨💙 Urbanes Flair und künstlerische Vibes. #Kreativkopf #ArtVibes #Düsseldorf;storage/photos/2/308.webp;2024-07-13 21:43:10;2024-07-13 21:43:10
309;69;Love this beat! 🎵🎧 #Musikliebhaber #MusicIsLife #UrbanVibes;storage/photos/2/309.webp;2024-07-13 21:43:10;2024-07-13 21:43:10
310;70;Erkunde die Stadt mit meinem neuen Hoodie 🏙️ Bin bereit für das nächste Abenteuer! 💪 #AdventureAwaits #Weltenbummler #UrbanExplorer;storage/photos/2/310.webp;2024-07-13 21:43:10;2024-07-13 21:43:10
311;70;Auf Entdeckungstour in der Stadt 🌇 #Weltenbummler #Reisefieber #Stadtabenteuer;storage/photos/2/311.webp;2024-07-13 21:43:10;2024-07-13 21:43:10
312;70;"Keine Filter nötig, wenn die News jeden Tag schärfer sind als mein Blick! 🤓📰 #StayWoke #NewsJunkie #UrbanVibes";storage/photos/2/312.webp;2024-07-13 21:43:10;2024-07-13 21:43:10
313;70;Unterwegs in der Stadt für die nächste große Reise 🌍📚 #Reisefieber #TravelGram #Abenteuer;storage/photos/2/313.webp;2024-07-13 21:43:10;2024-07-13 21:43:10
314;71;Gym-Time mit viel Spaß und alternativen Vibes 🏋️‍♂️💥 Schweißtreibendes Lieblings-Workout mit dem besten Soundtrack. #SweatySelfie #Fitnessjunkie #WorkoutRoutine;storage/photos/2/314.webp;2024-07-13 21:43:10;2024-07-13 21:43:10
315;71;"Kurze, aber knackige Squat-Session im Vintage-Look 💪👕 #SweatySelfie #Fitnessjunkie #VintageVibes";storage/photos/2/315.webp;2024-07-13 21:43:10;2024-07-13 21:43:10
316;71;Frisch aus der Gym-Session und trotzdem noch am Grinsen! 😜💪 #Fitnessjunkie #Gymlife #StayStrong;storage/photos/2/316.webp;2024-07-13 21:43:10;2024-07-13 21:43:10
317;71;Post-Workout-Face 😂 Nach dem Training gibt's nichts Besseres als ein bisschen Spaß! #Fitnessjunkie #FitFam #PostWorkout;storage/photos/2/317.webp;2024-07-13 21:43:10;2024-07-13 21:43:10
318;72;Ein Gedanke ist wie ein Tropfen im Ozean des Verstandes 🌊📚 #DeepThoughts #Philosophieren #Gedankenwelt;storage/photos/2/318.webp;2024-07-13 21:43:10;2024-07-13 21:43:10
319;72;🏊‍♂️ Tauchen in Gedanken und Wasser! 🌊 #SwimSquad #Wasserratte #Philoswimme;storage/photos/2/319.webp;2024-07-13 21:43:10;2024-07-13 21:43:10
320;72;Neuer Rekord im Pool 🏊‍♂️💦! Die sommerliche Sonne und der Sprung ins Wasser machen den Tag perfekt. #Schwimmstar #PoolVibes #SommerErfrischung;storage/photos/2/320.webp;2024-07-13 21:43:10;2024-07-13 21:43:10
321;72;"Ein sonniger Sommertag ☀️, der perfekte Moment, um sich im Pool abzukühlen 🌊 #Wasserratte #PoolVibes #Sommerfreude";storage/photos/2/321.webp;2024-07-13 21:43:10;2024-07-13 21:43:10
322;72;Ein Tag am Pool 🌞✨ #Wasserratte #Schwimmstar #Sommerfreude;storage/photos/2/322.webp;2024-07-13 21:43:10;2024-07-13 21:43:10
323;72;Ein Blick auf das Muster des Wassers 🌊 und schon beginnen die Gedanken zu fließen... #Denkerseele #WisdomSeeker #Gedankenreise;storage/photos/2/323.webp;2024-07-13 21:43:10;2024-07-13 21:43:10
324;73;"Eintauchen in eine neue Welt zwischen den Seiten 📖🌳 Ein guter Tag im Park: Hoodie an, Buch in der Hand und die Gedanken schweifen lassen. #PageTurner #Bücherwurm #LiteraturLiebhaber";storage/photos/2/324.webp;2024-07-13 21:43:10;2024-07-13 21:43:10
325;73;"Literatur im Herzen, sogar im Park. 📖🌳 Die besten Ideen kommen in Bewegung! #Bücherwurm #PageTurner #GedankenReise";storage/photos/2/325.webp;2024-07-13 21:43:10;2024-07-13 21:43:10
326;73;Ein neuer literarischer Schatz gefunden 📖✨#Bookstagram #Bücherwurm #Lesefreude;storage/photos/2/326.webp;2024-07-13 21:43:10;2024-07-13 21:43:10
327;73;"Ein verzaubertes Buch mitten im Herbstpark 🍂📖, das Abenteuer in sich birgt #Leseratte #Bücherwurm #Herbstmagie";storage/photos/2/327.webp;2024-07-13 21:43:10;2024-07-13 21:43:10
328;74;"🏞️ Endlich wieder die Freiheit spüren! Wenn die Welt dir ruft, folgst du ihr, wohin sie dich bringt. #Reisefieber #AdventureAwaits #Fernweh";storage/photos/2/328.webp;2024-07-13 21:43:10;2024-07-13 21:43:10
329;74;"Im alten Dorf erkunden 🌍✌️ Mal sehen, welches Abenteuer als nächstes ruft! #Weltenbummler #TravelGram #VintageVibes";storage/photos/2/329.webp;2024-07-13 21:43:10;2024-07-13 21:43:10
330;75;Die Zukunft ist grün 🌱💪 #SpeakUp #MachDenUnterschied;storage/photos/2/330.webp;2024-07-13 21:43:10;2024-07-13 21:43:10
331;75;Jeder kleine Schritt zählt 🌱💚 #Umweltschützer #Nachhaltigleben #Klimaschutz;storage/photos/2/331.webp;2024-07-13 21:43:10;2024-07-13 21:43:10
332;75;Jeder kleine Schritt zählt 🌱🌍. Den Wald sauber halten und die Natur schützen! #Umweltschützer #GreenLiving #Nachhaltigkeit;storage/photos/2/332.webp;2024-07-13 21:43:10;2024-07-13 21:43:10
333;75;Heute im Park Müll gesammelt und ein Zeichen gesetzt 🌳💪 Zusammen machen wir den Unterschied! #SpeakUp #MachDenUnterschied #Umweltschutz;storage/photos/2/333.webp;2024-07-13 21:43:10;2024-07-13 21:43:10
334;75;Heute im Park Müll aufgesammelt und dabei viele nette Leute getroffen! 🌿💪 #Umweltschützer #SaveThePlanet #GrünerDaumen;storage/photos/2/334.webp;2024-07-13 21:43:10;2024-07-13 21:43:10
335;75;"Schon mal überlegt, was für einen Unterschied ein einziges Stück Müll weniger machen kann? 🌱 Jeder kleine Schritt zählt! #JungerAktivist #BeTheChange #Umweltschutz";storage/photos/2/335.webp;2024-07-13 21:43:10;2024-07-13 21:43:10
336;75;Gemeinsam für den Umweltschutz 🌍💪 Kleine Schritte führen zu großen Veränderungen! 🌿 #Umweltschützer #Nachhaltigleben #NatureLovers;storage/photos/2/336.webp;2024-07-13 21:43:10;2024-07-13 21:43:10
337;75;Unsere Lieblingsbäume brauchen unseren Schutz 🌳🌲. Jeder kleine Schritt zählt! #MachDenUnterschied #SpeakUp #ProtectNature;storage/photos/2/337.webp;2024-07-13 21:43:10;2024-07-13 21:43:10
338;75;Im Park Müll gesammelt und dabei das schöne Wetter genossen 🌞 Hand in Hand für eine grünere Zukunft! ♻️🌱 #Umweltschützer #Nachhaltigleben #SaveThePlanet;storage/photos/2/338.webp;2024-07-13 21:43:10;2024-07-13 21:43:10
339;75;Heute im Wald beim Müllsammeln 🌱💪 #Umweltschützer #SaveThePlanet #GreenFuture;storage/photos/2/339.webp;2024-07-13 21:43:10;2024-07-13 21:43:10
340;76;"Ein kleiner Moment der Ruhe im urbanen Garten 🌿. Die Pflanzen finden ihren Weg zum Licht, genau wie wir. #Grünerdaumen #UrbanJungle #NaturVerbunden";storage/photos/2/340.webp;2024-07-13 21:43:10;2024-07-13 21:43:10
341;76;"Ein bisschen traurig, aber trotzdem am Kochen 🥺🍲 Manchmal ist die beste Therapie eine selbstgemachte Gemüsepfanne im eigenen Garten. #FoodieFeed #Kochliebe #Gartenglück";storage/photos/2/341.webp;2024-07-13 21:43:10;2024-07-13 21:43:10
342;77;Wenn der Bosskampf härter ist als erwartet... 😤🎧 #GameOn #Zocken #LevelUp;storage/photos/2/342.webp;2024-07-13 21:43:10;2024-07-13 21:43:10
343;77;Dieser Bosskampf war zu heftig! 🌌 Manchmal braucht man einfach einen Moment zum Durchatmen und die Taktik zu überdenken. #LevelUpLife #Gamerlife #PauseMoment;storage/photos/2/343.webp;2024-07-13 21:43:10;2024-07-13 21:43:10
344;77;Wenn das Level einen mal runterzieht. 🎧💔 #GameOn #LevelUpLife #NextTime;storage/photos/2/344.webp;2024-07-13 21:43:10;2024-07-13 21:43:10
345;77;Manchmal läuft's einfach nicht 🕹️ Aber aufgeben? Niemals! 💪 #Gamerlife #LevelUpLife #Perseverance;storage/photos/2/345.webp;2024-07-13 21:43:10;2024-07-13 21:43:10
346;77;"Noch mal Game Over 😓 Aber hey, kein Kampf ohne Kratzer! 🎮 #LevelUpLife #Gamerlife #NeverGiveUp";storage/photos/2/346.webp;2024-07-13 21:43:10;2024-07-13 21:43:10
347;77;Noch eine knappe Niederlage gegen den Boss... 😩 Aber die nächste Challenge wartet schon! 🎮 #LevelUpLife #GameOn #NieAufgeben;storage/photos/2/347.webp;2024-07-13 21:43:10;2024-07-13 21:43:10
348;77;Totale Konzentration beim Bossfight! 💥🎧 Wer kennt den Frust? #Gamerlife #LevelUpLife #GamingStruggles;storage/photos/2/348.webp;2024-07-13 21:43:10;2024-07-13 21:43:10
349;78;Manchmal sagt ein Bild mehr als tausend Worte. 🎨✨ #Kreativkopf #Kunstliebe #Inspiration;storage/photos/2/349.webp;2024-07-13 21:43:10;2024-07-13 21:43:10
350;78;"In der Ruhe des Ateliers, vertieft in meine Kunstwerke 🎨. Jeder Farbstrich erzählt eine Geschichte. #Kreativkopf #ArtVibes #Inspiration";storage/photos/2/350.webp;2024-07-13 21:43:10;2024-07-13 21:43:10
351;78;Zwischen Farben und Emotionen: Kreativität kennt kein Limit 🎨✨ #ArtVibes #Kreativkopf #TeenieArtist;storage/photos/2/351.webp;2024-07-13 21:43:10;2024-07-13 21:43:10
352;78;Im Aufschlag-Modus 🎾⛈️. Jeder Tennisball ist ein neuer Anfang. #Aufschlag #ServingLooks #CourtVibes;storage/photos/2/352.webp;2024-07-13 21:43:10;2024-07-13 21:43:10
353;78;"Kunst berührt die Seele, auch in melancholischen Momenten 🎨✨ #ArtVibes #Kunstliebe #Inspiration";storage/photos/2/353.webp;2024-07-13 21:43:10;2024-07-13 21:43:10
354;78;"Wenn der Tennisschläger auf den Sandboden trifft, entsteht etwas Magisches 🎾✨ #Tennisass #CourtCrush #InAction";storage/photos/2/354.webp;2024-07-13 21:43:10;2024-07-13 21:43:10
355;79;Entdecke die magische Natur der Berge 🌄🏔 #Weltenbummler #TravelGram #Abenteuer;storage/photos/2/355.webp;2024-07-13 21:43:10;2024-07-13 21:43:10
356;79;Neue Abenteuer warten! Mit meinem sportlichen Outfit und meiner blauen Lockenmähne unterwegs ins Unbekannte 🌍😎 #AdventureAwaits #TravelGram #Weltenbummler;storage/photos/2/356.webp;2024-07-13 21:43:10;2024-07-13 21:43:10
357;79;Fernweh pur! 🌏 Die Welt ruft und ich folge ihr! 🌲✈️ #TravelGram #Reisefieber #Abenteuer;storage/photos/2/357.webp;2024-07-13 21:43:10;2024-07-13 21:43:10
358;79;"Unterwegs im Wald, die Natur auf neuen Pfaden entdecken 🌲✨ #AdventureAwaits #Weltenbummler #NextStopNature";storage/photos/2/358.webp;2024-07-13 21:43:10;2024-07-13 21:43:10
359;79;Die Natur ruft und das Abenteuer wartet hinter jeder Kurve! 🌲✈️ #AdventureAwaits #Reisefieber #ExploreMore;storage/photos/2/359.webp;2024-07-13 21:43:10;2024-07-13 21:43:10
360;80;Sprachen lernen und dabei stylisch aussehen 👔📚 #LanguageNinja #Sprachtalent #LearningJourney;storage/photos/2/360.webp;2024-07-13 21:43:10;2024-07-13 21:43:10
361;80;🎮 Tauche ein in die Welt der magischen Pixel! Jeder Sieg bringt mich einen Schritt näher zum ultimativen Level-Up. #GameOn #Gamerlife #ReadyPlayerOne;storage/photos/2/361.webp;2024-07-13 21:43:10;2024-07-13 21:43:10
362;80;"Neue Sprache, neues Abenteuer! 🌍📚 Bereite mich auf meine Spanischprüfungen in dieser stylischen Aura vor. #Weltsprachen #PolyglotLife #Sprachlernen";storage/photos/2/362.webp;2024-07-13 21:43:10;2024-07-13 21:43:10
363;81;"🌱 In meinem Element, die Natur um mich herum! 🌿 #UrbanJungle #GrünerDaumen #NatureLover";storage/photos/2/363.webp;2024-07-13 21:43:10;2024-07-13 21:43:10
364;81;Gärtnern ist meine Therapie 🌿👖 #Grünerdaumen #UrbanJungle #Einfachmachen;storage/photos/2/364.webp;2024-07-13 21:43:10;2024-07-13 21:43:10
365;81;Diese seltene Orchidee hat endlich geblüht 🌸✨ #UrbanJungle #Grünerdaumen #Blütenwunder;storage/photos/2/365.webp;2024-07-13 21:43:10;2024-07-13 21:43:10
366;81;🌱 Nachmittage im Garten sind die besten! Gerade beim Umgraben meine neuen Pflänzchen entdeckt. Jetzt wird's richtig grün! 🌿 #Gartenliebe #UrbanJungle #GrünerDaumen;storage/photos/2/366.webp;2024-07-13 21:43:10;2024-07-13 21:43:10
367;81;Jeder Tag im Garten ist ein Abenteuer 🌿. Heute pflanze ich neue Exoten für mein Urban Jungle-Projekt. 🌱 #Grünerdaumen #UrbanJungle #PlantLife;storage/photos/2/367.webp;2024-07-13 21:43:10;2024-07-13 21:43:10
368;82;Die Welt durch meinen Sucher erkunden 📸 Heute habe ich die perfekte Lichtstimmung im Park eingefangen. #Fotoliebe #FrameIt #EntdeckeDieSchönheit;storage/photos/2/368.webp;2024-07-13 21:43:10;2024-07-13 21:43:10
369;82;"Nur du und deine Kamera 📸 Spüre, wie das Licht den Moment einfängt und alles in den Hintergrund stellt. #InstaShot #FrameIt #NaturalLight";storage/photos/2/369.webp;2024-07-13 21:43:10;2024-07-13 21:43:10
370;82;Auf der Suche nach dem perfekten Shot 📸 Nichts geht über natürliches Licht und spontane Momente! #Fotoliebe #InstaShot #Offenbarungen;storage/photos/2/370.webp;2024-07-13 21:43:10;2024-07-13 21:43:10
371;83;"Heute auf dem Protestmarsch, weil Schweigen keine Option ist 🌍✊ #SpeakUp #BeTheChange #Aktivismus";storage/photos/2/371.webp;2024-07-13 21:43:10;2024-07-13 21:43:10
372;83;Auf dem Protest heute! ✊🌍 Stehen für eine bessere Zukunft in meinem eleganten Outfit. Die Menge ist einfach inspirierend. #SpeakUp #JungerAktivist #ClimateAction;storage/photos/2/372.webp;2024-07-13 21:43:10;2024-07-13 21:43:10
373;83;Aktivismus im Blut! 💪 Heute bei der Klimademo 🪧. Lasst uns für eine bessere Zukunft kämpfen! #SpeakUp #MachDenUnterschied #Klimaprotest;storage/photos/2/373.webp;2024-07-13 21:43:10;2024-07-13 21:43:10
374;83;"Neue Woche, neues Experiment! 🔬📚 Im Labor den Rätseln der Wissenschaft auf der Spur. #Forschergeist #Experimentierfreude #Neugier";storage/photos/2/374.webp;2024-07-13 21:43:10;2024-07-13 21:43:10
375;83;🔬 Tief in die Welt der Atome eingetaucht! Unendliche Möglichkeiten warten darauf entdeckt zu werden! 🌟 #MindBlown #Forschergeist #Wissenschaft;storage/photos/2/375.webp;2024-07-13 21:43:10;2024-07-13 21:43:10
376;84;Manchmal sprechen Bilder lauter als Worte. 🌐 #YouthVoice #GenZ4Change #München;storage/photos/2/376.webp;2024-07-13 21:43:10;2024-07-13 21:43:10
377;84;"Bereit, die Stimme meiner Generation zu erheben! 🗳️💪 Trage meine Message in die Straßen von München 📍 #GenZ4Change #ZukunftGestalten #JugendBewegt";storage/photos/2/377.webp;2024-07-13 21:43:10;2024-07-13 21:43:10
378;84;Mittendrin im politischen Herz von München. 🗳️ Ein Ort voller Geschichte und Zukunft. #YouthVoice #GenZ4Change #Politik;storage/photos/2/378.webp;2024-07-13 21:43:10;2024-07-13 21:43:10
379;84;Die Zukunft beginnt jetzt. #PolitikInteresse #YouthVoice #VorwärtsDenken 🗳️📈;storage/photos/2/379.webp;2024-07-13 21:43:10;2024-07-13 21:43:10
380;84;Engagiert für eine nachhaltige Zukunft 🏙️🗳️ Nach einem spannenden Jugendworkshop über Klima-Aktionen. #ZukunftGestalten #PolitikInteresse #StadtDerZukunft;storage/photos/2/380.webp;2024-07-13 21:43:10;2024-07-13 21:43:10
381;85;🎨 Eintauchen in die farbenfrohe Welt der Leinwände. Inspiration überall! #CreateDaily #ArtVibes #Künstlerleben;storage/photos/2/381.webp;2024-07-13 21:43:10;2024-07-13 21:43:10
382;85;Tauche total in meine Leinwand ein 🎨👓. Nichts wie ein ruhiger Nachmittag im Atelier! #Kreativkopf #CreateDaily #ArtLover;storage/photos/2/382.webp;2024-07-13 21:43:10;2024-07-13 21:43:10
383;85;Neue Ideen sammeln im Atelier 🖌️✨ #CreateDaily #Kreativkopf #Inspiration;storage/photos/2/383.webp;2024-07-13 21:43:10;2024-07-13 21:43:10
384;85;"Neue Leinwand, neue Möglichkeiten! 🖌️🎨 #ArtVibes #Kreativkopf #Inspiration";storage/photos/2/384.webp;2024-07-13 21:43:10;2024-07-13 21:43:10
385;85;Kreative Auszeit im Atelier 🖌️✨ #CreateDaily #ArtVibes #AtelierMagic;storage/photos/2/385.webp;2024-07-13 21:43:10;2024-07-13 21:43:10
386;85;Die Leinwand ist dein Universum und heute machst du es ein bisschen bunter. 🖌🎨 #Kreativkopf #CreateDaily #ArtLife;storage/photos/2/386.webp;2024-07-13 21:43:10;2024-07-13 21:43:10
387;85;Harte Arbeit im Art-Studio 🎨✨ – immer am Schaffen! #Kreativkopf #Kunstliebe #Inspiration;storage/photos/2/387.webp;2024-07-13 21:43:10;2024-07-13 21:43:10
388;85;Farbexplosion im Studio 🎨✨ #CreateDaily #Kunstliebe #Inspiration;storage/photos/2/388.webp;2024-07-13 21:43:10;2024-07-13 21:43:10
389;85;Neue Perspektiven durch die Linse meiner Kunstbrille 👓🎨 Blurred Lines im Atelier #ArtVibes #CreateDaily #KunstIstLeben;storage/photos/2/389.webp;2024-07-13 21:43:10;2024-07-13 21:43:10
390;85;Neue Inspirationen aus dem Atelier 🌟✨ #ArtVibes #Kreativkopf #KunstLeben;storage/photos/2/390.webp;2024-07-13 21:43:10;2024-07-13 21:43:10
391;85;Farben und Formen vereinen sich im magischen Chaos 🎨🌈 #ArtVibes #CreateDaily #Inspiration;storage/photos/2/391.webp;2024-07-13 21:43:10;2024-07-13 21:43:10
392;85;Frische Farben und neue Perspektiven im Atelier ✨🎨 #CreateDaily #Kreativkopf #Inspiration;storage/photos/2/392.webp;2024-07-13 21:43:10;2024-07-13 21:43:10
393;86;Game on! 🎮 Level up im Zimmer mit meinem neuesten Retro-Shirt. 🕹️ #Zocken #GameOn #RetroVibes;storage/photos/2/393.webp;2024-07-13 21:43:10;2024-07-13 21:43:10
394;86;Wenn deine Gaming-Session genauso nostalgisch ist wie dein T-Shirt 💔🎮 #Gamerlife #GameOn #RetroVibes;storage/photos/2/394.webp;2024-07-13 21:43:10;2024-07-13 21:43:10
395;86;Level-Up im Gaming-Setup! 🕹️ Mit meinem Lieblings-Retro-T-Shirt fühle ich mich unaufhaltsam. Nächste Woche geht’s in den Gaming-Marathon! 🎮 #LevelUpLife #Gamerlife #GamingMode;storage/photos/2/395.webp;2024-07-13 21:43:10;2024-07-13 21:43:10
396;86;Bereit für den nächsten Highscore! 😎🎮 Mein Retro-Look passt perfekt zu meiner nächsten Gaming-Session. #Gamerlife #LevelUpLife #RetroVibes;storage/photos/2/396.webp;2024-07-13 21:43:10;2024-07-13 21:43:10
397;86;"Neue Herausforderungen warten 🎮✨
#GameOn #LevelUpLife #RetroVibes";storage/photos/2/397.webp;2024-07-13 21:43:10;2024-07-13 21:43:10
398;86;Retro-Vibes und Gaming-Nostalgie 🎮💡! Schon bald gibt’s eine epische Retro-Nacht. #Gamerlife #Zocken #RetroGaming;storage/photos/2/398.webp;2024-07-13 21:43:10;2024-07-13 21:43:10
399;86;Level aufgestiegen und neue Welten erkundet! 🌌🎮 #LevelUpLife #Zocken #RetroGaming;storage/photos/2/399.webp;2024-07-13 21:43:10;2024-07-13 21:43:10
400;87;Die perfekte Abkühlung im schönsten Blau 🏊‍♂️💦 #SwimSquad #PoolVibes #WaterFun;storage/photos/2/400.webp;2024-07-13 21:43:10;2024-07-13 21:43:10
401;87;Sanfte Wellen und die perfekte Stille des Wassers am frühen Morgen lassen alle Sorgen verschwinden. 🌊✨ #Wasserratte #Schwimmstar #RuheOrt;storage/photos/2/401.webp;2024-07-13 21:43:10;2024-07-13 21:43:10
402;87;Perfektes Wetter für ein Morgenbad 🏞️🐚 #Wasserratte #SwimSquad #Sommerfreuden;storage/photos/2/402.webp;2024-07-13 21:43:10;2024-07-13 21:43:10
403;88;Die Kamera immer dabei 📸. Gerade beim Spaziergang durch den Park und nach dem perfekten Shot gesucht. #Fotoliebe #FrameIt #VintageVibes;storage/photos/2/403.webp;2024-07-13 21:43:10;2024-07-13 21:43:10
404;88;Die Kamera immer griffbereit 📸. Unterwegs im Park auf der Suche nach neuen Perspektiven. #Fotoliebe #Schnappschuss #VintageStyle;storage/photos/2/404.webp;2024-07-13 21:43:10;2024-07-13 21:43:10
405;88;Kritischer Blick durch die Linse 🎯📸 Fasziniert von urbanen Details und der Kunst der Fotografie. #Fotoliebe #Schnappschuss #UrbanExplorer;storage/photos/2/405.webp;2024-07-13 21:43:10;2024-07-13 21:43:10
406;88;"Spiel der Schatten und Lichter 📸✨ Die Magie passiert, wenn man genau hinsieht. #FrameIt #InstaShot #VintageVibes";storage/photos/2/406.webp;2024-07-13 21:43:10;2024-07-13 21:43:10
407;88;Immer auf der Jagd nach dem perfekten Vintage-Shot 📸✨ Heute ganz in Schwarz und mit einem scharfen Auge unterwegs. #FrameIt #Fotoliebe #OutdoorVibes;storage/photos/2/407.webp;2024-07-13 21:43:10;2024-07-13 21:43:10
408;88;Eintauchen in die Vintage-Welt 🌍📸 Heute habe ich den urbanen Dschungel gegen einen ruhigen Park eingetauscht. #Schnappschuss #InstaShot #VintageVibes;storage/photos/2/408.webp;2024-07-13 21:43:10;2024-07-13 21:43:10
409;89;Heute natürlich wieder im Rampenlicht! 🌟 Die Generalprobe lief großartig! 💪 #StageLife #SpotlightMoment #Theaterliebhaber;storage/photos/2/409.webp;2024-07-13 21:43:10;2024-07-13 21:43:10
410;89;Boss-Level erreicht! 💪 Mit Headset und Controller durch die Nacht. Game On! #Gamerlife #GameOn #EpicWin;storage/photos/2/410.webp;2024-07-13 21:43:10;2024-07-13 21:43:10
411;89;Ready to conquer another level! 🎮 #LevelUpLife #Gamerlife #GamingVibes;storage/photos/2/411.webp;2024-07-13 21:43:10;2024-07-13 21:43:10
412;89;Game on! 🎮 Mit LED-Lichtern im Background zocke ich in meiner Chill-Zone. Wer ist bereit für die nächste Runde? #Zocken #Gamerlife #ReadySetGo;storage/photos/2/412.webp;2024-07-13 21:43:10;2024-07-13 21:43:10
413;90;"📚 Tief in Gedanken versunken, finde ich in den Schriften antiker Philosophen immer eine neue Perspektive. Heute philosophierend inmitten meiner Buchsammlung! ✨ #Denkerseele #Philosophieren #Inspiration";storage/photos/2/413.webp;2024-07-13 21:43:10;2024-07-13 21:43:10
414;90;Zwischen Zeilen von Code und Zitaten ☕️✨ Finde ich den perfekten Flow! 📚💻 #Entwicklerherz #Codeliebe #PhilosophieUndCode;storage/photos/2/414.webp;2024-07-13 21:43:10;2024-07-13 21:43:10
415;90;"Deep in code and quotes, finding the beauty in every line ⌨️✨ #HackathonHero #Codeliebe #PhilosophenCoder";storage/photos/2/415.webp;2024-07-13 21:43:10;2024-07-13 21:43:10
416;90;Code und Philosophie – perfekte Mischung! 💻📚 #Entwicklerherz #HackathonHero #CodeLife;storage/photos/2/416.webp;2024-07-13 21:43:10;2024-07-13 21:43:10
417;90;🌟 In den Tiefen der Bücherregale liegt die Weisheit vergangener Epochen verborgen. ✨ #DeepThoughts #WisdomSeeker #Philosophie;storage/photos/2/417.webp;2024-07-13 21:43:10;2024-07-13 21:43:10
418;90;Neue Erkenntnisse in der Bibliothek 💡📚 Bekleidet mit meinem Lieblings-Shirt und umgeben von Weisheit. #DeepThoughts #Denkerseele #Philosophie;storage/photos/2/418.webp;2024-07-13 21:43:10;2024-07-13 21:43:10
419;91;Postkarte aus dem Paradies 🏞️🌴 #Reisefieber #TravelGram #Wanderlust;storage/photos/2/419.webp;2024-07-13 21:43:10;2024-07-13 21:43:10
420;91;Sonnenuntergang am Strand mit einer Meeresbrise 🌅🌊. Abends hören die besten Abenteuer nicht auf! #Weltenbummler #AdventureAwaits #Strandtage;storage/photos/2/420.webp;2024-07-13 21:43:10;2024-07-13 21:43:10
421;91;Unterwegs in die nächste Abenteuerzone! 🌄👣 Immer das Reisefieber im Gepäck! #Weltenbummler #Reisefieber #Abenteuer;storage/photos/2/421.webp;2024-07-13 21:43:10;2024-07-13 21:43:10
422;91;"Magische Sonnenuntergänge am Strand, bevor das Bergabenteuer ruft! 🌅🏞️ #Reisefieber #Weltenbummler #AbenteuerLust";storage/photos/2/422.webp;2024-07-13 21:43:10;2024-07-13 21:43:10
423;91;"Faszinierende Momente am Strand genossen, nächste Station: Berggipfel! 🏞️🌄 #Reisefieber #Weltenbummler #Abenteuer";storage/photos/2/423.webp;2024-07-13 21:43:10;2024-07-13 21:43:10
424;91;Sonnenuntergang am Strand und bereit für das nächste Abenteuer! 🌅🧳 #Weltenbummler #TravelGram #BeachVibes;storage/photos/2/424.webp;2024-07-13 21:43:10;2024-07-13 21:43:10
425;91;Sanfter Wellengang und die Ruhe des Meeres 🌊✨ #Reisefieber #AdventureAwaits #Meerweh;storage/photos/2/425.webp;2024-07-13 21:43:10;2024-07-13 21:43:10
426;92;"🎨 Farben und Formen, die meine Seele tanzen lassen! 🖌️✨ #Kunstliebe #Kreativkopf #Inspiration";storage/photos/2/426.webp;2024-07-13 21:43:10;2024-07-13 21:43:10
427;92;"Kunst ist die Sprache, durch die ich die Welt sehe. 🌍✨ Feier jeden Pinselstrich und jede Farbe. #CreateDaily #Kreativkopf #ArtIsLife";storage/photos/2/427.webp;2024-07-13 21:43:10;2024-07-13 21:43:10
428;92;"Tief in Gedanken versunken 🧐, während ich an meinem neuesten Kunstwerk arbeite. 🎨 #Kunstliebe #ArtVibes #KreativImFlow";storage/photos/2/428.webp;2024-07-13 21:43:10;2024-07-13 21:43:10
429;93;Coding-Sessions bis zum Morgengrauen 💻😎 Typischer Abend im Dev-Hoodie. #Entwicklerherz #HackathonHero #TeenCoder;storage/photos/2/429.webp;2024-07-13 21:43:10;2024-07-13 21:43:10
430;93;Kaffeepause während des Codens! ☕️💻 Die perfekte Kombination aus Fokus und Spaß. #Entwicklerherz #HackathonHero #CodeLife;storage/photos/2/430.webp;2024-07-13 21:43:10;2024-07-13 21:43:10
431;93;Vintage Vibes und Klartext-Kniffe 🖥️✨ #Codeliebe #HackathonHero #VintageTech;storage/photos/2/431.webp;2024-07-13 21:43:10;2024-07-13 21:43:10
432;94;"Na, wie wär's mit einer Runde Chaos-Theorie? 🌪️✨ #ScienceRules #Experimentierfreude #WissenschaftSpaß";storage/photos/2/432.webp;2024-07-13 21:43:10;2024-07-13 21:43:10
433;94;Wie viele Geheimnisse kann ein Basketballcourt enthalten? 🧪👀 Neugierig? #MindBlown #Forschergeist #Neugierde;storage/photos/2/433.webp;2024-07-13 21:43:10;2024-07-13 21:43:10
434;94;Erforsche die Welt der Chemie 🧪 direkt auf dem Basketballcourt 🏀 #Forschergeist #ScienceRules #DreamBig;storage/photos/2/434.webp;2024-07-13 21:43:10;2024-07-13 21:43:10
435;94;🔬 Wenn die Wissenschaft sich von ihrer lustigen Seite zeigt! 🌟 #ScienceRules #MindBlown #NerdLife;storage/photos/2/435.webp;2024-07-13 21:43:10;2024-07-13 21:43:10
436;94;Kein Tag ohne einen perfekten Wurf! 🏀💪 #HoopDreams #Basketballfieber #CourtLife;storage/photos/2/436.webp;2024-07-13 21:43:10;2024-07-13 21:43:10
437;94;Körbe werfen und kühle Wissenschaft rocken 🏀 Wissenschafts-Nerd auf dem Basketballcourt! 🔬 #Basketballfieber #HoopDreams #SportNerd;storage/photos/2/437.webp;2024-07-13 21:43:10;2024-07-13 21:43:10
438;94;"Wenn Mathe auf dem Court trifft, dann passiert Magie ✨ #HoopDreams #Korbwerfer 🏀";storage/photos/2/438.webp;2024-07-13 21:43:10;2024-07-13 21:43:10
439;94;Selbst der kleinste Funken kann eine wissenschaftliche Revolution entzünden. 💡✨ #ScienceRules #Experimentierfreude #KeepDreaming;storage/photos/2/439.webp;2024-07-13 21:43:10;2024-07-13 21:43:10
440;95;"Neues Abenteuer beginnt! 🌍 Entdecke die Welt, ein Schritt nach dem anderen. #TravelGram #AdventureAwaits #TeenExplorer";storage/photos/2/440.webp;2024-07-13 21:43:10;2024-07-13 21:43:10
441;95;Heute wieder im Einsatz für eine bessere Welt 🌍💪. Bei der Kundgebung in der Stadt - lass uns laut sein! 📢 #MachDenUnterschied #JungerAktivist #Engagiert;storage/photos/2/441.webp;2024-07-13 21:43:10;2024-07-13 21:43:10
442;95;Neue Plakate für den nächsten Klimastreik gestaltet 🌱💪 #BeTheChange #SpeakUp #Klimaschutz;storage/photos/2/442.webp;2024-07-13 21:43:10;2024-07-13 21:43:10
443;95;Abenteuerlustig unterwegs 🏞️ Reiselust in den Augen und sportlich-cool unterwegs. Immer bereit für das nächste große Abenteuer! #TravelGram #Weltenbummler #JugendlicherEntdecker;storage/photos/2/443.webp;2024-07-13 21:43:10;2024-07-13 21:43:10
444;96;"Technik trifft auf Eleganz! 📱💻 Gerade dabei, meinen neuen Code zu testen – in meinem Lieblingsoutfit natürlich! #Innovationsfreude #FutureTech #GeekStyle";storage/photos/2/444.webp;2024-07-13 21:43:10;2024-07-13 21:43:10
445;96;"Neue Codezeilen, neue Möglichkeiten 📱✨ #Technikbegeistert #FutureTech #CodingLife";storage/photos/2/445.webp;2024-07-13 21:43:10;2024-07-13 21:43:10
446;96;Gerade ein neues Gadget getestet! 🛠️👓 Volle Vorbereitung für den Hackathon nächste Woche! #TechJunkie #FutureTech #Innovator;storage/photos/2/446.webp;2024-07-13 21:43:10;2024-07-13 21:43:10
447;96;Tech-Träume werden wahr 🌟 Neue Gadgets im Test! Wer freut sich auch auf die Zukunft? 🤖 #TechJunkie #FutureTech #GadgetLover;storage/photos/2/447.webp;2024-07-13 21:43:10;2024-07-13 21:43:10
448;96;Beim Studium neuer Vokabeln - immer auf der Jagd nach dem nächsten sprachlichen Abenteuer! 😊 #PolyglotLife #Sprachtalent #Vokabeln;storage/photos/2/448.webp;2024-07-13 21:43:10;2024-07-13 21:43:10
449;96;Immer am Eintauchen in neue Sprachen 🗣️🌍 Heute: Spanisch Akademie direkt von meinem Wohnzimmer! #PolyglotLife #LanguageNinja #StudyModeOn;storage/photos/2/449.webp;2024-07-13 21:43:10;2024-07-13 21:43:10
450;96;Gadget-Abenteuer auf dem Schreibtisch! 🖥️ #Technikbegeistert #TechJunkie #NerdAlert;storage/photos/2/450.webp;2024-07-13 21:43:10;2024-07-13 21:43:10
451;97;Die Kunst der Bühne 🎭 im Freien genießen und neue Rollen ausprobieren! #Bühnenzauber #StageLife #TheaterLiebhaber;storage/photos/2/451.webp;2024-07-13 21:43:10;2024-07-13 21:43:10
452;97;Licht und Schatten fangen die Melancholie eines einsamen Pfads ein 🌅📸 #Schnappschuss #Fotoliebe #Momente;storage/photos/2/452.webp;2024-07-13 21:43:10;2024-07-13 21:43:10
453;98;Tiefe Gedanken unter freiem Himmel 🧠💭 Ein Moment der Reflexion über die großen Fragen des Lebens. #Denkerseele #Philosophieren #NachdenkenImFreien;storage/photos/2/453.webp;2024-07-13 21:43:10;2024-07-13 21:43:10
454;98;"In Gedanken versunken, die großen Fragen des Lebens durchschweifend 📚✨ #Denkerseele #WisdomSeeker #Philosophie";storage/photos/2/454.webp;2024-07-13 21:43:10;2024-07-13 21:43:10
455;98;"Philosophie unter freiem Himmel 🌤️. Gedanken vertiefen, während ich nach Antworten suche. #DeepThoughts #WisdomSeeker #LifeQuestions";storage/photos/2/455.webp;2024-07-13 21:43:10;2024-07-13 21:43:10
456;98;Auf der Suche nach der Wahrheit 🧐📜 Das Universum birgt unzählige Geheimnisse. #Denkerseele #Philosophieren #Gedankenreise;storage/photos/2/456.webp;2024-07-13 21:43:10;2024-07-13 21:43:10
457;99;Exploring die urbanen Ecken der Stadt 🏙️🌈 #Reisefieber #AdventureAwaits #UrbanVibes;storage/photos/2/457.webp;2024-07-13 21:43:10;2024-07-13 21:43:10
458;99;Entdecke die versteckten Kunstwerke der Stadt 🏙️✨ Jedes Graffiti erzählt seine eigene Geschichte. #Reisefieber #Weltenbummler #KunstImAlltag;storage/photos/2/458.webp;2024-07-13 21:43:10;2024-07-13 21:43:10
459;99;"Kunst in jeder Ecke! 🖼️ Neue Städte, neue Inspiration. Wer reist, sieht mehr. #Weltenbummler #AdventureAwaits #UrbanArt";storage/photos/2/459.webp;2024-07-13 21:43:10;2024-07-13 21:43:10
460;99;Neue Graffiti-Entdeckungen 🌆 und die Reise geht weiter 🧳✨ #Reisefieber #TravelGram #UrbanArt;storage/photos/2/460.webp;2024-07-13 21:43:10;2024-07-13 21:43:10
461;99;Streifzug durch urbane Kunstlandschaften 🇩🇪 Ein inspirierender Moment inmitten von Farbe und Chaos #TravelGram #AlternativeVibes #GraffitiLove;storage/photos/2/461.webp;2024-07-13 21:43:10;2024-07-13 21:43:10
462;99;"Neue Stadt, neues Abenteuer 🏙️✈️ #TravelGram #Weltenbummler 🌟";storage/photos/2/462.webp;2024-07-13 21:43:10;2024-07-13 21:43:10
463;99;Entdecke die künstlerischen Schätze der Stadt 🌆🖤 #TravelGram #Reisefieber #UrbanCulture;storage/photos/2/463.webp;2024-07-13 21:43:10;2024-07-13 21:43:10
464;100;Lässiger Look am Pool 🕶️🌊 #OOTD #Fashionista;storage/photos/2/464.webp;2024-07-13 21:43:10;2024-07-13 21:43:10
465;100;Neues Outfit inspiriert von einer frischen Dosis Pool-Vibes 😎🌊! Immer auf der Suche nach dem nächsten Modetrend. #Modetrends #Fashionista #OutdoorStyle;storage/photos/2/465.webp;2024-07-13 21:43:10;2024-07-13 21:43:10
466;100;Trendige Outfits treffen auf sommerliche Vibes 🌞😎! Heute inspiriert mich die Pool-Atmosphäre zu meinem sportlich-chicen Look. #StyleGame #Fashionista #SummerVibes;storage/photos/2/466.webp;2024-07-13 21:43:10;2024-07-13 21:43:10
467;100;Goldener Herbstspaziergang und ein Hauch Eleganz 🍁👕 Die perfekte Balance zwischen sportlich und schick! #StyleGame #Modetrends #Herbstmode;storage/photos/2/467.webp;2024-07-13 21:43:10;2024-07-13 21:43:10
468;100;"Finde immer neue Wege, meinen Style zu rocken! 😎 Heute mal sportlich-schick am Pool unterwegs. 🏊‍♂️ #StyleGame #OOTD #FashionInspo";storage/photos/2/468.webp;2024-07-13 21:43:10;2024-07-13 21:43:10
469;101;Farbexplosion auf Leinwand 🎨🌟. Kreativität kennt keine Grenzen. #ArtVibes #Kreativkopf #Inspirieren;storage/photos/2/469.webp;2024-07-13 21:43:10;2024-07-13 21:43:10
470;101;Kunst liegt überall in der Luft 🌌✨ Schaut euch dieses ausgefallene Grafitti an und lasst die Farben sprechen! #Kreativkopf #CreateDaily #StreetArt;storage/photos/2/470.webp;2024-07-13 21:43:10;2024-07-13 21:43:10
471;101;Lesen im Park bei Sonnenschein ☀️📖 Perfekter Tag für ein Abenteuer im Buch. #ReadingIsCool #BookNerd #BücherLiebe;storage/photos/2/471.webp;2024-07-13 21:43:10;2024-07-13 21:43:10
472;101;Lesen in der Natur 📚🌳 Eine Welt voller Abenteuer zwischen den Seiten! #Leseliebe #Bücherwurm;storage/photos/2/472.webp;2024-07-13 21:43:10;2024-07-13 21:43:10
473;101;Seiten voller Abenteuer und Fantasie 📖✨ Immer bereit für das nächste Kapitel! #Leseliebe #BookNerd #LesenImFreien;storage/photos/2/473.webp;2024-07-13 21:43:10;2024-07-13 21:43:10
474;101;Kreative Momente unter den Bäumen 🎨🌳 Die perfekte Inspiration für mein neues Kunstprojekt! #CreateDaily #ArtVibes #VintageArt;storage/photos/2/474.webp;2024-07-13 21:43:10;2024-07-13 21:43:10
475;102;"Finde mich vor der Graffiti-Wand, während ich meine neueste Kunst entwerfe 🎨🖌️. Kunst ist mein Weg, die Welt ein bisschen bunter zu machen! #ArtVibes #Kreativkopf #StreetArt";storage/photos/2/475.webp;2024-07-13 21:43:10;2024-07-13 21:43:10
476;102;"Tafel in der Hand, Farben im Herzen 🎨❤️ Freiwillig die Welt bunter machen. #FreiwilligEngagiert #DoGood #KunstVerbindet";storage/photos/2/476.webp;2024-07-13 21:43:10;2024-07-13 21:43:10
477;103;Endlich abtauchen! 🏊‍♂️ #Wasserratte #PoolVibes #SommerFeeling;storage/photos/2/477.webp;2024-07-13 21:43:10;2024-07-13 21:43:10
478;103;"Sommer, Sonne, Poolzeit! 🌊 #PoolVibes #Schwimmstar 🏊‍♂️";storage/photos/2/478.webp;2024-07-13 21:43:10;2024-07-13 21:43:10
479;104;Wann modelliert man seinen Style am besten als in der City? 💥 Check out mein neues Outfit – voll im Trend! #StyleGame #Modetrends #CityVibes;storage/photos/2/479.webp;2024-07-13 21:43:10;2024-07-13 21:43:10
480;104;Highscore geknackt und die nächste Challenge wartet! 🕹️💥 #Gamerlife #GameOn #RetroVibes;storage/photos/2/480.webp;2024-07-13 21:43:10;2024-07-13 21:43:10
481;105;✨ Bin bei meinem ersten Hackathon dabei und hab gerade den ersten Code-Sprint überstanden! 💻 #HackathonHero #TechWizard #TeenCoder;storage/photos/2/481.webp;2024-07-13 21:43:10;2024-07-13 21:43:10
482;105;Neue Funktionen freischalten 🖥️✨ Code ist Magie! #Entwicklerherz #Codeliebe #TechWizard;storage/photos/2/482.webp;2024-07-13 21:43:10;2024-07-13 21:43:10
483;105;🖥️ Building a new app in the big city! 🌆 #Entwicklerherz #HackathonHero #UrbanCoding;storage/photos/2/483.webp;2024-07-13 21:43:10;2024-07-13 21:43:10
484;105;Code-Session im Park 🌳💻 #Codeliebe #HackathonHero #UrbanCoder;storage/photos/2/484.webp;2024-07-13 21:43:10;2024-07-13 21:43:10
485;105;Erster Lauf durch die Stadt mit einem neuen Ziel vor Augen. 🏃‍♂️🚀 #Laufliebe #Jogging #UrbanAdventure;storage/photos/2/485.webp;2024-07-13 21:43:10;2024-07-13 21:43:10
486;105;Neue Laufstrecke erkundet 🏃‍♂️🌃! Die Abendluft der Stadt gibt mir immer den richtigen Kick. #RunnerHigh #MilesAndSmiles #CityRun;storage/photos/2/486.webp;2024-07-13 21:43:10;2024-07-13 21:43:10
487;105;Versunken in Codewelten 🌐✨ Die Stadt im Hintergrund inspiriert neue Ideen. #Codeliebe #Entwicklerherz #FutureTech;storage/photos/2/487.webp;2024-07-13 21:43:10;2024-07-13 21:43:10
488;105;"Laufe durch die Stadt 🌆 Schuhe an, Blazer auf! Heute wird durch die Straßen gejoggt. #MilesAndSmiles #Laufliebe #UrbanRunner";storage/photos/2/488.webp;2024-07-13 21:43:10;2024-07-13 21:43:10
489;105;Sonnenuntergangs-Runden durch die Stadt 🌇🏃‍♂️ #Laufliebe #RunnerHigh #EveningRun;storage/photos/2/489.webp;2024-07-13 21:43:10;2024-07-13 21:43:10
490;106;Sprühdosen raus und die Welt verändern 🌍🎨 #FreiwilligEngagiert #Ehrenamt #GraffitiFürDenGutenZweck;storage/photos/2/490.webp;2024-07-13 21:43:10;2024-07-13 21:43:10
491;106;Heute mit den besten Leuten die Nachbarschaft verschönert 🖌💪 #DoGood #GivingBack #Kreativ;storage/photos/2/491.webp;2024-07-13 21:43:10;2024-07-13 21:43:10
492;106;Heute wieder kräftig angepackt und die Nachbarschaft verschönert! 🤘🎨 #GivingBack #FreiwilligEngagiert #StreetArt;storage/photos/2/492.webp;2024-07-13 21:43:10;2024-07-13 21:43:10
493;106;"Kleine Tat, große Wirkung 🌟 Diese Wand erzählt Geschichten der Gemeinschaft und Hoffnung #DoGood #GivingBack #StreetArt";storage/photos/2/493.webp;2024-07-13 21:43:10;2024-07-13 21:43:10
494;106;"Heute habe ich neue Graffitis gesprayt, um unsere Stadt bunter zu machen 🌈🙌 #FreiwilligEngagiert #DoGood #KreativeKöpfe";storage/photos/2/494.webp;2024-07-13 21:43:10;2024-07-13 21:43:10
495;106;Heute wieder voll im Einsatz 💪 Graffiti beseitigen und die Stadt verschönern 🧽✨ #Ehrenamt #GivingBack #JugendPacktAn;storage/photos/2/495.webp;2024-07-13 21:43:10;2024-07-13 21:43:10
496;107;📡 Bring Ordnung ins Chaos! Ein faszinierendes Experiment im Freien. #MindBlown #Experimentierfreude #OutdoorLab;storage/photos/2/496.webp;2024-07-13 21:43:10;2024-07-13 21:43:10
497;107;"In meinem coolen Wissenschafts-T-Shirt 🌟 entdecke ich die Geheimnisse der Natur. Wer hätte gedacht, dass man draußen so viel lernen kann? 🌲🔬 #Forschergeist #MindBlown #Naturforscher";storage/photos/2/497.webp;2024-07-13 21:43:10;2024-07-13 21:43:10
498;107;Heute die Natur erforscht und neue Freunde gefunden 🐞🌿 Das Wissenschafts-Shirt passt perfekt! #PetLife #Tierfreund #Wissensdurst;storage/photos/2/498.webp;2024-07-13 21:43:10;2024-07-13 21:43:10
499;107;Heute beim Spaziergang ein süßes Eichhörnchen entdeckt! 🐿️💚 Natur ist einfach faszinierend. #PawsomeWorld #Tierliebe #NatureLover;storage/photos/2/499.webp;2024-07-13 21:43:10;2024-07-13 21:43:10
500;107;Experiment im Grünen! 🧪🌳 Heute teste ich die Eigenschaften von Pflanzenextrakten. Kleine Forscher auf großer Entdeckungsreise! #Forschergeist #Experimentierfreude #Naturwissenschaften;storage/photos/2/500.webp;2024-07-13 21:43:10;2024-07-13 21:43:10
501;107;"Der Moment, wenn eine Eidechse neugierig aus ihrem Versteck schaut 🦎 Der perfekte Augenblick zum Erkunden der Natur! 🌿 #PawsomeWorld #PetLife #NatureLovers";storage/photos/2/501.webp;2024-07-13 21:43:10;2024-07-13 21:43:10
502;107;Die faszinierende Welt der Laborexperimente direkt in der Natur entdeckt 🌿🔬 #Forschergeist #ScienceRules #CuriosityDriven;storage/photos/2/502.webp;2024-07-13 21:43:10;2024-07-13 21:43:10
503;108;Manchmal sind die einfachsten Rezepte die besten. 😌🍅 #Feinschmecker #ChefMode;storage/photos/2/503.webp;2024-07-13 21:43:10;2024-07-13 21:43:10
504;108;"Ein neues Rezept, eine moderne Küche und große Träume! 💭👨🏿‍🍳 #Feinschmecker #CookingPassion #Inspiration";storage/photos/2/504.webp;2024-07-13 21:43:10;2024-07-13 21:43:10
505;108;Volle Konzentration in der Küche 👨🏿‍🍳🌟. Teste gerade ein neues Rezept aus! #ChefMode #Kochliebe #Passion;storage/photos/2/505.webp;2024-07-13 21:43:10;2024-07-13 21:43:10
506;108;"So sieht Kreativität in der #Kochliebe aus! 🍳✨ Der perfekte Moment, um ein neues Rezept auszuprobieren. #FoodieFeed #KitchenMagic";storage/photos/2/506.webp;2024-07-13 21:43:10;2024-07-13 21:43:10
507;108;"In der Küche, wo Träume anfangen! 🥄🍲 Ich perfektioniere gerade mein neues Rezept. #Kochliebe #Feinschmecker #JugendKoch";storage/photos/2/507.webp;2024-07-13 21:43:10;2024-07-13 21:43:10
508;109;🎾 Federball und Sonne ☀️ - Perfekte Kombi #TennisLiebe #ServingLooks #ActionTime;storage/photos/2/508.webp;2024-07-13 21:43:10;2024-07-13 21:43:10
509;109;Training im Studio 💪 #Gymlife #FitnessMotivation;storage/photos/2/509.webp;2024-07-13 21:43:10;2024-07-13 21:43:10
510;109;"Auf dem Court alles geben 🎾💪 Die Saison kommt, und ich bin bereit! #Aufschlag #CourtCrush #TennisLiebe";storage/photos/2/510.webp;2024-07-13 21:43:10;2024-07-13 21:43:10
511;109;"Neue Bälle auf einem frischen Tennisplatz – Zeit, das Spiel zu gewinnen! 🎾✨ #CourtCrush #ServingLooks #TennisPower";storage/photos/2/511.webp;2024-07-13 21:43:10;2024-07-13 21:43:10
512;109;Training hard every day! 💪 Ready to smash new goals on and off the court. #FitFam #Gymlife #TeenFitness;storage/photos/2/512.webp;2024-07-13 21:43:10;2024-07-13 21:43:10
513;109;"Tennisplatz im Hintergrund 🏆 Ein neuer Tag, eine neue Chance! 🎾 #Aufschlag #Tennisass #Trainingsmodus";storage/photos/2/513.webp;2024-07-13 21:43:10;2024-07-13 21:43:10
514;109;Ein neuer Tag auf dem Court 🌞🎾 Pure Motivation zeigt sich in jedem Aufschlag! #ServingLooks #Tennisass #GameSetMatch;storage/photos/2/514.webp;2024-07-13 21:43:10;2024-07-13 21:43:10
515;110;Manchmal ist das Kochen nicht nur Spaß und Spiel 😔👨‍🍳. Experimentiere in meiner modernen Küche mit neuen Rezepten. #Feinschmecker #ChefMode #Küchenchaos;storage/photos/2/515.webp;2024-07-13 21:43:10;2024-07-13 21:43:10
516;110;"Ein anstrengender Tag in der Küche 🍲, aber der nächste Versuch wird besser! #Feinschmecker #FoodieFeed #ModernKitchen";storage/photos/2/516.webp;2024-07-13 21:43:10;2024-07-13 21:43:10
517;110;Der erste Versuch mit dem neuen Teig war ein Reinfall... 🥺 Jetzt nehme ich die Challenge neu an! 💪 #ChefMode #FoodieFeed #KüchenMagie;storage/photos/2/517.webp;2024-07-13 21:43:10;2024-07-13 21:43:10
518;110;Nachdenklicher Moment in der Küche 🥄 #Feinschmecker #Kochliebe #Lehrjahre;storage/photos/2/518.webp;2024-07-13 21:43:10;2024-07-13 21:43:10
524;112;Der Hauch von Farbe auf dieser Graffiti-Wand spricht Bände. 🎨✨ #Kunstliebe #Kreativkopf #UrbanArt;storage/photos/2/524.webp;2024-07-13 21:43:10;2024-07-13 21:43:10
525;112;Kreativität mitten im urbanen Dschungel. 🖌️🎨 Finde deine Leinwand überall. #Kunstliebe #CreateDaily #StreetArt;storage/photos/2/525.webp;2024-07-13 21:43:10;2024-07-13 21:43:10
526;112;Die Graffiti-Muster auf dieser Wand 🎨 sind pure Kunst im urbanen Dschungel 🌆 #CreateDaily #ArtVibes #UrbanArt;storage/photos/2/526.webp;2024-07-13 21:43:10;2024-07-13 21:43:10
527;112;Mit Farben und Pinseln die Stadt verschönern 🎨 #Kunstliebe #ArtVibes #UrbanArt;storage/photos/2/527.webp;2024-07-13 21:43:10;2024-07-13 21:43:10
528;112;"Die urbanen Farben erzählen Geschichten, die nur die Kunst verstehen kann. 🎨🌆 #Kreativkopf #Kunstliebe #StreetArt";storage/photos/2/528.webp;2024-07-13 21:43:10;2024-07-13 21:43:10
529;113;🌱 Fand heute diesen kleinen grünen Freund mit einem etwas zu großen Hut! 😂🍄 #Gartenliebe #UrbanJungle #PflanzenHumor;storage/photos/2/529.webp;2024-07-13 21:43:10;2024-07-13 21:43:10
530;113;Level-up bei Spiel und Spaß! 🤣 Nichts geht über ein Vintage-Gaming-T-Shirt und ein neues Highscore im gemütlichen Setting. #Zocken #LevelUpLife #GameOn;storage/photos/2/530.webp;2024-07-13 21:43:10;2024-07-13 21:43:10
531;113;Nach einem langen Tag im Garten auch mal Zeit zum Lächeln gefunden. 🌱💚 #UrbanJungle #PlantParent #Gärtnern;storage/photos/2/531.webp;2024-07-13 21:43:10;2024-07-13 21:43:10
532;114;Sprachen öffnen neue Welten! 📚✨ #PolyglotLife #LanguageNinja #WortEntdecker;storage/photos/2/532.webp;2024-07-13 21:43:10;2024-07-13 21:43:10
533;114;Kurze Sprachlektion im Park 😃🌳 Immer auf der Suche nach neuen Wörtern! #Sprachtalent #PolyglotLife #ParkMotive;storage/photos/2/533.webp;2024-07-13 21:43:10;2024-07-13 21:43:10
534;114;Neue Pflanze eingetopft 🌱👀 Immer fleißig im Garten! #PlantParent #Gartenliebe #Nachwuchsgärtner;storage/photos/2/534.webp;2024-07-13 21:43:10;2024-07-13 21:43:10
535;114;Heute eine neue Sprache entdeckt 🌍 #Sprachtalent #Weltsprachen #OutdoorLernen;storage/photos/2/535.webp;2024-07-13 21:43:10;2024-07-13 21:43:10
536;114;Sprachabenteuer im Garten 🌳📚 #Sprachtalent #LanguageNinja #Wortentdecker;storage/photos/2/536.webp;2024-07-13 21:43:10;2024-07-13 21:43:10
537;115;"Ein perfekter Freistoß 🌿⚽️! Nichts geht über das Gefühl, wenn der Ball ins Netz geht. #Torjäger #GoalGetter #FußballLiebe";storage/photos/2/537.webp;2024-07-13 21:43:10;2024-07-13 21:43:10
538;115;Letztes Training vor dem großen Spiel! 💪⚽️ #SoccerLife #Torjäger #GreenField;storage/photos/2/538.webp;2024-07-13 21:43:10;2024-07-13 21:43:10
539;115;Gießkanne geschnappt und ab in den Garten 🌿🌼 Sportlich unterwegs und immer für die Pflanzen da! #Grünerdaumen #Gartenliebe #NaturPur;storage/photos/2/539.webp;2024-07-13 21:43:10;2024-07-13 21:43:10
540;115;Nach dem Training: Pflanzen gießen und entspannen 🌱💚 #UrbanJungle #Gartenliebe #GrünerDaumen;storage/photos/2/540.webp;2024-07-13 21:43:10;2024-07-13 21:43:10
541;115;Ein neues Tomatenpflänzchen setzt die ersten Blüten an 🌼🌿. Der Weg zu frischen Sommer-Tomaten beginnt! #PlantParent #Grünerdaumen #Sommerträume;storage/photos/2/541.webp;2024-07-13 21:43:10;2024-07-13 21:43:10
542;115;"Der Ball liegt bereit für das große Spiel. 🥅⚽️ Wer ist bereit, das nächste Tor zu schießen? #Torjäger #SoccerLife #FußballLiebe";storage/photos/2/542.webp;2024-07-13 21:43:10;2024-07-13 21:43:10
543;115;Endlich den perfekten Schuss geübt! ⚽️🌟 Nächster Stopp: Champions League! #Torjäger #GoalGetter #FußballLiebe;storage/photos/2/543.webp;2024-07-13 21:43:10;2024-07-13 21:43:10
544;115;Endlich wieder auf dem Platz! ⚽️🌿 Das Training hat mich bis zum letzten Schuss gefordert. #SoccerLife #Torjäger #FußballLiebe;storage/photos/2/544.webp;2024-07-13 21:43:10;2024-07-13 21:43:10
545;115;Neue Skills auf dem Platz ausprobieren ⚽️💪#SoccerLife #GoalGetter #GreenMachine;storage/photos/2/545.webp;2024-07-13 21:43:10;2024-07-13 21:43:10
546;116;Abendessen in the making 🍲👨‍🍳 #ChefMode #Feinschmecker #HomemadeMeal;storage/photos/2/546.webp;2024-07-13 21:43:10;2024-07-13 21:43:10
547;117;Nichts als der perfekte Aufschlag im Morgenlicht ☀️#Aufschlag #Tennisass #Tennisliebe;storage/photos/2/547.webp;2024-07-13 21:43:10;2024-07-13 21:43:10
548;117;Perfekte Aufschlagtechnik auf dem Platz 🌟🎾 Die nächste Herausforderung wartet schon! #ServingLooks #Tennisass #ChampionMindset;storage/photos/2/548.webp;2024-07-13 21:43:10;2024-07-13 21:43:10
549;118;Immer unterwegs 🧳✈️ Neues Abenteuer beginnt! #Weltenbummler #TravelGram #Reiselust;storage/photos/2/549.webp;2024-07-13 21:43:10;2024-07-13 21:43:10
550;118;Endlich wieder auf Reisen 🌟✈️ Das nächste Abenteuer wartet! #TravelGram #AdventureAwaits #AufDemWeg;storage/photos/2/550.webp;2024-07-13 21:43:10;2024-07-13 21:43:10
551;118;Nächster Halt: Abenteuer! 🌍🧳 Warten auf den Abflug und die Welt entdecken. #AdventureAwaits #TravelGram #AufReisen;storage/photos/2/551.webp;2024-07-13 21:43:10;2024-07-13 21:43:10
552;119;Licht und Schatten in perfektem Einklang 📸✨ #Fotoliebe #InstaShot #VintageVibes;storage/photos/2/552.webp;2024-07-13 21:43:10;2024-07-13 21:43:10
553;119;Auch ein kleiner Schritt zählt 🌱. Heute die Natur aufgeräumt und Müll gesammelt. Zusammen schützen wir unseren Planeten! 💪 #SaveThePlanet #Umweltschützer #NatureLover;storage/photos/2/553.webp;2024-07-13 21:43:10;2024-07-13 21:43:10
554;119;"Nach einem langen Tag Müllsammeln im Wald 🌲✨, gönne ich mir eine Pause, um die Schönheit der Natur zu genießen. Kein besseres Gefühl als das Wissen, etwas Gutes getan zu haben 🌿 #GreenLiving #Umweltschützer #SaveOurPlanet";storage/photos/2/554.webp;2024-07-13 21:43:10;2024-07-13 21:43:10
555;120;Erkunde die geheimen Pfade 🗺️ und verliere dich in der Natur. 📷🌲 Einfach den Moment leben. #TrailBlazer #Wanderlust #NatureLover;storage/photos/2/555.webp;2024-07-13 21:43:10;2024-07-13 21:43:10
556;120;Der Sonnenuntergang färbt den Wald in ein goldenes Licht 🌅✨ #HikingVibes #Wanderlust #NaturPur;storage/photos/2/556.webp;2024-07-13 21:43:10;2024-07-13 21:43:10
557;120;"Auf dem Weg zum Gipfel 🏞️, immer das Ziel im Blick. #Naturliebhaber #TrailBlazer #Abenteuerlust";storage/photos/2/557.webp;2024-07-13 21:43:10;2024-07-13 21:43:10
558;120;Auf Entdeckungstour in den alten Wäldern 🌲👣 #HikingVibes #Wanderlust #NatureLover;storage/photos/2/558.webp;2024-07-13 21:43:10;2024-07-13 21:43:10
559;121;Vorbereitung auf den nächsten großen Aufschlag! 🎾 Im modernen Tennis-Look und voller Fokus auf dem Court. #ServingLooks #CourtCrush #TennisLife;storage/photos/2/559.webp;2024-07-13 21:43:10;2024-07-13 21:43:10
560;121;Immer am Puls der Zeit mit meinen neuen Gadgets! 💻 #TechJunkie #Innovationsfreude #NerdAlert 🚀;storage/photos/2/560.webp;2024-07-13 21:43:10;2024-07-13 21:43:10
561;122;"Neue Szene, neue Emotionen 🎭 Steh grad auf der Bühne, mitten in der Probe – vintage Band-Shirt und alles #StageLife #Bühnenzauber ✨";storage/photos/2/561.webp;2024-07-13 21:43:10;2024-07-13 21:43:10
562;122;Bereit für die Bühne und voller Energie! 🎸 Mit meinem liebsten Vintage-Bandshirt mitten im Probenchaos. #Theaterliebe #Bühnenzauber #Probenchaos;storage/photos/2/562.webp;2024-07-13 21:43:10;2024-07-13 21:43:10
563;122;Bin gespannt auf den nächsten Akt 🎭 Schon mal eine Vintage-Band-T-Shirt-Probe gehabt? 😂 #SpotlightMoment #Theaterliebe #DramaticVibes;storage/photos/2/563.webp;2024-07-13 21:43:10;2024-07-13 21:43:10
564;123;Auf dem Weg zu neuen Abenteuern! 🌍 Ein kleiner Zwischenstopp vor dem nächsten großen Reiseziel 🛫✨ #AdventureAwaits #Weltenbummler #TravelDiaries;storage/photos/2/564.webp;2024-07-13 21:43:10;2024-07-13 21:43:10
565;123;Auf dem Weg zum nächsten Abenteuer! 🌍 Mit meinem eleganten Outfit durch den Flughafen schlendern und die Welt entdecken. ✈️ #TravelGram #Weltenbummler #AdventureAwaits;storage/photos/2/565.webp;2024-07-13 21:43:10;2024-07-13 21:43:10
566;123;Zwischen den Welten an einem Bahnhof – das Abenteuer ruft! 🚉🌍 #TravelGram #AdventureAwaits #TravelDiaries;storage/photos/2/566.webp;2024-07-13 21:43:10;2024-07-13 21:43:10
567;123;"Auf dem Weg zum nächsten großen Abenteuer! 🏃‍♂️✈️ Cooles Outfit, voller Vorfreude am Flughafen. #AdventureAwaits #Weltenbummler #Reiselust";storage/photos/2/567.webp;2024-07-13 21:43:10;2024-07-13 21:43:10
568;123;Abenteuer beginnt jetzt! 🧳✨ Nächster Halt: Unbekannt und aufregend. #Reisefieber #AdventureAwaits #TravelGoals;storage/photos/2/568.webp;2024-07-13 21:43:10;2024-07-13 21:43:10
569;123;📍 Ankunft in einer neuen Stadt: Der Koffer ist gepackt und das Abenteuer beginnt! ✨ #Weltenbummler #AdventureAwaits #Reisefieber;storage/photos/2/569.webp;2024-07-13 21:43:10;2024-07-13 21:43:10
570;123;Nächster Halt: Abenteuerland! 🌍✈️ Schnappschuss aus dem Terminal. #Reisefieber #Weltenbummler #Abenteuerlust;storage/photos/2/570.webp;2024-07-13 21:43:10;2024-07-13 21:43:10
571;123;Fertig zum nächsten Abenteuer ✈️ #Reisefieber #TravelGram #Weltenbummler;storage/photos/2/571.webp;2024-07-13 21:43:10;2024-07-13 21:43:10
572;124;"Neue Stadt, neuer Look. 🏙️✨ #TravelGram #Weltenbummler #CityVibes";storage/photos/2/572.webp;2024-07-13 21:43:10;2024-07-13 21:43:10
573;124;"New city, new vibes. 🙃 Modetrends auf der Straße entdecken. #Modetrends #OOTD #UrbanStyle";storage/photos/2/573.webp;2024-07-13 21:43:10;2024-07-13 21:43:10
574;125;Entdecke die Geheimnisse vergangener Epochen 🏺✨ #Zeitreise #Geschichtsinteressiert #AbenteuerLust;storage/photos/2/574.webp;2024-07-13 21:43:10;2024-07-13 21:43:10
575;125;Fasziniert von den geheimnisvollen Mauerresten dieser historischen Ruine. 🌄 Diese Steine haben so viele Geschichten zu erzählen! #OldSchoolCool #Zeitreise #GeschichteEntdecken;storage/photos/2/575.webp;2024-07-13 21:43:10;2024-07-13 21:43:10
576;125;Die geheimen Geschichten dieser alten Mauern erzählen von vergessenen Heldentaten und Abenteuern. 🏺✨ #Geschichtsinteressiert #Zeitreise #VerborgeneSchätze;storage/photos/2/576.webp;2024-07-13 21:43:10;2024-07-13 21:43:10
577;125;"Geschichtsabenteuer in jedem Winkel! Erforsche die Ruinen von gestern und stelle dir vor, wie es damals war. Mit jedem Schritt fühlst du dich der Geschichte näher. 🌍🕰️ #Zeitreise #HistoryBuff #Abenteuer";storage/photos/2/577.webp;2024-07-13 21:43:10;2024-07-13 21:43:10
578;125;Abenteuer auf den Pfaden 🌲🚶‍♂️ Genießend die frische Luft und das Gefühl der Freiheit! 🏞️ #Wanderlust #TrailBlazer #NatureLover;storage/photos/2/578.webp;2024-07-13 21:43:10;2024-07-13 21:43:10
579;125;Frische Waldluft und unendliche Pfade 🌲✨ #HikingVibes #TrailBlazer #NatureLover;storage/photos/2/579.webp;2024-07-13 21:43:10;2024-07-13 21:43:10
580;125;"Fühle mich wie ein Entdecker, während ich historische Wege erforsche 🗺️🌳 #Geschichtsinteressiert #HistoryBuff #Abenteuer";storage/photos/2/580.webp;2024-07-13 21:43:10;2024-07-13 21:43:10
581;126;Neue Bekanntschaft gemacht 🐍! Die Natur hat so viele tolle Freunde für uns. #PetLife #Tierfreund #Abenteuer;storage/photos/2/581.webp;2024-07-13 21:43:10;2024-07-13 21:43:10
582;126;Heute einem neugierigen Waschbären begegnet 🦝. Diese kleinen Abenteuer machen so viel Spaß! 😄 #PawsomeWorld #Tierliebe #AbenteuerLeben;storage/photos/2/582.webp;2024-07-13 21:43:10;2024-07-13 21:43:10
583;126;"Früh morgens unterwegs, um den neuesten Vintage-Look zu rocken! 🌿💼 #Fashionista #OOTD #VintageVibes";storage/photos/2/583.webp;2024-07-13 21:43:10;2024-07-13 21:43:10
584;126;Auf Entdeckungsreise mit meinen felligen Freunden 🐾🌳 #PawsomeWorld #PetLife #VintageVibes;storage/photos/2/584.webp;2024-07-13 21:43:10;2024-07-13 21:43:10
585;126;Entdecke die geheimen Pfade der Natur. 🌿✨ #Tierliebe #Naturentdecker #VintageVibes;storage/photos/2/585.webp;2024-07-13 21:43:10;2024-07-13 21:43:10
586;126;Das neugierige Reh im Wald entdeckt! 🦌🌲#Tierfreund #PetLife #Abenteuer;storage/photos/2/586.webp;2024-07-13 21:43:10;2024-07-13 21:43:10
587;127;Manchmal sagt ein Blick mehr als tausend Worte. 🌍✊ #JungerAktivist #MachDenUnterschied #ProtestPower;storage/photos/2/587.webp;2024-07-13 21:43:10;2024-07-13 21:43:10
588;127;Neues Gadget entdeckt! 😍💻 Immer auf der Suche nach der nächsten Innovation. #Technikbegeistert #Innovationsfreude #FutureTech;storage/photos/2/588.webp;2024-07-13 21:43:10;2024-07-13 21:43:10
589;127;Neue Tech-Gadgets testen und Innovationen fördern 💡💻 #Technikbegeistert #TechRevolution #Innovation;storage/photos/2/589.webp;2024-07-13 21:43:10;2024-07-13 21:43:10
590;128;Mittendrin in einem spannenden DIY-Experiment! 🔬👀 #Forschergeist #Experimentierfreude #WissenschaftsNerd;storage/photos/2/590.webp;2024-07-13 21:43:10;2024-07-13 21:43:10
591;128;🔬 Neue Entdeckung #ScienceRules #Experimentierfreude #Neugier;storage/photos/2/591.webp;2024-07-13 21:43:10;2024-07-13 21:43:10
592;128;Heute in meiner Lieblingsstadt unterwegs und dabei den perfekten Look gefunden! #OOTD #Fashionista #Stilvoll;storage/photos/2/592.webp;2024-07-13 21:43:10;2024-07-13 21:43:10
593;129;Volle Power im Gym 💪😎 🖤 Dieser Look sagt mehr als 1000 Worte! #FitFam #Gymlife #NeverGiveUp;storage/photos/2/593.webp;2024-07-13 21:43:10;2024-07-13 21:43:10
594;129;Neue Bestleistung im Bankdrücken 💪 Die Hantelbank wartet immer auf den nächsten Champion! #Fitnessjunkie #Gymlife #Progress;storage/photos/2/594.webp;2024-07-13 21:43:10;2024-07-13 21:43:10
595;129;Neues Programm gestartet 💪 Jetzt wird's ernst im Gym! 👊 #FitFam #Fitnessjunkie #GymLife;storage/photos/2/595.webp;2024-07-13 21:43:10;2024-07-13 21:43:10
596;129;Die ersten Fortschritte im Gym machen so viel Spaß! 😁💪 Heute war Beintraining angesagt. #FitFam #Fitnessjunkie #GymLife;storage/photos/2/596.webp;2024-07-13 21:43:10;2024-07-13 21:43:10
597;129;Nach dem Beintraining noch ein Boost für den Oberkörper 💪🔥 #Gymlife #FitFam #PumpItUp;storage/photos/2/597.webp;2024-07-13 21:43:10;2024-07-13 21:43:10
598;129;Nach dem Workout fühlt sich jeder Schweißtropfen wie ein Erfolg an 🏋️‍♂️💦 #Fitnessjunkie #SweatySelfie #GymLife;storage/photos/2/598.webp;2024-07-13 21:43:10;2024-07-13 21:43:10
599;129;Heute wird an den Schultern gearbeitet! 💪 #Gymlife #Fitnessjunkie #Workoutmotivation;storage/photos/2/599.webp;2024-07-13 21:43:10;2024-07-13 21:43:10
600;129;Schulter-Tag im Gym 💪✨ Jeder Satz bringt mich näher an mein Ziel! #Fitnessjunkie #FitFam #WorkoutGoals;storage/photos/2/600.webp;2024-07-13 21:43:10;2024-07-13 21:43:10
601;129;"Wenn die Hanteln schwer werden, wird der Geist stark. 💪 #SweatySelfie #Gymlife #Strength";storage/photos/2/601.webp;2024-07-13 21:43:10;2024-07-13 21:43:10
602;129;"Schultern aus Stahl und ein Lächeln, das den Gym erhellt 😄🏋️‍♂️ #Gymlife #FitFam #WorkHardPlayHard";storage/photos/2/602.webp;2024-07-13 21:43:10;2024-07-13 21:43:10
603;130;Neue Technologie auschecken in meinem nachhaltigen Shirt 🌱💻 #TechJunkie #Innovationsfreude #EcoTech;storage/photos/2/603.webp;2024-07-13 21:43:10;2024-07-13 21:43:10
604;130;Dieses alte Fahrrad hat jetzt ein neues Leben als Blumenbeet 🌼🚲 #GreenLiving #Umweltschützer #Upcycling;storage/photos/2/604.webp;2024-07-13 21:43:10;2024-07-13 21:43:10
605;130;Heute pflanze ich kleine Bäume in alten Konservendosen! 🌱💪 #SaveThePlanet #Umweltschützer #RecycleAndGrow;storage/photos/2/605.webp;2024-07-13 21:43:10;2024-07-13 21:43:10
606;131;Leseabend 📖 in meinem Rückzugsort. Gerade in Tolkiens Welt versunken 🌌. #Bookstagram #Leseratte #FantasyLiebe;storage/photos/2/606.webp;2024-07-13 21:43:10;2024-07-13 21:43:10
607;131;Endlich das neue Level erreicht! 🎮🕹️ Zeit für eine Pause in meinem Gaming-Refugium. #LevelUpLife #Zocken #GamerLife;storage/photos/2/607.webp;2024-07-13 21:43:10;2024-07-13 21:43:10
608;131;Level-Up 💥🌟 Neue Herausforderungen und Abenteuer warten! #GameOn #Gamerlife #NextLevel;storage/photos/2/608.webp;2024-07-13 21:43:10;2024-07-13 21:43:10
609;132;Heute Kraft aufgebaut im Park! 🏋️‍♂️💪 #Gymlife #FitFam #OutdoorWorkout;storage/photos/2/609.webp;2024-07-13 21:43:10;2024-07-13 21:43:10
610;132;Heute wieder alles gegeben beim Training 💪🌳#SweatySelfie #Gymlife #OutdoorWorkout;storage/photos/2/610.webp;2024-07-13 21:43:10;2024-07-13 21:43:10
611;132;Training draußen im Park 🌳🏋️‍♂️. Nichts fühlt sich besser an als ein Post-Workout-Stretch! #Gymlife #SweatySelfie #OutdoorFitness;storage/photos/2/611.webp;2024-07-13 21:43:10;2024-07-13 21:43:10
612;132;Nichts wie raus und den Kopf frei machen! 🌳💪 #SweatySelfie #Fitnessjunkie #OutdoorWorkout;storage/photos/2/612.webp;2024-07-13 21:43:10;2024-07-13 21:43:10
613;133;Warum nicht mal Französisch auf Italienisch lernen? 🤓🇫🇷🇮🇹 #Weltsprachen #LanguageNinja #BibliothekenLiebe;storage/photos/2/613.webp;2024-07-13 21:43:10;2024-07-13 21:43:10
614;133;Sprachabenteuer im Bibliotheksdschungel 📚🗣️ #Weltsprachen #Sprachtalent #Linguistik;storage/photos/2/614.webp;2024-07-13 21:43:10;2024-07-13 21:43:10
615;133;Geheime Sprachcodes im alten Buch 📚✨ #PolyglotLife #LanguageNinja #BuchEntdecker;storage/photos/2/615.webp;2024-07-13 21:43:10;2024-07-13 21:43:10
616;133;Sprachgenie bei der Arbeit 📚✨ Gerade ein neues Geheimnis in einem alten Buch entdeckt. #PolyglotLife #Sprachtalent #Bibliothek;storage/photos/2/616.webp;2024-07-13 21:43:10;2024-07-13 21:43:10
617;133;In der Bibliothek neue Sprachabenteuer entdecken 📚✨ #Weltsprachen #Sprachtalent #NeueSprache;storage/photos/2/617.webp;2024-07-13 21:43:10;2024-07-13 21:43:10
618;133;Immer in den Büchern 📚 - Heute lerne ich Französisch und Italienisch! 😎 #Sprachtalent #Weltsprachen #StudyTime;storage/photos/2/618.webp;2024-07-13 21:43:10;2024-07-13 21:43:10
619;133;Fremdsprachen öffnen neue Welten 📚✨ #PolyglotLife #LanguageNinja #Bücherwurm;storage/photos/2/619.webp;2024-07-13 21:43:10;2024-07-13 21:43:10
620;133;Immer auf der Suche nach dem nächsten linguistischen Rätsel 📚💬. Heute mal im Sprach-Labyrinth der Bibliothek unterwegs. #LanguageNinja #PolyglotLife #Bookworm;storage/photos/2/620.webp;2024-07-13 21:43:10;2024-07-13 21:43:10
621;134;"Heute wieder in meinem Element 🌊 🏊‍♂️ - der See ruft! Das Wasser war eisig, aber das hält mich nicht auf! #Wasserratte #SwimSquad #SommerVibes";storage/photos/2/621.webp;2024-07-13 21:43:10;2024-07-13 21:43:10
622;134;Game on! ⚽️ #SoccerLife #Torjäger #NeverGiveUp;storage/photos/2/622.webp;2024-07-13 21:43:10;2024-07-13 21:43:10
623;134;Nach dem Training noch schnell einen Elfmeter gezockt ⚽️💪 #SoccerLife #Fußballliebe #Teamwork;storage/photos/2/623.webp;2024-07-13 21:43:10;2024-07-13 21:43:10
624;134;Nach dem Training noch schnell ein Schuss ins Tor! ⚽️🔥 #GoalGetter #SoccerLife #TeamBlond;storage/photos/2/624.webp;2024-07-13 21:43:10;2024-07-13 21:43:10
625;134;"Sonne, Wasser und pure Freude ☀️💦 #Wasserratte #SwimSquad #SwimmingLife";storage/photos/2/625.webp;2024-07-13 21:43:10;2024-07-13 21:43:10
626;135;Ein kurzer Stopp auf dem Trail 🌲✨ Wandern in der Abenddämmerung ist das Beste. #Wanderlust #AbenteuerZeit;storage/photos/2/626.webp;2024-07-13 21:43:10;2024-07-13 21:43:10
627;135;"Game face on 🏀🔥 Auf dem Outdoor-Court, bereit für das nächste Match. #HoopDreams #BballAddict #StreetBall";storage/photos/2/627.webp;2024-07-13 21:43:10;2024-07-13 21:43:10
628;135;Konzentration ist der Schlüssel 🏀🔥 Heute auf dem Outdoor-Court meine Skills verfeinern. #Basketballfieber #BballAddict #OutdoorTraining;storage/photos/2/628.webp;2024-07-13 21:43:10;2024-07-13 21:43:10
629;135;Ballin' auf dem Outdoor-Court 🏀💪 #Korbwerfer #BballAddict #CourtKings;storage/photos/2/629.webp;2024-07-13 21:43:10;2024-07-13 21:43:10
630;136;Frisch aus dem Ofen und voller Aromen! 🥖✨ #Feinschmecker #FoodieFeed #BackenLiebe;storage/photos/2/630.webp;2024-07-13 21:43:10;2024-07-13 21:43:10
631;136;"Denken und Kochen lassen sich so gut kombinieren! ✨📚 Ein entspannter Tag, an dem ich mich den Fragen des Lebens widme. #Philosophieren #Denkerseele #Gedanken";storage/photos/2/631.webp;2024-07-13 21:43:10;2024-07-13 21:43:10
632;136;Gedanken kreisen um das Wesen der Existenz 📚✨ #Denkerseele #Philosophieren #Weisheit;storage/photos/2/632.webp;2024-07-13 21:43:10;2024-07-13 21:43:10
633;136;Die Küche ruft und ich höre! 🍳 Heute gibt's selbstgemachte Ravioli. Die perfekte Mischung aus Gefühl und Verstand. #FoodieFeed #Kochliebe #Küchenzauber;storage/photos/2/633.webp;2024-07-13 21:43:10;2024-07-13 21:43:10
634;136;In der Küche voller Gedanken! 🤔📚 Nichts entspannt mehr als beim Kochen über die großen Fragen des Lebens nachzudenken. #WisdomSeeker #Philosophieren #LifeInTheKitchen;storage/photos/2/634.webp;2024-07-13 21:43:10;2024-07-13 21:43:10
635;137;"Gäbe es einen perfekten Augenblick, hier ist er 📸✨ #FrameIt #InstaShot #Fotografie";storage/photos/2/635.webp;2024-07-13 21:43:10;2024-07-13 21:43:10
636;138;"Bergpfade, die ins Abenteuer führen 🌲✨ Wanderherbst pur! 🚶 #Naturliebhaber #HikingVibes #Naturerlebnis";storage/photos/2/636.webp;2024-07-13 21:43:10;2024-07-13 21:43:10
637;138;Habe heute einen versteckten Pfad im Wald entdeckt 🌲✨ #HikingVibes #TrailBlazer #NatureLovers;storage/photos/2/637.webp;2024-07-13 21:43:10;2024-07-13 21:43:10
638;138;Wandern durch die zauberhafte Natur 🌿✌️🏞️ Auf der Suche nach neuen Abenteuern! 🕵️‍♂️ #Naturliebhaber #HikingVibes #Abenteuer;storage/photos/2/638.webp;2024-07-13 21:43:10;2024-07-13 21:43:10
639;139;"Spaziergang durch die Stadt, inspiriert von Vintage-Mode 🏙️✨ Die perfekte Kombination aus Alt und Neu. #Fashionista #Modetrends #VintageStyle";storage/photos/2/639.webp;2024-07-13 21:43:10;2024-07-13 21:43:10
640;139;"Vintage Chic trifft auf Moderne ✨🕰️ Jeder Ziegelstein erzählt eine Geschichte, genau wie dieses Outfit. #Fashionista #StyleGame #UrbanElegance";storage/photos/2/640.webp;2024-07-13 21:43:10;2024-07-13 21:43:10
641;139;👔 Streetstyle mit einem Hauch Geschichte 🕰️ #Fashionista #StyleGame #VintageVibes;storage/photos/2/641.webp;2024-07-13 21:43:10;2024-07-13 21:43:10
642;139;Zeitlose Architektur und ein Hauch von Geschichte 🏛✨ Die Vergangenheit lebt in jeder Fassade. #Zeitreise #HistoryBuff #VintageVibes;storage/photos/2/642.webp;2024-07-13 21:43:10;2024-07-13 21:43:10
643;139;Nicht jede Reise führt in die Ferne – manchmal reicht ein Blick auf die alten Mauern in der Stadt 🏛️✨ #HistoryBuff #Zeitreise #UrbanExploration;storage/photos/2/643.webp;2024-07-13 21:43:10;2024-07-13 21:43:10
644;140;Ein Tag im Park mit meinen Lieblingsfellnasen 🐶✨ #PawsomeWorld #Tierliebe #HappyTime;storage/photos/2/644.webp;2024-07-13 21:43:10;2024-07-13 21:43:10
645;141;Immer am Puls der Zeit 📰 Auf dem Weg zu meinem Lieblingsnachrichten-Spot im Park. Let’s stay informed und die Welt verändern! 🌍 #NewsJunkie #StayWoke #ParkView;storage/photos/2/645.webp;2024-07-13 21:43:10;2024-07-13 21:43:10
646;141;📑 Ein kleiner Moment der Ruhe im Sturm der Nachrichten 💬 #NewsJunkie #AufDemLaufenden #Aktuell;storage/photos/2/646.webp;2024-07-13 21:43:10;2024-07-13 21:43:10
647;141;Immer auf der Jagd nach den neuesten Schlagzeilen 🗞️🌟 #AufDemLaufenden #StayWoke #NachrichtenNerd;storage/photos/2/647.webp;2024-07-13 21:43:10;2024-07-13 21:43:10
648;142;Eingetaucht in den Beat 🎵🎧. Auf dem Weg zum Konzert in der Stadt und schon jetzt im Musikfieber! #Konzertfieber #Musikliebhaber #UrbanVibes;storage/photos/2/648.webp;2024-07-13 21:43:10;2024-07-13 21:43:10
649;142;"Im Herzen der Stadt, wo die Sonne durch die alten Fenster schleicht 🌇📸 #Schnappschuss #Fotoliebe #VintageVibes";storage/photos/2/649.webp;2024-07-13 21:43:10;2024-07-13 21:43:10
650;142;📸 Unterwegs auf der Jagd nach dem perfekten Lichtschein durch die urbanen Strukturen. Immer cool im schwarzen Rollkragenpulli. #InstaShot #FrameIt #FotografieLiebe;storage/photos/2/650.webp;2024-07-13 21:43:10;2024-07-13 21:43:10
651;142;Musik im Blut und die Beats im Kopf. 🖤🎵 #Konzertfieber #SoundOn #Musikleben;storage/photos/2/651.webp;2024-07-13 21:43:10;2024-07-13 21:43:10
652;143;🏃‍♂️ Kein Tag ohne Jogging-Spaß! 🖤 #RunnerHigh #Jogging #UrbanRun;storage/photos/2/652.webp;2024-07-13 21:43:10;2024-07-13 21:43:10
653;143;15 Jahre und schon auf der Überholspur! 🏃‍♂️ Dark vibes und Kilometer schrubben im nächtlichen Großstadtdschungel. #Jogging #MilesAndSmiles #UrbanRunner;storage/photos/2/653.webp;2024-07-13 21:43:10;2024-07-13 21:43:10
654;144;Kunstpause nach der Schule 🎨✨ #Kunstliebe #Kreativkopf #InspirationInFarbe;storage/photos/2/654.webp;2024-07-13 21:43:10;2024-07-13 21:43:10
655;144;Fast wie ein Dunking heute 🏀🙌 #BballAddict #Korbwerfer #LetTheGameBegin;storage/photos/2/655.webp;2024-07-13 21:43:10;2024-07-13 21:43:10
656;144;Nichts geht über das Geräusch eines perfekt verwandelten Dreipunkters 🏀✨ #BballAddict #Korbwerfer #KunstImSpiel;storage/photos/2/656.webp;2024-07-13 21:43:10;2024-07-13 21:43:10
657;144;Farbenfrohe Inspiration im Atelier 🌈🎨 #CreateDaily #Kunstliebe #Inspiration;storage/photos/2/657.webp;2024-07-13 21:43:10;2024-07-13 21:43:10
658;145;Neue Rezeptkreation in der modernen Küche! 😄👨‍🍳 Volle Konzentration im Chef-Modus mit meinem Lieblingsband-Shirt! #FoodieFeed #ChefMode #Küchenliebe;storage/photos/2/658.webp;2024-07-13 21:43:10;2024-07-13 21:43:10
659;145;Kochen ist meine Leidenschaft! Heute setze ich meine Chefmütze schief auf und zaubere was Feines in der Küche 😄👨‍🍳 #FoodieFeed #Feinschmecker #KulinarischeKunst;storage/photos/2/659.webp;2024-07-13 21:43:10;2024-07-13 21:43:10
660;145;Einen neuen Versuch in der Küche gestartet und es hat sich gelohnt! 🍜✨ #Kochliebe #FoodieFeed #NeuesRezept;storage/photos/2/660.webp;2024-07-13 21:43:10;2024-07-13 21:43:10
661;145;"Neues Rezept ausprobiert und dabei viel Spaß gehabt! 😄 Chefhut auf, Band-Shirt an und los geht’s in der Küche! #Feinschmecker #ChefMode #CookWithJoy";storage/photos/2/661.webp;2024-07-13 21:43:10;2024-07-13 21:43:10
662;146;Tauche ein in die Welt der antiken Ruinen 🏛️✨ Jede Steinsäule erzählt ihre eigene Geschichte! #HistoryBuff #Zeitreise;storage/photos/2/662.webp;2024-07-13 21:43:10;2024-07-13 21:43:10
663;146;"Auf den Spuren der Vergangenheit 🏛️🕰️ Der perfekte Tag, um in alten Büchern zu stöbern und Geschichte lebendig zu machen. #Zeitreise #Geschichtsinteressiert #UrbanExplorer";storage/photos/2/663.webp;2024-07-13 21:43:10;2024-07-13 21:43:10
664;146;Auf historische Spurensuche in der Stadt unterwegs 📚✨. Bin immer auf der Suche nach neuen Geschichten und Inspirationen. #OldSchoolCool #Zeitreise #StadtEntdecker;storage/photos/2/664.webp;2024-07-13 21:43:10;2024-07-13 21:43:10
665;146;Stolz die Geschichte unserer Stadt entdecken 📚✨ Heute unterwegs zu den Ruinen – auf der Suche nach dem nächsten Abenteuer! #OldSchoolCool #HistoryBuff #UrbanExplorer;storage/photos/2/665.webp;2024-07-13 21:43:10;2024-07-13 21:43:10
666;146;Fasziniert von alten Mauern und verborgenen Schätzen 🏛️✨ #Geschichtsinteressiert #Zeitreise #Stadtabenteuer;storage/photos/2/666.webp;2024-07-13 21:43:10;2024-07-13 21:43:10
667;147;"Von der urbanen Kunstszene inspiriert 🌆, bereit für das nächste Abenteuer. Stil und Reise vereint ✈️ #AdventureAwaits #TravelGram #StylishTraveler";storage/photos/2/667.webp;2024-07-13 21:43:10;2024-07-13 21:43:10
668;147;Stilvoll unterwegs in den Straßen dieser Stadt 🗺️. Was wird wohl mein nächstes Abenteuer sein? #TravelGram #Weltenbummler #UrbanExplorer;storage/photos/2/668.webp;2024-07-13 21:43:10;2024-07-13 21:43:10
669;147;"Verloren im urbanen Dschungel, auf der Suche nach Geheimnissen. 🗺️✨ #TravelGram #AdventureAwaits #UrbanExplorer";storage/photos/2/669.webp;2024-07-13 21:43:10;2024-07-13 21:43:10
670;147;Erkunde die Welt mit Stil 🌍🧳 #Weltenbummler #TravelGram #CafeKultur;storage/photos/2/670.webp;2024-07-13 21:43:10;2024-07-13 21:43:10
671;148;Ein kleiner grüner Freund aus dem Garten 🪴🌞 #PlantParent #Grünerdaumen #Gartenliebe;storage/photos/2/671.webp;2024-07-13 21:43:10;2024-07-13 21:43:10
672;148;"Kleine Pflanze, große Abenteuer 🌱✨ Wohin geht die Reise als nächstes? #TravelGram #AdventureAwaits #TokyoDreams";storage/photos/2/672.webp;2024-07-13 21:43:10;2024-07-13 21:43:10
673;148;"Gartenzeit! 🌿 Heute kümmere ich mich um meinen neuen Pflanzling im Hinterhof. T-Shirt an, Hände dreckig, so mag ich's. #UrbanJungle #PlantParent #GreenThumb";storage/photos/2/673.webp;2024-07-13 21:43:10;2024-07-13 21:43:10
674;148;Neue Pflanze für meine grüne Oase 🌱 Einfach das Beste aus dem eigenen Garten #UrbanJungle #PlantParent #Gartenliebe;storage/photos/2/674.webp;2024-07-13 21:43:10;2024-07-13 21:43:10
675;149;Neue Schläge auf dem Court auszuprobieren macht einfach Spaß! 🏸#Tennisass #CourtCrush #CityVibes;storage/photos/2/675.webp;2024-07-13 21:43:10;2024-07-13 21:43:10
676;149;Aufschlag mit Style! 🎾😎 Die perfekte Kulisse für den nächsten großen Punkt. #Aufschlag #ServingLooks #TennisLife;storage/photos/2/676.webp;2024-07-13 21:43:10;2024-07-13 21:43:10
677;149;"Die Sonne scheint auf diesen perfekten Center Court ☀️🎾 Einfach der beste Ort, um meinen Schläger zu schwingen! #Tennisass #CourtCrush #UrbanVibes";storage/photos/2/677.webp;2024-07-13 21:43:10;2024-07-13 21:43:10
678;149;"Auf den Platz, fertig, los! 🏟️🎾 Heute ist es Zeit, den Court unsicher zu machen! #CourtCrush #ServingLooks #UrbanTennis";storage/photos/2/678.webp;2024-07-13 21:43:10;2024-07-13 21:43:10
679;149;Der perfekte Aufschlag unter strahlender Sonne ☀️🎾 #CourtCrush #Aufschlag #BetterEveryDay;storage/photos/2/679.webp;2024-07-13 21:43:10;2024-07-13 21:43:10
680;149;"Neue Tennissaite 🎾, neue Möglichkeiten! #Tennisass #ServingLooks #CityCourts";storage/photos/2/680.webp;2024-07-13 21:43:10;2024-07-13 21:43:10
681;149;Die perfekte Mischung aus Power und Präzision auf dem Tennisplatz 🎾⚡ #Aufschlag #ServingLooks #TennisTime;storage/photos/2/681.webp;2024-07-13 21:43:10;2024-07-13 21:43:10
682;149;Neue Saiten aufgezogen und bereit für das nächste Match! 💪🏽🎾 Die Energie hier ist einfach unschlagbar. #Tennisass #CourtCrush #UrbanVibes;storage/photos/2/682.webp;2024-07-13 21:43:10;2024-07-13 21:43:10
683;149;Heute wieder auf dem Court brilliert 🎾💪🏽 Meine neue Ausrüstung lässt mich in der urbanen Umgebung noch mehr glänzen! #Tennisass #CourtCrush #CityVibes;storage/photos/2/683.webp;2024-07-13 21:43:10;2024-07-13 21:43:10
684;149;Auf dem Court aufleben 🎾🙌 #ServingLooks #Tennisass #UrbanVibes;storage/photos/2/684.webp;2024-07-13 21:43:10;2024-07-13 21:43:10
685;150;Im urbanen Dschungel in ein neues Abenteuer vertieft 📖. Die Seiten rascheln im Rhythmus der Stadt 🌆. #Bookstagram #PageTurner #BuchWurm;storage/photos/2/685.webp;2024-07-13 21:43:10;2024-07-13 21:43:10
686;150;📚 Mit meinem Lieblingsbuch durch die Stadt spazieren und die Gedanken schweifen lassen. Smirk on point 😏 #Leseratte #Bookstagram #StadtEntdecker;storage/photos/2/686.webp;2024-07-13 21:43:10;2024-07-13 21:43:10
687;150;Stadtpark-Slammin‘ nach der Schule 🏀✨ #HoopDreams #BballAddict #UrbanVibes;storage/photos/2/687.webp;2024-07-13 21:43:10;2024-07-13 21:43:10
688;151;📚 Tauche ein in die Welt der Sprachen! 🌟 Jede neue Vokabel ist ein kleiner Erfolg. #LanguageNinja #Weltsprachen #LernAbenteuer;storage/photos/2/688.webp;2024-07-13 21:43:10;2024-07-13 21:43:10
689;151;"📚 Mit meinem Vintage-Wörterbuch in der Hand, pauke ich neue Vokabeln im Gym 😊 #Sprachtalent #Weltsprachen #VintageVibes";storage/photos/2/689.webp;2024-07-13 21:43:10;2024-07-13 21:43:10
690;151;Kraftstation und Hanteln in der goldenen Stunde 🌅💪 #Gymlife #FitFam #VintageVibes;storage/photos/2/690.webp;2024-07-13 21:43:10;2024-07-13 21:43:10
691;151;Neue Wörter entdecken im Licht der Morgensonne 📚✨ #Weltsprachen #LanguageNinja #Alt&Linguist;storage/photos/2/691.webp;2024-07-13 21:43:10;2024-07-13 21:43:10
692;151;"Fasziniert von alten italienischen Büchern 📚🌟. Neue Sprache, neues Abenteuer! #Sprachtalent #Weltsprachen #ItalienischLernen";storage/photos/2/692.webp;2024-07-13 21:43:10;2024-07-13 21:43:10
693;151;"Gerade ein neues Kapitel auf Spanisch abgeschlossen 📖✨ Im Gym wird nicht nur der Körper, sondern auch der Geist trainiert. #Weltsprachen #LanguageNinja #WorkoutAndLearn";storage/photos/2/693.webp;2024-07-13 21:43:10;2024-07-13 21:43:10
694;151;Wörter sind meine Gewichte – jeden Tag stärker 💗📚 #LanguageNinja #Sprachtalent #Wortakrobatik;storage/photos/2/694.webp;2024-07-13 21:43:10;2024-07-13 21:43:10
695;152;Ein weiteres tolles Workout im Gym 🎉💪 Euch allen einen schönen Tag! #Fitnessjunkie #FitFam #SelfLove;storage/photos/2/695.webp;2024-07-13 21:43:10;2024-07-13 21:43:10
696;152;"Nach einem intensiven Training: Gewichte gestemmt, Schweiß vergossen, und trotzdem ein Lächeln im Gesicht. 💦💪 #Gymlife #Fitnessjunkie #HappyVibes";storage/photos/2/696.webp;2024-07-13 21:43:10;2024-07-13 21:43:10
697;152;Fühlt sich großartig nach einem intensiven Training 💪✨ #Gymlife #SweatySelfie #FitnessMotivation;storage/photos/2/697.webp;2024-07-13 21:43:10;2024-07-13 21:43:10
698;152;Ready for the next challenge! 💪✨ Immer am Limit im Gym. 😅 #Gymlife #FitnessJunkie;storage/photos/2/698.webp;2024-07-13 21:43:10;2024-07-13 21:43:10
699;152;Nach einem anstrengenden Trainingstag im Gym fühle ich mich stärker als je zuvor! 💪✨ #FitnessJunkie #Gymlife #SelfLove;storage/photos/2/699.webp;2024-07-13 21:43:10;2024-07-13 21:43:10
700;152;Pouring sweat but loving every minute im Gym 💦💙 #FitFam #SweatySelfie #GymGoals;storage/photos/2/700.webp;2024-07-13 21:43:10;2024-07-13 21:43:10
701;152;Neue Bestmarken im Training 💪 Das ist nur der Anfang! #SweatySelfie #Gymlife #StrengthTraining;storage/photos/2/701.webp;2024-07-13 21:43:10;2024-07-13 21:43:10
702;153;Mit erhobener Faust und Feuer in den Augen 🥊📢 Kämpfe für Gerechtigkeit auf den Straßen der Stadt! 💪 #JungerAktivist #SpeakUp #FürEineBessereWelt;storage/photos/2/702.webp;2024-07-13 21:43:10;2024-07-13 21:43:10
703;153;"Inmitten der Stadt für Gerechtigkeit kämpfen 💪✊ Trage meinen Aktivismus stolz, sogar auf dem Basketballplatz. #BeTheChange #MachDenUnterschied #Aktivismus";storage/photos/2/703.webp;2024-07-13 21:43:10;2024-07-13 21:43:10
704;153;"Ein leerer Basketballplatz im Morgengrauen, der auf das nächste große Spiel wartet. 🌅💔 #Korbwerfer #BballAddict #EarlyBird";storage/photos/2/704.webp;2024-07-13 21:43:10;2024-07-13 21:43:10
705;153;Heute auf dem Platz für Gerechtigkeit gestanden 🏀✊ #SpeakUp #BeTheChange #Aktivistin;storage/photos/2/705.webp;2024-07-13 21:43:10;2024-07-13 21:43:10
706;153;"Ein weiterer Tag, ein weiteres Spiel 🏀📸💥. In meinem Element auf dem Court in der City. #HoopDreams #BballAddict #StreetBallQueen";storage/photos/2/706.webp;2024-07-13 21:43:10;2024-07-13 21:43:10
707;154;Immer bereit für Veränderungen! 💪🌿 Diskutiere gerade leidenschaftlich über die Zukunft unserer Politik mitten im Wald. #GenZ4Change #YouthVoice #DemokratieJetzt;storage/photos/2/707.webp;2024-07-13 21:43:10;2024-07-13 21:43:10
708;154;Mit jedem Schritt ändern wir die Welt ein Stück! 🌍✨ #GenZ4Change #ZukunftGestalten #PolitikDerZukunft;storage/photos/2/708.webp;2024-07-13 21:43:10;2024-07-13 21:43:10
709;154;Klimaschutz beginnt am Wahllokal! 🗳️🌿 #GenZ4Change #PolitikInteresse #Klimapolitik;storage/photos/2/709.webp;2024-07-13 21:43:10;2024-07-13 21:43:10
710;155;Wissenschaft trifft auf Stil: Periodensystem-T-Shirt und eine Prise Selbstvertrauen! 🌟✨ #OOTD #Modetrends #WissenschaftLächeln;storage/photos/2/710.webp;2024-07-13 21:43:10;2024-07-13 21:43:10
711;155;Immer ein Element voraus! 🔬 Heute mal spektakuläre Experimente im Periodensystem-T-Shirt im Hightech-Labor. #ScienceRules #MindBlown #SmartIsTheNewCool;storage/photos/2/711.webp;2024-07-13 21:43:10;2024-07-13 21:43:10
712;155;"Experimentiere nicht nur im Labor, sondern auch mit deinem Stil! 🧪👗✨ #Modetrends #Fashionista #SmartIsTheNewCool";storage/photos/2/712.webp;2024-07-13 21:43:10;2024-07-13 21:43:10
713;155;Wissenschaft trifft auf Stil! 🔬 Heute experimentiere ich mit den besten Reagenzien im Labor 🤓 #MindBlown #Experimentierfreude #SmartIsTheNewCool;storage/photos/2/713.webp;2024-07-13 21:43:10;2024-07-13 21:43:10
714;155;Wissenschaft trifft Mode 🤓✨ Mit diesem Periodensystem-Shirt bleibe ich immer stylisch und schlau! #Fashionista #SmartIsTheNewCool #LabsAndStyles;storage/photos/2/714.webp;2024-07-13 21:43:10;2024-07-13 21:43:10
715;156;"Findet ihr nicht auch, dass Musik die beste Therapie ist? 🎧 Heute draußen das neue Album meiner Lieblingsband durchgehört. #Musikliebhaber #SoundOn #KopfAus";storage/photos/2/715.webp;2024-07-13 21:43:10;2024-07-13 21:43:10
716;156;"🎧 Wenn die Musik dich packt, gibt's kein Zurück! 📸 Mit meinem Lieblingssong im Kopf in die Ferne schauen und abschalten. #Musikliebhaber #Konzertfieber #Outdoorsession";storage/photos/2/716.webp;2024-07-13 21:43:10;2024-07-13 21:43:10
717;156;"Musik ist meine Welt 🌟 Heute träume ich davon, auf der großen Bühne zu stehen. #SoundOn #MusicIsLife #DreamBig";storage/photos/2/717.webp;2024-07-13 21:43:10;2024-07-13 21:43:10
718;156;"Raus in die Natur 🎧, Kopfhörer auf und die Welt vergessen 🎸 #SoundOn #MusicIsLife #OutdoorVibes";storage/photos/2/718.webp;2024-07-13 21:43:10;2024-07-13 21:43:10
719;156;🎧 Musik im Park aufdrehen und alles um mich herum vergessen. #SoundOn #MusicIsLife #LiveForTheBeat 🎵;storage/photos/2/719.webp;2024-07-13 21:43:10;2024-07-13 21:43:10
720;156;🌧️ Regen prasselt auf das Gitarrencase und trägt die Melodie mit sich... 🎸 #Konzertfieber #Musikliebhaber #Regentropfen;storage/photos/2/720.webp;2024-07-13 21:43:10;2024-07-13 21:43:10
721;156;Dieser alte Plattenspieler versetzt mich immer in eine melancholische Stimmung... 🌑🎶 #MusicIsLife #SoundOn #VinylVibes;storage/photos/2/721.webp;2024-07-13 21:43:10;2024-07-13 21:43:10
722;156;Ein verstaubtes Vinyl bei Sonnenuntergang – jedes Lied ein Tor zur Seele 🌅🎵 #MusicIsLife #PlattenspielerMagic #Musikliebhaber;storage/photos/2/722.webp;2024-07-13 21:43:10;2024-07-13 21:43:10
723;156;Musik ist meine Sprache 🎤🎶 Bin heute draußen mit meinem neuen Vinyl unterwegs. 🌧️ #Musikliebhaber #MusicIsLife #Melancholie;storage/photos/2/723.webp;2024-07-13 21:43:10;2024-07-13 21:43:10
724;156;"Sonnenuntergang, Musik & Gedanken 🎶🌅 Was wäre das Leben ohne Melodien? #MusicIsLife #SoundOn #SunsetVibes";storage/photos/2/724.webp;2024-07-13 21:43:10;2024-07-13 21:43:10
725;157;Nichts geht über einen Nachmittag im Park mit einem guten Buch! 📖🌳 #ReadingIsCool #Wissenshunger #Lesezeit;storage/photos/2/725.webp;2024-07-13 21:43:10;2024-07-13 21:43:10
726;157;Freiwilligenarbeit im Park 📚🌳 Nichts macht mich glücklicher als für eine bessere Welt zu kämpfen! #SpeakUp #MachDenUnterschied #Aktivismus;storage/photos/2/726.webp;2024-07-13 21:43:10;2024-07-13 21:43:10
727;157;Happy moments mit meinem Lieblingsbuch im Park 💚📚 #Leseliebe #ReadingIsCool #NatureReading;storage/photos/2/727.webp;2024-07-13 21:43:10;2024-07-13 21:43:10
728;157;"🌍 Revolution beginnt im Kleinen! 🌱 Ein Buch im Park lesen, wo bald viele mehr inspiriert werden. #MachDenUnterschied #BeTheChange #LesenVerändert";storage/photos/2/728.webp;2024-07-13 21:43:10;2024-07-13 21:43:10
729;157;Die Stimme der Veränderung im Herzen der Natur 🌳📚 #SpeakUp #BeTheChange #AktivistinImPark;storage/photos/2/729.webp;2024-07-13 21:43:10;2024-07-13 21:43:10
730;157;"Auf die Bücher, fertig, los… für eine bessere Welt! 🌍📚 #JungerAktivist #SpeakUp #LesenFürDenWandel";storage/photos/2/730.webp;2024-07-13 21:43:10;2024-07-13 21:43:10
731;157;Kleine Taten können große Wellen schlagen 🌊🌱 #SpeakUp #MachDenUnterschied #JugendEngagiert;storage/photos/2/731.webp;2024-07-13 21:43:10;2024-07-13 21:43:10
732;157;Mit einem guten Buch in der Hand die Welt erobern 🌍📚 #ReadingIsCool #BookNerd #Leseliebe;storage/photos/2/732.webp;2024-07-13 21:43:10;2024-07-13 21:43:10
733;157;"Ein inspirierender Moment im Park 🌳📚 Es sind die kleinen Schritte, die eine große Veränderung bewirken können. #BeTheChange #JungerAktivist #Umweltretter";storage/photos/2/733.webp;2024-07-13 21:43:10;2024-07-13 21:43:10
734;158;Manchmal ist Kochen die beste Therapie 🍳❤️ Auch wenn das Rezept nicht immer perfekt ist... #ChefMode #Kochliebe #FoodMood;storage/photos/2/734.webp;2024-07-13 21:43:10;2024-07-13 21:43:10
735;158;"Neue Rezeptidee im Kopf, Messer in der Hand 🔪🍳 Was denkst du? #ChefMode #Feinschmecker #CookingVibes";storage/photos/2/735.webp;2024-07-13 21:43:10;2024-07-13 21:43:10
736;158;Einfachheit hat ihre eigene Schönheit 🍳✨ #Feinschmecker #FoodieFury #KulinarischeKunst;storage/photos/2/736.webp;2024-07-13 21:43:10;2024-07-13 21:43:10
737;158;Ruhe im Chaos der Küche 🌿🍽️ Ein Hauch von Melancholie und pure Leidenschaft. #FoodieFeed #Kochliebe #Küchenmagie;storage/photos/2/737.webp;2024-07-13 21:43:10;2024-07-13 21:43:10
739;160;"Musik ist die Sprache, die jeder versteht 🎶✨ Gitarre gestimmt, Bücher aufgeschlagen! #Musikliebhaber #SoundOn #ImmerMitRhythmus";storage/photos/2/739.webp;2024-07-13 21:43:10;2024-07-13 21:43:10
740;160;Bücher + Lachen = pure Magie! 🤓📖 #Leseratte #PageTurner #Bücherliebe;storage/photos/2/740.webp;2024-07-13 21:43:10;2024-07-13 21:43:10
741;160;"Neues Buch, neues Abenteuer 📚✨ #Bookstagram #Leseratte #Bücherliebe";storage/photos/2/741.webp;2024-07-13 21:43:10;2024-07-13 21:43:10
742;160;Neues Lied auf der Gitarre 🎶✌️ Begleitet mich durch diesen musikalischen Nachmittag! #SoundOn #Musikliebhaber #Gitarre;storage/photos/2/742.webp;2024-07-13 21:43:10;2024-07-13 21:43:10
743;160;Zwischen den Seiten eines Buches kann man Welten entdecken 📖✨ #PageTurner #Leseratte #BookLove;storage/photos/2/743.webp;2024-07-13 21:43:10;2024-07-13 21:43:10
744;160;Zwischen den Seiten eines neuen Abenteuers versteckt 📖. Bücherregale sind die besten Orte zum Entdecken. #PageTurner #Bookstagram #Bibliophile;storage/photos/2/744.webp;2024-07-13 21:43:10;2024-07-13 21:43:10
745;161;"Traurig, aber Buch in der Hand 📖. Eine Welt in Worten entdecken, selbst wenn die Außenwelt düster ist. #Leseratte #Bücherwurm #Melancholie";storage/photos/2/745.webp;2024-07-13 21:43:10;2024-07-13 21:43:10
746;161;Verliere mich in den Seiten meiner Lieblingsbücher 📖🌟 #Bookstagram #Leseratte #literaturliebe;storage/photos/2/746.webp;2024-07-13 21:43:10;2024-07-13 21:43:10
747;161;"Manchmal hilft nur eine Runde im Pool, um den Kopf frei zu bekommen. 🏊‍♀️🌊 #Schwimmstar #PoolVibes #SelfCare";storage/photos/2/747.webp;2024-07-13 21:43:10;2024-07-13 21:43:10
748;161;Selbst an grauen Tagen bringt der Pool mich wieder zum Lächeln. 🌊💭 #Wasserratte #PoolVibes #Reflexion;storage/photos/2/748.webp;2024-07-13 21:43:10;2024-07-13 21:43:10
749;161;Ein kühles Bad im Pool an einem heißen Tag 🏊‍♀️💦 #PoolVibes #Wasserratte #SummerFeels;storage/photos/2/749.webp;2024-07-13 21:43:10;2024-07-13 21:43:10
750;161;"Versteckt in den Seiten meiner Lieblingsbücher 📚, finde ich Ruhe und Zuflucht. Jeder Satz ist wie ein Sprung ins Unbekannte. #Leseratte #PageTurner #Bücherwurm";storage/photos/2/750.webp;2024-07-13 21:43:10;2024-07-13 21:43:10
751;161;"Manchmal sind Bücher die beste Ablenkung 📚🌧️ Die Welt um mich herum mag verschwimmen, aber die Geschichten bleiben klar. #Leseratte #Bookstagram #LiteraturLover";storage/photos/2/751.webp;2024-07-13 21:43:10;2024-07-13 21:43:10
752;162;Auf dem Weg zum Gipfel 🏔️💪 – Natur erkunden und Style leben! #TrailBlazer #HikingVibes;storage/photos/2/752.webp;2024-07-13 21:43:10;2024-07-13 21:43:10
753;162;Funktional und stilvoll – perfekt für den nächsten Trail ✨ 🏞️ #StyleGame #Fashionista #SportyChic;storage/photos/2/753.webp;2024-07-13 21:43:10;2024-07-13 21:43:10
754;162;"Ein wunderbarer Tag, um die frische Bergluft zu genießen und neue Pfade zu erkunden 🌳✨ #Wanderlust #OutdoorAbenteuer";storage/photos/2/754.webp;2024-07-13 21:43:10;2024-07-13 21:43:10
755;162;Zwischen den Bäumen hindurch zum Gipfel! 🏞️ Die reine Luft und der unberührte Pfad sind einfach inspirierend. #Wanderlust #TrailBlazer #NatureLover;storage/photos/2/755.webp;2024-07-13 21:43:10;2024-07-13 21:43:10
756;162;Frühstückspause auf dem Trail 🥾✨ Fühle mich top im neuen Athleisure-Look! #StyleGame #Modetrends #OutdoorChic;storage/photos/2/756.webp;2024-07-13 21:43:10;2024-07-13 21:43:10
757;163;Fashion-Check im urbanen Dschungel 🌆👗 Immer auf der Suche nach dem perfekten OOTD! #Fashionista #OOTD #StilRevolution;storage/photos/2/757.webp;2024-07-13 21:43:10;2024-07-13 21:43:10
758;164;Matchball 🍓🎾 Die härteste Challenge des Tages: Die Erdbeeren vom Tennisplatz fernzuhalten! #ServingLooks #CourtCrush #TennisLife;storage/photos/2/758.webp;2024-07-13 21:43:10;2024-07-13 21:43:10
759;164;Reise-Abenteuer im Visier 🌍 Der Tennisplatz im Hintergrund kann warten! #TravelGram #Weltenbummler #Abenteuerlust;storage/photos/2/759.webp;2024-07-13 21:43:10;2024-07-13 21:43:10
760;164;"Power-Serve im Anmarsch! 🎾👀 Wer hätte gedacht, dass Tennis so spannend sein kann? #Tennisass #CourtCrush";storage/photos/2/760.webp;2024-07-13 21:43:10;2024-07-13 21:43:10
761;164;"Ready to ace the court! 💥👀 Heute zeige ich, wer hier der Boss ist. #Tennisass #Aufschlag #GameOn";storage/photos/2/761.webp;2024-07-13 21:43:10;2024-07-13 21:43:10
762;165;Erkunde die Welt und bleib sportlich dabei! ✈️🎾 #Weltenbummler #AdventureAwaits #TennisundTravel;storage/photos/2/762.webp;2024-07-13 21:43:10;2024-07-13 21:43:10
763;165;Reisen und Tennis - meine großen Leidenschaften 🌍🎾 Heute auf dem Platz und bald auf neuen Abenteuern! #AdventureAwaits #TravelGram #TennisLife;storage/photos/2/763.webp;2024-07-13 21:43:10;2024-07-13 21:43:10
764;165;Der Moment vor dem Aufschlag ist alles! 🎾✨ #ServingLooks #Aufschlag #GameOn;storage/photos/2/764.webp;2024-07-13 21:43:10;2024-07-13 21:43:10
765;165;"Heute war ein harter Trainingstag, aber ich gebe nicht auf! 🎾💪 #Tennisass #CourtCrush #DreamBig";storage/photos/2/765.webp;2024-07-13 21:43:10;2024-07-13 21:43:10
766;165;"🌍 Wer hätte gedacht, dass ein Tennisplatz auch ein Ort zum Träumen über meine nächste Reise sein könnte? 🧳 #Reisefieber #TravelGram #TräumeVerwirklichen";storage/photos/2/766.webp;2024-07-13 21:43:10;2024-07-13 21:43:10
767;166;Magische Momente festgehalten durch die Linse einer Vintage-Kamera 📸✨ #InstaShot #FrameIt #VintageVibes;storage/photos/2/767.webp;2024-07-13 21:43:10;2024-07-13 21:43:10
768;166;"Vintage Kamera in der Hand, auf Entdeckungstour in der Natur 🌿📸 #InstaShot #Schnappschuss #VintageVibes";storage/photos/2/768.webp;2024-07-13 21:43:10;2024-07-13 21:43:10
769;166;"Neues Projekt, neues Abenteuer! 📸 Die Vintage-Kamera perfekt in Szene gesetzt – bin gespannt auf die nächsten Shots! #InstaShot #FrameIt #VintageVibes";storage/photos/2/769.webp;2024-07-13 21:43:10;2024-07-13 21:43:10
770;166;Unterwegs mit meiner Vintage-Kamera 📷✨ Immer auf der Suche nach dem perfekten Moment. #Schnappschuss #InstaShot #FotografieLiebhaber;storage/photos/2/770.webp;2024-07-13 21:43:10;2024-07-13 21:43:10
771;167;Das perfekte Swish 🎯🏀! Fast so magisch wie mein Lieblingsroman 🌠. #Korbwerfer #Basketballfieber #GameTime;storage/photos/2/771.webp;2024-07-13 21:43:10;2024-07-13 21:43:10
772;167;Nach dem Training noch ein paar Würfe geübt 🏀💪 #BballAddict #Korbwerfer #LoveTheGame;storage/photos/2/772.webp;2024-07-13 21:43:10;2024-07-13 21:43:10
773;167;Feeling unstoppable on my favorite court! 💪🏀 #BballAddict #Basketballfieber #LiveLoveHoop;storage/photos/2/773.webp;2024-07-13 21:43:10;2024-07-13 21:43:10
774;167;Endlich Zeit für ein gutes Buch 📖✨ Die Seiten entführen mich in andere Welten 😌 #ReadingIsCool #Leseliebe #AdventureBetweenPages;storage/photos/2/774.webp;2024-07-13 21:43:10;2024-07-13 21:43:10
775;167;Ein gutes Buch und der Duft von frischer Luft 📖🍃 #ReadingIsCool #Leseliebe #BücherLiebhaber;storage/photos/2/775.webp;2024-07-13 21:43:10;2024-07-13 21:43:10
776;167;Ein gutes Buch und ein sonniger Tag ☀️📖 Einfach himmlisch! #Wissenshunger #ReadingIsCool #LesenLeben;storage/photos/2/776.webp;2024-07-13 21:43:10;2024-07-13 21:43:10
777;167;"Dribbeln durch den Tag, Slam Dunk in der Tasche 🏀🔥 #BballAddict #Basketballfieber #GameDay";storage/photos/2/777.webp;2024-07-13 21:43:10;2024-07-13 21:43:10
778;167;🏀 Das perfekte Spielfeld für den nächsten großen Wurf! 🌟 #Korbwerfer #BballAddict #GameDay;storage/photos/2/778.webp;2024-07-13 21:43:10;2024-07-13 21:43:10
779;167;"Perfektes Spiel auf meinem Lieblingsplatz getroffen! 🏀 Die Sonne scheint, und ich bin bereit, zu dominieren! 😜 #Korbwerfer #HoopDreams #SunshineandHoops";storage/photos/2/779.webp;2024-07-13 21:43:10;2024-07-13 21:43:10
780;167;"Ein Buch und eine Bank, was will man mehr? 📚✨ #BookNerd #Wissenshunger #PureJoy";storage/photos/2/780.webp;2024-07-13 21:43:10;2024-07-13 21:43:10
781;167;Lesen am Basketballplatz – perfekte Entspannung nach dem Training 📚💪 #Leseliebe #ReadingIsCool #BasketballBuch;storage/photos/2/781.webp;2024-07-13 21:43:10;2024-07-13 21:43:10
782;168;🎸 Rocken beim Festival! Die Band-Shirts und der Vibe hier sind einfach unschlagbar! 😎 #MusicIsLife #Musikliebhaber #FestivalFeeling;storage/photos/2/782.webp;2024-07-13 21:43:10;2024-07-13 21:43:10
783;168;Musik ist mein Leben 🎶 Heute beim Festival in meinem Element! 🌟 #Konzertfieber #MusicIsLife #FestivalVibes;storage/photos/2/783.webp;2024-07-13 21:43:10;2024-07-13 21:43:10
784;168;Musik in meinem Herzen und den Vibes! 🎶✨ Dieses Festival rockt! #Musikliebhaber #MusicIsLife #FestivalFeeling;storage/photos/2/784.webp;2024-07-13 21:43:10;2024-07-13 21:43:10
785;169;Heute Abend Kichererbseneintopf gekocht 🍲👩‍🍳. Nichts geht über hausgemachtes Essen in meiner gemütlichen Küchenumgebung. #Feinschmecker #Kochliebe #Hausgemacht;storage/photos/2/785.webp;2024-07-13 21:43:10;2024-07-13 21:43:10
786;169;"Frischer Knoblauch, Rosmarin und eine Prise Liebe 🧄🌿✨ #ChefMode #Feinschmecker #KochenMitLiebe";storage/photos/2/786.webp;2024-07-13 21:43:10;2024-07-13 21:43:10
787;169;Kulinarische Abenteuer in der Küche 👩‍🍳 Heute gibt's mediterrane Köstlichkeiten! #ChefMode #Feinschmecker #MediterraneanVibes;storage/photos/2/787.webp;2024-07-13 21:43:10;2024-07-13 21:43:10
788;170;Coding-Sessions und Kaffeepausen ☕💻 #Entwicklerherz #Codeliebe #DigitalFuture;storage/photos/2/788.webp;2024-07-13 21:43:10;2024-07-13 21:43:10
789;170;Heute mit Code und Herz im Einsatz 💻❤️ #Ehrenamt #DoGood #HelpingHands;storage/photos/2/789.webp;2024-07-13 21:43:10;2024-07-13 21:43:10
790;170;💡 Ein bugfreies Code-Projekt in Aktion! #TechWizard #HackathonHero #CodeLife;storage/photos/2/790.webp;2024-07-13 21:43:10;2024-07-13 21:43:10
791;170;"Freiwillig aktiv am Wochenende 🌟🛠️ Ein neuer Tag, um Gutes zu tun! #FreiwilligEngagiert #Ehrenamt #GebenMachtGlücklich";storage/photos/2/791.webp;2024-07-13 21:43:10;2024-07-13 21:43:10
792;170;Coding in meinem Element 👩‍💻⚡️ #HackathonHero #TechWizard #CodeLikeAGirl;storage/photos/2/792.webp;2024-07-13 21:43:10;2024-07-13 21:43:10
793;171;Sportliche Eleganz trifft auf Street Style 🕶️✨ #Modetrends #StyleGame #UrbanChic;storage/photos/2/793.webp;2024-07-13 21:43:10;2024-07-13 21:43:10
794;171;Neuen Look ausprobiert und ich liebe es! 🤩👗 #Modetrends #Fashionista #SportyChic;storage/photos/2/794.webp;2024-07-13 21:43:10;2024-07-13 21:43:10
795;171;Sportlicher Chic trifft auf Eleganz 👗✨ Mode-Must-Haves für jeden Tag! #Fashionista #Modetrends #StyleInspo;storage/photos/2/795.webp;2024-07-13 21:43:10;2024-07-13 21:43:10
796;172;Episches Level-Up in meinem Lieblingsspiel! 🎮✨ #GameOn #GamerLife;storage/photos/2/796.webp;2024-07-13 21:43:10;2024-07-13 21:43:10
797;172;Frisch vom Trail und voller Energie! 🌲🏃‍♀️ #Jogging #RunnerHigh #FitnessGoals;storage/photos/2/797.webp;2024-07-13 21:43:10;2024-07-13 21:43:10
798;172;🎮 Gerade mitten in einem epischen Gaming-Level 😎 und dachte an mein nächstes Laufziel. 🏃‍♀️ #GameOn #Gamerlife #NeverStopPlaying;storage/photos/2/798.webp;2024-07-13 21:43:10;2024-07-13 21:43:10
799;172;Morgenläufe sind die besten 🌄✨ #Jogging #Laufliebe #Frühsport;storage/photos/2/799.webp;2024-07-13 21:43:10;2024-07-13 21:43:10
800;172;Gerade den Boss besiegt und mein neues Level erreicht! 💥🎮 #GameOn #LevelUpLife #GamingAdventure;storage/photos/2/800.webp;2024-07-13 21:43:10;2024-07-13 21:43:10
801;172;Endlich den neuen Level geschafft! 😅🎮 Jetzt ab auf die nächste Laufbahn. 🌟 #Zocken #Gamerlife #ChallengeAccepted;storage/photos/2/801.webp;2024-07-13 21:43:10;2024-07-13 21:43:10
802;172;Gamer-Vibes auf der Laufstrecke 👾✨ Level up in real life und im Spiel! #GameOn #LevelUpLife #PixelPassion;storage/photos/2/802.webp;2024-07-13 21:43:10;2024-07-13 21:43:10
803;172;🎮 In der Welt der Pixel-Crusader! ✨ #Gamerlife #GameOn #PixelMagic;storage/photos/2/803.webp;2024-07-13 21:43:10;2024-07-13 21:43:10
804;172;Neues Ziel: 5 km in unter 25 Minuten! 🌟🏃‍♀️ #Jogging #RunnerHigh #ChallengeAccepted;storage/photos/2/804.webp;2024-07-13 21:43:10;2024-07-13 21:43:10
805;173;Frisches Tennis-Match auf dem Platz 🌧️ #CourtCrush #ServingLooks #TennisLife;storage/photos/2/805.webp;2024-07-13 21:43:10;2024-07-13 21:43:10
806;173;Regen kann uns nicht bremsen! ⛈️ Nächster Stopp: Dry Court Victory! #CourtCrush #Tennisass #RainyDayBlues;storage/photos/2/806.webp;2024-07-13 21:43:10;2024-07-13 21:43:10
807;173;Wenn der Ball nur die Stille des leeren Platzes durchbricht... 🌧️ #Aufschlag #CourtCrush #Regenmoment;storage/photos/2/807.webp;2024-07-13 21:43:10;2024-07-13 21:43:10
808;173;"Heute kein Knallerspiel, sondern Pause-Time auf dem Court. 🌧️ Aber schon bald geht's wieder los! #Aufschlag #CourtCrush #Geduld";storage/photos/2/808.webp;2024-07-13 21:43:10;2024-07-13 21:43:10
809;173;"Nichts stoppt mich, nicht mal der Regen! 🌧️🎾 #Tennisass #Aufschlag #Motivation";storage/photos/2/809.webp;2024-07-13 21:43:10;2024-07-13 21:43:10
810;173;"Trotz Regen 🌧️ bleibt der Platz mein zweites Zuhause. Tennismomente, die man nicht vergisst! #CourtCrush #ServingLooks #GameOn";storage/photos/2/810.webp;2024-07-13 21:43:10;2024-07-13 21:43:10
811;174;Neue Lieblingsperspektive gefunden 📸 Lange Wege zu coolen Klicks 🚶‍♀️✨ #InstaShot #Schnappschuss #Reiselust;storage/photos/2/811.webp;2024-07-13 21:43:10;2024-07-13 21:43:10
812;174;Beim Festhalten des perfekten Moments in meiner edgy Band-Shirt und dicken Brille mitten in den Straßen von Barcelona! 🌆📷 #Schnappschuss #InstaShot #TravelPhotography;storage/photos/2/812.webp;2024-07-13 21:43:10;2024-07-13 21:43:10
813;174;Verborgene Gassen und lebendige Farben 🌈✈️ Erzähle deine eigene Geschichte hier! #TravelGram #Weltenbummler #Abenteuerlust;storage/photos/2/813.webp;2024-07-13 21:43:10;2024-07-13 21:43:10
814;175;"Sonne, Tennisplatz und ein perfekter Aufschlag! 🌞🎾 #Aufschlag #Tennisass #VintageStyle";storage/photos/2/814.webp;2024-07-13 21:43:10;2024-07-13 21:43:10
815;175;Perfektes Tennis-Wetter! 🎾☀️ Die Magie des Platzes beflügelt meine Schläge. #Tennisass #ServingLooks #SommerVibes;storage/photos/2/815.webp;2024-07-13 21:43:10;2024-07-13 21:43:10
816;175;Vintage Tennis-Style trifft auf den Catwalk! 👗✨ #Modetrends #StyleGame #VintageVibes;storage/photos/2/816.webp;2024-07-13 21:43:10;2024-07-13 21:43:10
817;175;Perfekter Tag auf dem Tennisplatz ☀️🎾 In meinem neuen Vintage-Dress den Ball ins Spiel gebracht! 💪 #ServingLooks #CourtCrush #TennisLover;storage/photos/2/817.webp;2024-07-13 21:43:10;2024-07-13 21:43:10
818;176;Game face on 🏀🔥 Vor dem großen Spiel das Spielfeld gecheckt und den perfekten Freiwurf geübt. #Korbwerfer #Basketballfieber #GameDay;storage/photos/2/818.webp;2024-07-13 21:43:10;2024-07-13 21:43:10
819;176;"Ein weiterer Tag am Court 🏀, immer den Traum vom perfekten Wurf im Blick. Auch wenn es schwer ist, bleibe ich dran. 💪#BballAddict #Korbwerfer #TrainingDay";storage/photos/2/819.webp;2024-07-13 21:43:10;2024-07-13 21:43:10
820;177;"Morgens die Natur erleben 🌄, abends die Kilometer zählen 🏃‍♀️ #Jogging #RunnerHigh #OutdoorAdventures";storage/photos/2/820.webp;2024-07-13 21:43:10;2024-07-13 21:43:10
821;177;⚽️ Beim Training auf dem Fußballplatz geben wir immer 110%! #Torjäger #SoccerLife #Passion;storage/photos/2/821.webp;2024-07-13 21:43:10;2024-07-13 21:43:10
822;177;Spieltag! ⚽️ Den Ball übers Feld treiben und auf das Tor zu zielen - kein besseres Gefühl! 🌟 #Torjäger #GoalGetter #FußballLiebe;storage/photos/2/822.webp;2024-07-13 21:43:10;2024-07-13 21:43:10
823;177;Run & Smile im Sonnenschein 🌞🏃‍♀️ #Jogging #Laufliebe #Sportverrückt;storage/photos/2/823.webp;2024-07-13 21:43:10;2024-07-13 21:43:10
824;178;Grüne Daumen in Action 🌿👩‍🔬🌱 Im Gewächshaus neue Pflanzen gezüchtet! #UrbanJungle #GrünerDaumen #Wissenschaftsliebe;storage/photos/2/824.webp;2024-07-13 21:43:10;2024-07-13 21:43:10
825;178;Neues Molekül entdeckt 🧬🔍 #MindBlown #Forschergeist #Wissenschaft;storage/photos/2/825.webp;2024-07-13 21:43:10;2024-07-13 21:43:10
826;178;"🌿 Magischer Moment im Gewächshaus! Entdecke das Leben, das in jedem Blatt steckt. #PlantParent #Grünerdaumen #NatureLover";storage/photos/2/826.webp;2024-07-13 21:43:10;2024-07-13 21:43:10
827;178;Ein toller Morgen im Gewächshaus 🌞🌿. Neue Pflanzen entdeckt und liebevoll eingetopft. So viel Freude im Garten! #PlantParent #Gartenliebe #GrüneDaumen;storage/photos/2/827.webp;2024-07-13 21:43:10;2024-07-13 21:43:10
828;178;Heute voller Liebe in meinem kleinen Pflanzendschungel gewühlt 🌿👩‍🔬 #Grünerdaumen #PlantParent #Gärtnerfreude;storage/photos/2/828.webp;2024-07-13 21:43:10;2024-07-13 21:43:10
829;179;🎭 Die Magie der Bühne hinter den Kulissen 🌟 Gerade an einer neuen Szene gearbeitet und das Feeling ist einfach unbeschreiblich! #Theaterliebe #Bühnenzauber #BackstageMoments;storage/photos/2/829.webp;2024-07-13 21:43:10;2024-07-13 21:43:10
830;179;"Einen Schritt näher zum großen Auftritt 🎭✨ Nicht nur auf der Bühne strahlen, sondern auch hinter den Kulissen. #Bühnenzauber #SpotlightMoment #BackstageMagic";storage/photos/2/830.webp;2024-07-13 21:43:10;2024-07-13 21:43:10
831;179;Letzte Probe vor der großen Aufführung 🎭✨ Hinter der Bühne und voller Vorfreude! #Bühnenzauber #Theaterliebe #Lampenfieber;storage/photos/2/831.webp;2024-07-13 21:43:10;2024-07-13 21:43:10
832;180;Sprachen machen die Welt schöner! 🌍📚 Heute lerne ich neue japanische Wörter in der Stadt. #Weltsprachen #PolyglotLife #LanguageAdventures;storage/photos/2/832.webp;2024-07-13 21:43:10;2024-07-13 21:43:10
833;180;"Draußen in der Stadt, vertieft in mein Japanisch-Lehrbuch 📚✨ #PolyglotLife #LanguageNinja #UrbanExplorer";storage/photos/2/833.webp;2024-07-13 21:43:10;2024-07-13 21:43:10
834;180;Sprachen um mich herum 🌐✨ Am Lieblingsplatz im Quartier ein neues Japanisch-Wort entdeckt! #PolyglotLife #Sprachtalent #UrbanLife;storage/photos/2/834.webp;2024-07-13 21:43:10;2024-07-13 21:43:10
835;180;"Neues Wort, neues Abenteuer 📖✨ #Weltsprachen #Sprachtalent #LearnEveryday";storage/photos/2/835.webp;2024-07-13 21:43:10;2024-07-13 21:43:10
836;180;📖 Ein neues Lieblingswort gefunden in einem alten japanischen Buch. 🌸 #Sprachtalent #PolyglotLife #Wortschatz;storage/photos/2/836.webp;2024-07-13 21:43:10;2024-07-13 21:43:10
837;180;Mit meinem neuen Roman auf einer Bank in der Stadt 📖✨ #PolyglotLife #Weltsprachen #Sprachabenteuer;storage/photos/2/837.webp;2024-07-13 21:43:10;2024-07-13 21:43:10
838;180;In die magische Welt der Sprachen eintauchen 📚✨ #LanguageNinja #Sprachtalent #UrbanVibes;storage/photos/2/838.webp;2024-07-13 21:43:10;2024-07-13 21:43:10
839;181;Laserstrahlen und Neonlichter 🌌💻 – ein Blick in die digitale Zukunft. #TechJunkie #FutureTech #NeonDreams;storage/photos/2/839.webp;2024-07-13 21:43:10;2024-07-13 21:43:10
840;181;Die Urban Jungle erkundet 🌆✨ und die neueste Tech-Innovation entdeckt. Absolut fasziniert von der Zukunft! #TechJunkie #FutureTech #Innovation;storage/photos/2/840.webp;2024-07-13 21:43:10;2024-07-13 21:43:10
841;181;Vintage-Prints und urbane Vibes 🖤✨ #OOTD #StyleGame #UrbanChic;storage/photos/2/841.webp;2024-07-13 21:43:10;2024-07-13 21:43:10
842;181;Stilbruch am Samstagabend 🌃👗 Urbanes Flair trifft auf alternative Mode. Was haltet ihr von meinem neuen Look? #Modetrends #Fashionista #UrbanVibes;storage/photos/2/842.webp;2024-07-13 21:43:10;2024-07-13 21:43:10
843;181;Auf der Suche nach dem perfekten urbanen Look 🕶️ Entdecke die Trends der Stadt und bringe sie in unseren Style 🌆 #Modetrends #Fashionista #UrbanChic;storage/photos/2/843.webp;2024-07-13 21:43:10;2024-07-13 21:43:10
844;181;Entdecke die Zukunft mit einem Touch von Vintage 🌌💻 Heute im urbanen Lab mit meiner Lieblings-Retro-Jeans und bequemen Chucks. #FutureTech #Technikbegeistert #UrbanExplorer;storage/photos/2/844.webp;2024-07-13 21:43:10;2024-07-13 21:43:10
845;181;Auf meinem neuesten Tech-Abenteuer und die Stadt leuchtet im Hintergrund 🌌. #FutureTech #TechJunkie #CityLife;storage/photos/2/845.webp;2024-07-13 21:43:10;2024-07-13 21:43:10
846;182;Wolken umhüllen die Berge wie weiche Decken ⛰️ #TrailBlazer #Naturliebhaber #Bergabenteuer;storage/photos/2/846.webp;2024-07-13 21:43:10;2024-07-13 21:43:10
847;182;Kreative Pause im Atelier 🖌️🌈 #Kreativkopf #CreateDaily #ArtLife;storage/photos/2/847.webp;2024-07-13 21:43:10;2024-07-13 21:43:10
848;182;Die trüben Wolken machen den Waldpfad noch mystischer 🌲🌫️ #HikingVibes #Wanderlust #NatureLover;storage/photos/2/848.webp;2024-07-13 21:43:10;2024-07-13 21:43:10
849;182;Heute die Natur auf neuen Wegen entdecken 😊⛰️ #HikingVibes #Wanderlust #NatureLovers;storage/photos/2/849.webp;2024-07-13 21:43:10;2024-07-13 21:43:10
850;183;"Das Leben ist ein Marathon, kein Sprint. 🏃🏾‍♀️ Veränderung beginnt mit einem Schritt! 💪🏾 #BeTheChange #MachDenUnterschied #StayStrong";storage/photos/2/850.webp;2024-07-13 21:43:10;2024-07-13 21:43:10
851;184;"Hach, was für ein Tag auf dem Filmfestival! 🎬💫 Hamburgs Straßen sind voller Inspiration. #ReelLife #Filmfreak #Hamburg";storage/photos/2/851.webp;2024-07-13 21:43:10;2024-07-13 21:43:10
852;184;Lust auf ein bisschen urbanen Chic? 🌆✨ So sieht Mode auf den Straßen von Hamburg aus! #StyleGame #Fashionista #UrbanChic;storage/photos/2/852.webp;2024-07-13 21:43:10;2024-07-13 21:43:10
853;184;"Fröhliches Film-Marathon-Wochenende, inklusive Popcorn und jeder Menge Lachen! 🍿😂 #Kinofan #CinemaAddict #MovieNight";storage/photos/2/853.webp;2024-07-13 21:43:10;2024-07-13 21:43:10
854;184;Ein Hauch von Vintage trifft auf moderne Eleganz 🌟 So geht's stilvoll durch die Stadt! #OOTD #StyleGame #VintageVibes;storage/photos/2/854.webp;2024-07-13 21:43:10;2024-07-13 21:43:10
855;184;Neues #Outfit-Spiel in der Stadt ausprobieren 🏙️✨ Immer am Puls der #Modetrends! #StyleGame;storage/photos/2/855.webp;2024-07-13 21:43:10;2024-07-13 21:43:10
856;185;"Immer auf der Jagd nach den neuesten Headlines 📰✨ Chillen im Park, während ich die neuesten Nachrichten checke. #TruthSeeker #StayWoke #JournalismLife";storage/photos/2/856.webp;2024-07-13 21:43:10;2024-07-13 21:43:10
857;186;Die Schönheit der Wissenschaft liegt oft im Detail 🔬✨ #Experimentierfreude #ScienceRules #WunderDerNatur;storage/photos/2/857.webp;2024-07-13 21:43:10;2024-07-13 21:43:10
858;186;"Ein stiller Nachmittag, die chemischen Reaktionen meiner letzten Entdeckung beobachten. 🔬💧 #ScienceRules #Experimentierfreude";storage/photos/2/858.webp;2024-07-13 21:43:10;2024-07-13 21:43:10
859;186;"🌱 Die Natur ruft uns zu sanftem Protest. Lasst uns handeln, bevor es zu spät ist. 🌍 #SaveThePlanet #GreenLiving #EcoWarrior";storage/photos/2/859.webp;2024-07-13 21:43:10;2024-07-13 21:43:10
860;186;Die Natur ruft 🌱🌍 Nach einem Tag voller Wissenschaft zurück zur Erde kommen und Pflanzen retten. #GreenLiving #Nachhaltigleben #NatureLover;storage/photos/2/860.webp;2024-07-13 21:43:10;2024-07-13 21:43:10
861;186;"Ihre 🌱 wächst langsam, aber stetig. Jeder kleine Schritt hilft, den Planeten zu retten. #Nachhaltigleben #Umweltschützer #GrünesZukunft";storage/photos/2/861.webp;2024-07-13 21:43:10;2024-07-13 21:43:10
862;186;Experimente im Freien sind einfach die besten! 🌿🔬 #Naturforscherin #Forschergeist #MindBlown;storage/photos/2/862.webp;2024-07-13 21:43:10;2024-07-13 21:43:10
863;186;"Die Natur ruft, und ich antworte! 🌿 Beim Säubern des Parks in meinem nachhaltigen Outfit. #SaveThePlanet #GreenLiving #EcoWarrior";storage/photos/2/863.webp;2024-07-13 21:43:10;2024-07-13 21:43:10
864;186;Im Labor der Natur 🌿🔬 #Experimentierfreude #Forschergeist #Wissenschaftistcool;storage/photos/2/864.webp;2024-07-13 21:43:10;2024-07-13 21:43:10
865;187;Happy Vibes im neuen Outfit ✨👗 #StyleGame #Modetrends #FashionInspo;storage/photos/2/865.webp;2024-07-13 21:43:10;2024-07-13 21:43:10
866;187;Neues Outfit inspiriert von den Straßen Tokios 🌟 Steppe in den Tag voller Selbstbewusstsein! #OOTD #Fashionista #UrbanStyle;storage/photos/2/866.webp;2024-07-13 21:43:10;2024-07-13 21:43:10
867;187;Chasing that Parisian chic look with vintage flair 🌟✨ #Fashionista #StyleGame #VintageVibes;storage/photos/2/867.webp;2024-07-13 21:43:10;2024-07-13 21:43:10
868;187;Punktlandung mit meinem neuen 🌟#OOTD! Die perfekte Kombi für einen entspannten Tag im Park. #Modetrends #CasualChic;storage/photos/2/868.webp;2024-07-13 21:43:10;2024-07-13 21:43:10
869;187;Frischer Casual Chic kombiniert mit stylischen Accessoires 🎒✨ #Modetrends #StyleGame #StreetFashion;storage/photos/2/869.webp;2024-07-13 21:43:10;2024-07-13 21:43:10
870;187;"Eleganz auf höchstem Niveau 🌟✨ Ein minimalistisches Design, das pure Klasse ausstrahlt. #StyleGame #Fashionista #ChicVibes";storage/photos/2/870.webp;2024-07-13 21:43:10;2024-07-13 21:43:10
871;187;Vintage trifft athletischen Chic – der perfekte Mix für einen stylishen Alltag 🌟👗 #Fashionista #OOTD #StyleInspiration;storage/photos/2/871.webp;2024-07-13 21:43:10;2024-07-13 21:43:10
872;187;Frischer Style inspiriert vom Straßen-Look ✨🖤 #Modetrends #OOTD #StreetStyle;storage/photos/2/872.webp;2024-07-13 21:43:10;2024-07-13 21:43:10
873;187;"Mode ist meine Leinwand – Farben, Muster und Selbstbewusstsein kombiniert! 💁‍♀️ #Fashionista #Modetrends #StreetStyle";storage/photos/2/873.webp;2024-07-13 21:43:10;2024-07-13 21:43:10
874;187;Casual chic trifft auf urban vibes! 🤩 Gerade in meinen neuen Lieblings-Jeans und sneakers and a mathingsuitable age-appropriate upper clothing durch die City gestrollt. #OOTD #StyleGame #CityWalk;storage/photos/2/874.webp;2024-07-13 21:43:10;2024-07-13 21:43:10
875;187;Heute mal wieder unterwegs und mein neues Outfit ausführen 💁‍♀️. So sieht Mode im echten Leben aus! 😏🌆 #Modetrends #Fashionista #StreetStyle;storage/photos/2/875.webp;2024-07-13 21:43:10;2024-07-13 21:43:10
876;187;Heute wieder unterwegs und die Stadt erobert 🌆👗. Immer auf der Suche nach dem nächsten Trend! #OOTD #Modetrends #StreetStyle;storage/photos/2/876.webp;2024-07-13 21:43:10;2024-07-13 21:43:10
877;188;Ein kleiner Moment der Ruhe im Urban Jungle 🌿💧 #Gartenliebe #UrbanJungle #GrünerDaumen;storage/photos/2/877.webp;2024-07-13 21:43:10;2024-07-13 21:43:10
878;188;Auch an grauen Tagen flüstert der Garten Hoffnung 💧🌿 #PlantParent #Gartenliebe;storage/photos/2/878.webp;2024-07-13 21:43:10;2024-07-13 21:43:10
879;188;Ein kleiner Tropfen Regen auf frischen Kräutern - mein Garten lebt immer 🌧️🌿 #PlantParent #Gartenliebe #FreshStarts;storage/photos/2/879.webp;2024-07-13 21:43:10;2024-07-13 21:43:10
880;188;Frische Kräuter in der Küche 🌿✨ #Feinschmecker #Kochliebe #Küchenmagie;storage/photos/2/880.webp;2024-07-13 21:43:10;2024-07-13 21:43:10
881;189;Weg zum Sieg! ⚽️ #SoccerLife #GoalGetter #Fokus;storage/photos/2/881.webp;2024-07-13 21:43:10;2024-07-13 21:43:10
882;189;Spielvorbereitung auf dem Platz! 💪⚽️ Die Gegner zappeln schon. #Fußballliebe #Torjäger #Kampfgeist;storage/photos/2/882.webp;2024-07-13 21:43:10;2024-07-13 21:43:10
883;189;"Spieltag! ⚽️❤️ Zeig ihnen, wie stark du bist! #Fußballliebe #GoalGetter #PowerGirl";storage/photos/2/883.webp;2024-07-13 21:43:10;2024-07-13 21:43:10
884;189;Nach dem Spiel ist vor dem Spiel! ⚽️🔥 #SoccerLife #Fußballliebe #ComebackStronger;storage/photos/2/884.webp;2024-07-13 21:43:10;2024-07-13 21:43:10
885;189;Spieltag im Stadion! ⚽️ Schaue mit Entschlossenheit in die Zukunft. #GoalGetter #SoccerLife #KeinAufgeben;storage/photos/2/885.webp;2024-07-13 21:43:10;2024-07-13 21:43:10
886;190;Neues Fotoabenteuer im Park 📸✨ Mit meiner Kamera auf Entdeckungsreise! #Schnappschuss #FrameIt #NatureLove;storage/photos/2/886.webp;2024-07-13 21:43:10;2024-07-13 21:43:10
887;190;Arbeite gerade an meinem neuesten Codeprojekt in der freien Natur 🌳💻 #Codeliebe #Entwicklerherz #KreativerCode;storage/photos/2/887.webp;2024-07-13 21:43:10;2024-07-13 21:43:10
888;190;Ein bisschen Code im Park geschrieben 🌳💻 #Codeliebe #TechWizard #CodingAbenteuer;storage/photos/2/888.webp;2024-07-13 21:43:10;2024-07-13 21:43:10
889;190;Einen neuen Code meistern und die Welt erobern! 💻🌟 #HackathonHero #Codeliebe #GirlPower;storage/photos/2/889.webp;2024-07-13 21:43:10;2024-07-13 21:43:10
890;190;Entdecke die Schönheit durch meine Linse 📷✨ #FrameIt #InstaShot #CreativeNature;storage/photos/2/890.webp;2024-07-13 21:43:10;2024-07-13 21:43:10
891;190;Eindrücke vom Weltcode-Tag 🌍💻 #TechWizard #ProgrammierenLeben #HackathonHero;storage/photos/2/891.webp;2024-07-13 21:43:10;2024-07-13 21:43:10
892;190;Finde den Bug und seine witzigen Freunde 😂💡 #Entwicklerherz #TechWizard #CodersLife;storage/photos/2/892.webp;2024-07-13 21:43:10;2024-07-13 21:43:10
893;190;Immer auf der Suche nach neuen Perspektiven 📸✨. Heute habe ich die goldene Stunde im Park eingefangen 🌇. #InstaShot #Schnappschuss #GoldenHour;storage/photos/2/893.webp;2024-07-13 21:43:10;2024-07-13 21:43:10
894;191;"Wenn der Ball nicht in den Korb will 🎯, aber der Wille stark bleibt 🌟. #Basketballfieber #Korbwerfer #Mut";storage/photos/2/894.webp;2024-07-13 21:43:10;2024-07-13 21:43:10
895;191;"Stellt euch vor, die Welt zu retten und dabei Spaß zu haben! 🌍✊ Heute war ich auf dem Court, um mit Freunden über Klimaschutz zu sprechen. #MachDenUnterschied #JungerAktivist #FightForOurFuture";storage/photos/2/895.webp;2024-07-13 21:43:10;2024-07-13 21:43:10
896;191;Die Welt 🌍 braucht jetzt unsere Stimme! Die Schilder bereiten sich auf den nächsten Marsch vor. #SpeakUp #MachDenUnterschied;storage/photos/2/896.webp;2024-07-13 21:43:10;2024-07-13 21:43:10
897;192;Lachen am Pool 🏊‍♀️😄 Nichts geht über eine gute Schwimmeinheit! 🌊 #Wasserratte #PoolVibes #SommerFeeling;storage/photos/2/897.webp;2024-07-13 21:43:10;2024-07-13 21:43:10
898;192;Sommerliche Pool-Vibes 🌊 Diese frische Brise und das kristallklare Wasser #SwimSquad #PoolVibes #AquaLove;storage/photos/2/898.webp;2024-07-13 21:43:10;2024-07-13 21:43:10
899;192;Pool-Session vor dem Wettkampf! 😃🌊 Training für den Sieg! #SwimSquad #Wasserratte #KeepPushing;storage/photos/2/899.webp;2024-07-13 21:43:10;2024-07-13 21:43:10
900;192;Entspannung pur nach der harten Trainingseinheit 💦 #Wasserratte #PoolVibes #SwimLife;storage/photos/2/900.webp;2024-07-13 21:43:10;2024-07-13 21:43:10
901;192;Nach dem Training noch kurz ins Wasser springen 🏊‍♀️ Man kann die Ruhe am Pool einfach nicht toppen! 🌞 #Schwimmstar #SwimSquad #PoolTime;storage/photos/2/901.webp;2024-07-13 21:43:10;2024-07-13 21:43:10
902;192;"Sonnenschein und Wasserabenteuer 🌞🏊‍♀️ Die Schwimmtechnik verbessern, ein Tag am Pool! #Schwimmstar #SwimSquad #WaterLover";storage/photos/2/902.webp;2024-07-13 21:43:10;2024-07-13 21:43:10
903;192;Abschalten nach einem intensiven Schwimmtraining 🌊😊. Nichts geht über die Pool-Vibes! #PoolVibes #Wasserratte #ChillZeit;storage/photos/2/903.webp;2024-07-13 21:43:10;2024-07-13 21:43:10
904;192;Genieße die Ruhe nach dem Training am Pool 🏊‍♀️🌅 #SwimSquad #Wasserratte #PoolLife;storage/photos/2/904.webp;2024-07-13 21:43:10;2024-07-13 21:43:10
905;192;Kommendes Schwimmabenteuer 🌊🏊‍♀️ #SwimSquad #NextLevel;storage/photos/2/905.webp;2024-07-13 21:43:10;2024-07-13 21:43:10
906;192;Chillen am Pool nach einem harten Training 🏊‍♀️💦 Energie tanken für das nächste Schwimmabenteuer! 🌞 #PoolVibes #Wasserratte #SwimLife;storage/photos/2/906.webp;2024-07-13 21:43:10;2024-07-13 21:43:10
907;192;Ein perfekter Tag am Pool! 💦 Diese Ruhe vor dem Wettkampf ist einfach unschlagbar. #PoolVibes #Wasserratte #TrainingDay;storage/photos/2/907.webp;2024-07-13 21:43:10;2024-07-13 21:43:10
908;193;Schritt für Schritt die Welt entdecken ✈️🌍 #Reisefieber #Weltenbummler #Abenteuerlust;storage/photos/2/908.webp;2024-07-13 21:43:10;2024-07-13 21:43:10
909;193;Tauchen in die stille Schönheit des Ozeans 🌊 #SwimSquad #Schwimmstar #MeerLiebe;storage/photos/2/909.webp;2024-07-13 21:43:10;2024-07-13 21:43:10
910;193;Ein perfekter Schwimm-Tag! 🏊‍♀️🐚 Nichts geht über das Gefühl der Freiheit im Wasser. #Schwimmstar #SwimSquad #BeachVibes;storage/photos/2/910.webp;2024-07-13 21:43:10;2024-07-13 21:43:10
911;193;"🌞 Früh morgens am Pool, das Wasser glitzert und ruft nach Abenteuern! 🏊‍♀️ #Wasserratte #SwimSquad #SommerVibes";storage/photos/2/911.webp;2024-07-13 21:43:10;2024-07-13 21:43:10
912;193;"Auf der Suche nach neuen Horizonten und Abenteuern. 🗺️ Die Welt wartet darauf, entdeckt zu werden. #Reisefieber #Weltenbummler #Traumreise";storage/photos/2/912.webp;2024-07-13 21:43:10;2024-07-13 21:43:10
913;194;🎧 Musik macht die Welt bunter! Die Energie auf dem Konzert war einfach magisch 🌟 #Konzertfieber #SoundOn #Musikliebe;storage/photos/2/913.webp;2024-07-13 21:43:10;2024-07-13 21:43:10
914;194;"Level up! Ein neuer Highscore, ein neues Abenteuer 💥🕹️ #Gamerlife #GameOn #NextLevel";storage/photos/2/914.webp;2024-07-13 21:43:10;2024-07-13 21:43:10
915;194;Letztes Level des Tages 🎮 Zeit für ein episches Abenteuer in meiner Gaming-Zone! 🚀 #LevelUpLife #Gamerlife #GirlsWhoGame;storage/photos/2/915.webp;2024-07-13 21:43:10;2024-07-13 21:43:10
916;194;"Meistere das nächste Level 😎🎮 Immer auf der Jagd nach neuen Abenteuern, direkt aus meinem Gaming-Zimmer! #LevelUpLife #GameOn #GamingQueen";storage/photos/2/916.webp;2024-07-13 21:43:10;2024-07-13 21:43:10
917;194;🎶 Musiksession im eigenen Reich! 💙 #MusicIsLife #SoundOn #PureJoy;storage/photos/2/917.webp;2024-07-13 21:43:10;2024-07-13 21:43:10
918;195;Neues Lieblingsoutfit im Garten entdeckt 🌸🌿 #StyleGame #Modetrends #Gartenliebe;storage/photos/2/918.webp;2024-07-13 21:43:10;2024-07-13 21:43:10
919;195;Zwischen den Blumen blühen auch meine Ideen 🌸🌿 #Grünerdaumen #PlantParent #Inspiration;storage/photos/2/919.webp;2024-07-13 21:43:10;2024-07-13 21:43:10
920;195;Der Duft dieser Blüten belebt meine Sinne 🌸🌿 #Gartenliebe #Grünerdaumen #Inspiration;storage/photos/2/920.webp;2024-07-13 21:43:10;2024-07-13 21:43:10
921;195;Frisch aus dem Garten inspiriert 🪴✨ Heute im pastellfarbenen Look neue Styles kreieren! #OOTD #StyleGame #GartenMood;storage/photos/2/921.webp;2024-07-13 21:43:10;2024-07-13 21:43:10
922;196;"Der Moment, wenn das Ende eines Films dich komplett aus den Socken haut! 🎥✨ #CinemaAddict #Filmfreak #MovieMagic";storage/photos/2/922.webp;2024-07-13 21:43:10;2024-07-13 21:43:10
923;196;🎥 Wenn das Leben wie eine Filmszene wirkt! Auf einem Filmfestival in der Stadt unterwegs. #CinemaAddict #Kinofan #UrbanVibes;storage/photos/2/923.webp;2024-07-13 21:43:10;2024-07-13 21:43:10
924;196;"Mode steht mir gut, und die Stadt ist mein Laufsteg 🌆👗 #OOTD #Fashionista #CityVibes";storage/photos/2/924.webp;2024-07-13 21:43:10;2024-07-13 21:43:10
925;197;Endlich wieder im Wasser! 🏊‍♀️🌊 Der perfekte Tag zum Abtauchen. #Wasserratte #SwimSquad #Sommerliebe;storage/photos/2/925.webp;2024-07-13 21:43:10;2024-07-13 21:43:10
926;197;Tauche ein in die Welt des kristallklaren Poolwassers 💦🏊‍♀️ #Wasserratte #PoolVibes #Sommerliebe;storage/photos/2/926.webp;2024-07-13 21:43:10;2024-07-13 21:43:10
927;197;Erster Aufschlag auf dem Tennisplatz! 🎾💪 #ServingLooks #Tennisass #Courtlife;storage/photos/2/927.webp;2024-07-13 21:43:10;2024-07-13 21:43:10
928;197;Endlich wieder im Pool! 🏊‍♀️ Nichts ist besser als nach der Schule ein paar Bahnen zu ziehen. #PoolVibes #Wasserratte #Schwimmen;storage/photos/2/928.webp;2024-07-13 21:43:10;2024-07-13 21:43:10
929;197;Volle Power auf dem Tennisplatz! 🎾 Bereit fürs nächste Ass? 😎 #Tennisass #ServingLooks #Sportlich;storage/photos/2/929.webp;2024-07-13 21:43:10;2024-07-13 21:43:10
930;198;"🌍 Kleine Schritte, große Veränderungen ✊ #BeTheChange #SpeakUp #FutureIsNow";storage/photos/2/930.webp;2024-07-13 21:43:10;2024-07-13 21:43:10
931;198;Leuchtende Protesttafeln in den Straßen 🌟✊ #JungerAktivist #BeTheChange;storage/photos/2/931.webp;2024-07-13 21:43:10;2024-07-13 21:43:10
932;198;Stolz meine Stimme zu erheben und für Gerechtigkeit zu kämpfen ✊. Heute bei der Demo gegen Umweltverschmutzung 🌍. #SpeakUp #JungerAktivist #FürEineBessereWelt;storage/photos/2/932.webp;2024-07-13 21:43:10;2024-07-13 21:43:10
933;199;"Neuer Aufschlag, neues Glück 🎾✨! Mit meiner Lieblingsschlägerin den Ball übers Netz katapultiert. #Tennisass #ServingLooks #SportyVibes";storage/photos/2/933.webp;2024-07-13 21:43:10;2024-07-13 21:43:10
934;199;"Neue Zeilen, neues Code-Abenteuer! 💻✨ #Codeliebe #Entwicklerherz #CodeLife";storage/photos/2/934.webp;2024-07-13 21:43:10;2024-07-13 21:43:10
935;199;"Hacker-Mode aktiviert 🤓🖥️ Gerade dabei, meinen Code mit AI-Power zu boosten! #Entwicklerherz #TechWizard #CodingLife";storage/photos/2/935.webp;2024-07-13 21:43:10;2024-07-13 21:43:10
936;199;Immer auf der Suche nach neuen Code-Abenteuern 💻✨ Einfach mal im urbanen Dschungel den Kopf freimachen und ein neues Projekt starten. #TechWizard #Codeliebe #UrbanCoding;storage/photos/2/936.webp;2024-07-13 21:43:10;2024-07-13 21:43:10
937;199;👩‍💻 Gerade meinen neuen Code in einem urbanen Café getestet! #Codeliebe #TechWizard #UrbanLife;storage/photos/2/937.webp;2024-07-13 21:43:10;2024-07-13 21:43:10
938;200;Politische Pflanzenliebe 🌻💚 Heute eine Petition im Garten unterschrieben! #GenZ4Change #ZukunftGestalten #PlantPower;storage/photos/2/938.webp;2024-07-13 21:43:10;2024-07-13 21:43:10
939;200;🌱 Ruheoase mitten im Grünen! 🌳✨ #Gartenliebe #PlantParent #NatureLaughs;storage/photos/2/939.webp;2024-07-13 21:43:10;2024-07-13 21:43:10
940;200;Heute wieder politisch aktiv 💪🌱 Mit meinem Garten im Hintergrund schildere ich meine Visionen für eine grünere Zukunft! #YouthVoice #ZukunftGestalten #GrünDenken;storage/photos/2/940.webp;2024-07-13 21:43:10;2024-07-13 21:43:10
941;201;Wenn Skepsis zum Style-Statement wird 💅✨ Urban vibes und modebewusste Rebellion. #StyleGame #OOTD;storage/photos/2/941.webp;2024-07-13 21:43:10;2024-07-13 21:43:10
942;201;Stadtspaziergang in Style 😎🕶️ #Fashionista #StyleGame #UrbanChic;storage/photos/2/942.webp;2024-07-13 21:43:10;2024-07-13 21:43:10
943;201;Stolz zeige ich heute meinen neuen stylischen Look in der Stadt 😎👠 #OOTD #Modetrends #CityVibes;storage/photos/2/943.webp;2024-07-13 21:43:10;2024-07-13 21:43:10
944;201;Mode ist meine Sprache 💬✨ Neues Streetstyle-Outfit für den heutigen City-Bummel. #Modetrends #OOTD #UrbanVibes;storage/photos/2/944.webp;2024-07-13 21:43:10;2024-07-13 21:43:10
945;201;Streife durch die Stadt auf der Suche nach neuen Modeideen ⚡️🌍 Heute ganz casual unterwegs! #Fashionista #OOTD #StreetStyle;storage/photos/2/945.webp;2024-07-13 21:43:10;2024-07-13 21:43:10
946;201;Mode auf den Straßen der Stadt erkunden 🕶️👗. Heute inspiriert mich jede Ecke! #Modetrends #StyleGame #UrbanChic;storage/photos/2/946.webp;2024-07-13 21:43:10;2024-07-13 21:43:10
947;201;Streetstyle Vibes 🚶‍♀️✨ Perfekt unperfekt im urbanen Dschungel. #Fashionista #OOTD #UrbanChic;storage/photos/2/947.webp;2024-07-13 21:43:10;2024-07-13 21:43:10
948;201;Statement-Piece für die neue Saison entdeckt! 🎨✨ #Modetrends #OOTD #UrbanVibes;storage/photos/2/948.webp;2024-07-13 21:43:10;2024-07-13 21:43:10
949;202;🎥 Gerade den neuesten Kinofilm draußen gesehen und bin voll begeistert! #Filmfreak #Kinofan #KinoAbenteuer;storage/photos/2/949.webp;2024-07-13 21:43:10;2024-07-13 21:43:10
950;202;Gerade die süßeste Katze aller Zeiten entdeckt 🐱💖 #PawsomeWorld #PetLife #CutieAlert;storage/photos/2/950.webp;2024-07-13 21:43:10;2024-07-13 21:43:10
951;202;Ein besonderes Filmplakat entdeckt 🎥 Es erinnert mich so sehr an mein Lieblingsdrama 😍 #Filmfreak #ReelLife #MovieMagic;storage/photos/2/951.webp;2024-07-13 21:43:10;2024-07-13 21:43:10
952;202;Im Park entdeckt und schon voller Filmideen! 🎬 #Filmfreak #ReelLife #Inspiration;storage/photos/2/952.webp;2024-07-13 21:43:10;2024-07-13 21:43:10
953;202;Dieser Moment in der Natur ist einfach magisch 🐾🌸 #PawsomeWorld #Tierliebe #Naturwunder;storage/photos/2/953.webp;2024-07-13 21:43:10;2024-07-13 21:43:10
954;202;So viel Freude beim Beobachten dieses kleinen Wirbelwinds 🐿️❤️ #Tierliebe #PawsomeWorld #Naturzauber;storage/photos/2/954.webp;2024-07-13 21:43:10;2024-07-13 21:43:10
955;202;Love spending time with my furry friends in the park 🐾 Even my stylish outfit can handle some pet snuggles! #Tierfreund #PetLife #OutdoorFun;storage/photos/2/955.webp;2024-07-13 21:43:10;2024-07-13 21:43:10
956;202;Für alle #Tierfreund da draußen: Diese lustigen Momente machen das Leben so besonders 🦊💕 #PetLife #Naturwunder;storage/photos/2/956.webp;2024-07-13 21:43:10;2024-07-13 21:43:10
957;202;Entdecke die Welt mit meinen pelzigen Freunden 🦊💖! Heute beim Spaziergang entdeckt. #PetLife #PawsomeWorld #WildlifeAdventures;storage/photos/2/957.webp;2024-07-13 21:43:10;2024-07-13 21:43:10
958;202;"Kinomagie unter freiem Himmel 📽✨ Ein unvergesslicher Moment, eingefangen in der Abenddämmerung. #ReelLife #Kinofan #MovieMagic";storage/photos/2/958.webp;2024-07-13 21:43:10;2024-07-13 21:43:10
959;203;"Tief in den Codezeilen versunken 👩‍💻. Ein bisschen traurig, aber jede Zeile bringt mich meinem Ziel näher. 💙 #Codeliebe #HackathonHero #MädchenMitMission";storage/photos/2/959.webp;2024-07-13 21:43:10;2024-07-13 21:43:10
960;203;"Ein trauriger Tag in der Küche, aber trotzdem ist der Apfelkuchen gelungen 🍏🧁 #ChefMode #Feinschmecker #BackenMitLiebe";storage/photos/2/960.webp;2024-07-13 21:43:10;2024-07-13 21:43:10
961;203;Die perfekte Brownie-Klitsche für nervige Programmierfehler 🍫👩‍🍳 #ChefMode #FoodieFeed #BrownieLove;storage/photos/2/961.webp;2024-07-13 21:43:10;2024-07-13 21:43:10
962;203;"Heute war ich in meiner Küche und habe an einer neuen Biscotti-Rezeptur experimentiert 🍪👩‍🍳. Auch wenn der Teig zuerst etwas bockig war, am Ende hat er sich doch gefügt! #ChefMode #Feinschmecker #Homemade";storage/photos/2/962.webp;2024-07-13 21:43:10;2024-07-13 21:43:10
963;203;Manchmal ist Experimentieren das Beste am Kochen. Die heutige Schoko-Kirsch-Küche hat mich herausgefordert 🍫🍒 #Kochliebe #FoodieFeed #KüchenAbenteuer;storage/photos/2/963.webp;2024-07-13 21:43:10;2024-07-13 21:43:10
964;204;Level aufgestiegen 🎮 Zockernacht bei mir mit neon Farben und mega Konzentration! ✨ #Zocken #Gamerlife #AltVibes;storage/photos/2/964.webp;2024-07-13 21:43:10;2024-07-13 21:43:10
965;204;Level up! 🎮 Heute den Endboss besiegt und ein neues Abenteuer begonnen. #GameOn #LevelUpLife #GamerGirl;storage/photos/2/965.webp;2024-07-13 21:43:10;2024-07-13 21:43:10
966;204;Endlich das nächste Level erreicht! 🔥✌️ Zocken bis zum Morgengrauen im bunten LED-Licht. #LevelUpLife #Zocken #GamerVibes;storage/photos/2/966.webp;2024-07-13 21:43:10;2024-07-13 21:43:10
967;204;Level up! 🎮✨ #LevelUpLife #Gamerlife #GameOn;storage/photos/2/967.webp;2024-07-13 21:43:10;2024-07-13 21:43:10
968;205;Unsere Meere ersticken in Plastik... 🌊🐢 Zeit zu handeln! #Umweltschützer #SaveThePlanet #KeinPlastik;storage/photos/2/968.webp;2024-07-13 21:43:10;2024-07-13 21:43:10
969;205;Kämpfe jeden Tag für eine bessere Welt 🌍💚. Heute beim Müllsammeln am Strand – unser Meer verdient saubere Ufer! #GreenLiving #Umweltschützer #ProtectTheOcean;storage/photos/2/969.webp;2024-07-13 21:43:10;2024-07-13 21:43:10
970;205;Klares Wasser und unendlicher Horizont 🌊✨ #Wasserratte #Schwimmstar #NatureLover;storage/photos/2/970.webp;2024-07-13 21:43:10;2024-07-13 21:43:10
971;205;Nach einem langen Schwimmtraining komme ich immer zur Ruhe 🌊💪 #PoolVibes #Schwimmstar #NatureLover;storage/photos/2/971.webp;2024-07-13 21:43:10;2024-07-13 21:43:10
972;205;"Wellen schlagen, Energie tanken 🌊🐠 #PoolVibes #Wasserratte #GreenLifestyle";storage/photos/2/972.webp;2024-07-13 21:43:10;2024-07-13 21:43:10
973;206;Philosophie im Alltag 🌟📖. Ein ruhiger Moment in Gedanken versunken #Denkerseele #WisdomSeeker #Gedankenwelt;storage/photos/2/973.webp;2024-07-13 21:43:10;2024-07-13 21:43:10
974;206;Tief in Kants Gedankenwelt versunken 📖✨ #Philosophieren #Denkerseele #Gedankenspiel;storage/photos/2/974.webp;2024-07-13 21:43:10;2024-07-13 21:43:10
975;206;Heute wieder in die Tiefen der Philosophie abgetaucht 📖✨ #Denkerseele #DeepThoughts #PhilosophieLeben;storage/photos/2/975.webp;2024-07-13 21:43:10;2024-07-13 21:43:10
976;206;In Gedanken vertieft in Schopenhauers Welten... 🌟📖 #Philosophieren #Denkerseele #Tiefgang;storage/photos/2/976.webp;2024-07-13 21:43:10;2024-07-13 21:43:10
977;206;Heute beim Bücher sortieren im Gemeindezentrum 📚😊 #Ehrenamt #FreiwilligEngagiert #GemeinsamStark;storage/photos/2/977.webp;2024-07-13 21:43:10;2024-07-13 21:43:10
978;207;Von der Leinwand direkt ins Leben 🎥✨ Heute spiele ich die Rolle meines eigenen Films und genieße die Vibes der alten Kinosäle. #CinemaAddict #ReelLife #VintageVibes;storage/photos/2/978.webp;2024-07-13 21:43:10;2024-07-13 21:43:10
979;207;Ein altertümlicher Projektionist leuchtet im Kino ✨📽️ #Geschichtsinteressiert #Nostalgie;storage/photos/2/979.webp;2024-07-13 21:43:10;2024-07-13 21:43:10
980;207;Heute in einem alten Kino 🎬✨ Diese Atmosphäre bringt mich immer zum Nachdenken. #Filmfreak #ReelLife #CinemaFeels;storage/photos/2/980.webp;2024-07-13 21:43:10;2024-07-13 21:43:10
981;207;Gerade vom Kino zurück und schon geht's in die Geschichte. 💁‍♀️📚 Da steckt mehr als nur Filme dahinter! #OldSchoolCool #HistoryBuff #MovieMagic;storage/photos/2/981.webp;2024-07-13 21:43:10;2024-07-13 21:43:10
982;208;"Tierliebe in Action! 🐾 Heute im Tierheim gewesen, um unsere felligen Freunde zu verwöhnen und spazieren zu führen. #PawsomeWorld #Tierliebe #VolunteerLife";storage/photos/2/982.webp;2024-07-13 21:43:10;2024-07-13 21:43:10
983;208;Eine Stunde Spielzeit im Tierheim und die Herzen aller Tiere gewonnen! 🐾💚 #GivingBack #TierheimLiebe #DoGood;storage/photos/2/983.webp;2024-07-13 21:43:10;2024-07-13 21:43:10
984;209;"Kleine Pause vom Lesen, um die Umwelt zu schützen 🌿📚 Warum können Bücher keine Bäume wachsen lassen? #Umweltschützer #Nachhaltigleben #GrünesHerz";storage/photos/2/984.webp;2024-07-13 21:43:10;2024-07-13 21:43:10
985;209;Die Natur 🌿 schützt sich nicht von alleine – plant eure nächste Baumaktion! 🌍 #Nachhaltigleben #SaveThePlanet #GreenFuture;storage/photos/2/985.webp;2024-07-13 21:43:10;2024-07-13 21:43:10
986;209;Planungen für unseren Schulgarten laufen auf Hochtouren! 🌱📚 #Umweltschützer #Nachhaltigleben #GreenTeam;storage/photos/2/986.webp;2024-07-13 21:43:10;2024-07-13 21:43:10
987;209;Heute Bücherregal aufgeräumt und spontan einige recyclte Deko-Ideen gefunden 📚♻️🌿 #Umweltschützer #Nachhaltigleben #SchützDieErde;storage/photos/2/987.webp;2024-07-13 21:43:10;2024-07-13 21:43:10
988;209;Gemütlicher Lesenachmittag 📚 #BookNerd #Wissenshunger #BücherLiebe;storage/photos/2/988.webp;2024-07-13 21:43:10;2024-07-13 21:43:10
989;210;Politik ist nicht nur für Erwachsene! 💪 Heute beim Debattieren über zukünftige Technologien und Gerechtigkeit. #PolitikInteresse #YouthVoice #FutureLeader;storage/photos/2/989.webp;2024-07-13 21:43:10;2024-07-13 21:43:10
990;211;Die Magie des perfekten Rahmens 🪄✨ #Fotoliebe #FrameIt #VintageVibes;storage/photos/2/990.webp;2024-07-13 21:43:10;2024-07-13 21:43:10
991;211;Lichtspiele im alten Stadtpark ✨🌳 #Schnappschuss #Fotoliebe #Lichtmomente;storage/photos/2/991.webp;2024-07-13 21:43:10;2024-07-13 21:43:10
992;211;Vintage Code-Zauber 🔮💻 Inspiration in jeder Zeile #Codeliebe #HackathonHero #VintageTech;storage/photos/2/992.webp;2024-07-13 21:43:10;2024-07-13 21:43:10
993;211;Kaffee in der Hand und Code auf dem Bildschirm ☕💻 Ein sonniger Tag im Park wird zu einem produktiven Coding-Session! #TechWizard #HackathonHero #CodingLife;storage/photos/2/993.webp;2024-07-13 21:43:10;2024-07-13 21:43:10
994;211;🖥️Tauche tief in den Code ein und lass die Kreativität fließen. Dieser Vintage-Look sagt alles! 💾✨ #TechWizard #Codeliebe #VintageVibes;storage/photos/2/994.webp;2024-07-13 21:43:10;2024-07-13 21:43:10
995;211;Kaffee. Code. Sonnenschein. 🌞💻 #HackathonHero #Codeliebe #VintageVibes;storage/photos/2/995.webp;2024-07-13 21:43:10;2024-07-13 21:43:10
996;212;Codezeilen und heiße Kaffeedämpfe in der Sonne ☕️💻 #HackathonHero #Codeliebe #MorningCoding;storage/photos/2/996.webp;2024-07-13 21:43:10;2024-07-13 21:43:10
997;212;"Der Code rollt, während die Sonne untergeht 🌅✨ #HackathonHero #TechWizard #CodeLife";storage/photos/2/997.webp;2024-07-13 21:43:10;2024-07-13 21:43:10
998;212;Den letzten Schliff an meinem Code unter freiem Himmel 👩‍💻🌅 #Codeliebe #TechWizard #DraußenProgrammieren;storage/photos/2/998.webp;2024-07-13 21:43:10;2024-07-13 21:43:10
999;213;Reinheit der Natur eingefangen 🌿🌞 Ein Schritt näher zu einer grüneren Zukunft 🍃 #Nachhaltigleben #GreenLiving #NatureLove;storage/photos/2/999.webp;2024-07-13 21:43:10;2024-07-13 21:43:10
1000;214;Spiel mit Licht und Schatten 📸✨ #FrameIt #Schnappschuss #Lichtblick;storage/photos/2/1000.webp;2024-07-13 21:43:10;2024-07-13 21:43:10
1001;214;Nach einem intensiven Workout im Park 🌳💪 #Gymlife #Fitnessjunkie #OutdoorFitness;storage/photos/2/1001.webp;2024-07-13 21:43:10;2024-07-13 21:43:10
1002;214;Nach dem Workout ist vor dem Workout! 💪 #Gymlife #SweatySelfie #FitnessGoals;storage/photos/2/1002.webp;2024-07-13 21:43:10;2024-07-13 21:43:10
1003;215;"💪 Endlich die neue Fitnessroutine ausprobiert! Alles, was du brauchst, ist eine Yogamatte und gute Laune. 🙌 #Fitnessjunkie #SweatySelfie #WorkoutTime";storage/photos/2/1003.webp;2024-07-13 21:43:10;2024-07-13 21:43:10
1004;215;Lachend durch die neue Fitnessroutine gelaufen! 🏃‍♀️✨ #Fitnessjunkie #Gymlife #BlauMachtFroh;storage/photos/2/1004.webp;2024-07-13 21:43:10;2024-07-13 21:43:10
1005;215;Nach dem Workout im Park 💪😅 #Gymlife #FitFam #WorkoutWonders;storage/photos/2/1005.webp;2024-07-13 21:43:10;2024-07-13 21:43:10
1006;215;Neues Equipment ausprobiert – die Hanteln lieben es! 😆🏋️‍♀️ #Fitnessjunkie #FitFam #WorkoutFun;storage/photos/2/1006.webp;2024-07-13 21:43:10;2024-07-13 21:43:10
1007;215;"Nach einem intensiven Workout im Gym, jetzt Zeit für ein Selfie! 💪 #SweatySelfie #Gymlife #WorkoutSession";storage/photos/2/1007.webp;2024-07-13 21:43:10;2024-07-13 21:43:10
1008;215;Nach einem intensiven Workout im Fitnessstudio 💪! Immer auf der Suche nach dem nächsten Abenteuer 🏋️‍♀️ #SweatySelfie #Fitnessjunkie #StayActive;storage/photos/2/1008.webp;2024-07-13 21:43:10;2024-07-13 21:43:10
1009;216;Der perfekte Aufschlag bei Sonnenuntergang ☀️🎾 #Tennisass #ServingLooks #VintageVibes;storage/photos/2/1009.webp;2024-07-13 21:43:10;2024-07-13 21:43:10
1010;216;Wieder auf dem Court und immer mit Herz dabei 💪🎾 #CourtCrush #Tennisass #VintageVibes;storage/photos/2/1010.webp;2024-07-13 21:43:10;2024-07-13 21:43:10
1011;216;"Matchvorbereitung auf dem Platz 🌟🎾 Heute steht intensives Training an, um mein Aufschlagspiel zu perfektionieren! #CourtCrush #Aufschlag #TennisLove";storage/photos/2/1011.webp;2024-07-13 21:43:10;2024-07-13 21:43:10
1012;217;Sprachen lernen im Park 📚🌳 #Sprachtalent #Weltsprachen #Sprachabenteuer;storage/photos/2/1012.webp;2024-07-13 21:43:10;2024-07-13 21:43:10
1013;217;Sprachen lernen im Park und dabei die Sonne genießen ☀️📚 #LanguageNinja #Sprachtalent #LearningOutdoors;storage/photos/2/1013.webp;2024-07-13 21:43:10;2024-07-13 21:43:10
1014;217;🌍 Zwischen den Seiten meines neuen Französischbuchs entdecke ich eine ganz neue Welt 📚 #LanguageNinja #PolyglotLife #BücherLiebe;storage/photos/2/1014.webp;2024-07-13 21:43:10;2024-07-13 21:43:10
1015;217;"Neue Lektion, neuer Park - Sprachen lernen macht draußen viel mehr Spaß! 🌳📘 #LanguageNinja #Weltsprachen #Lernmoment";storage/photos/2/1015.webp;2024-07-13 21:43:10;2024-07-13 21:43:10
1016;218;Immer am Dribbeln 🏀✨ #BballAddict #Korbwerfer #CourtLife;storage/photos/2/1016.webp;2024-07-13 21:43:10;2024-07-13 21:43:10
1017;218;Immer den nächsten Move im Kopf 🏀⚡ #BballAddict #Korbwerfer #HoopsLife;storage/photos/2/1017.webp;2024-07-13 21:43:10;2024-07-13 21:43:10
1018;218;When the hoop and the ball are your best friends 🏀💫 #Korbwerfer #BballAddict #GameOn;storage/photos/2/1018.webp;2024-07-13 21:43:10;2024-07-13 21:43:10
1019;218;🏀 Gerade diesen Dreier auf dem Platz versenkt! #Basketballfieber #HoopDreams #ChasingHoops;storage/photos/2/1019.webp;2024-07-13 21:43:10;2024-07-13 21:43:10
1020;219;Neue Kunstgalerie erkundet und so viele neue Ideen gesammelt! 🎨✨ #TravelGram #Reisefieber #KunstLiebhaber;storage/photos/2/1020.webp;2024-07-13 21:43:10;2024-07-13 21:43:10
1021;219;✨ Entdecke die Weiten dieser Welt und lass dich von jeder Ecke inspirieren 🌍 #Reisefieber #Weltenbummler #Kunstliebhaber;storage/photos/2/1021.webp;2024-07-13 21:43:10;2024-07-13 21:43:10
1022;219;"Auf Entdeckungsreise in den Straßen von Paris 🏙️. Inspiriert von der Kunst, die an jeder Ecke wartet. #Weltenbummler #TravelGram #KunstLiebhaber";storage/photos/2/1022.webp;2024-07-13 21:43:10;2024-07-13 21:43:10
1023;220;So viele Abenteuer mit meinen Fellfreunden 🦊🐾 #PetLife #Tierliebe #AbenteuerimGrünen;storage/photos/2/1023.webp;2024-07-13 21:43:10;2024-07-13 21:43:10
1024;220;Eine wunderschöne Begegnung mit einem schüchternen Rehkitz im Wald 🌲🦌 #PawsomeWorld #Tierliebe #WildnisWunder;storage/photos/2/1024.webp;2024-07-13 21:43:10;2024-07-13 21:43:10
1025;220;Ein magischer Moment mit einem verschmusten Rehkitz 🌲🦌 #PetLife #PawsomeWorld #NatureLove;storage/photos/2/1025.webp;2024-07-13 21:43:10;2024-07-13 21:43:10
1026;220;Die süßeste Begegnung im Wald 🌿🦌 #Tierfreund #PawsomeWorld;storage/photos/2/1026.webp;2024-07-13 21:43:10;2024-07-13 21:43:10
1027;220;Einfach tierisch drauf heute 🐶🦊 In meinem Lieblingssportoutfit entdecke ich die Natur und ihre flauschigen Bewohner. 🌳✨ #PawsomeWorld #PetLife #WaldAbenteuer;storage/photos/2/1027.webp;2024-07-13 21:43:10;2024-07-13 21:43:10
1028;221;Endlich Zeit für mein Lieblingsbuch im Garten! 📚🌳 #Wissenshunger #ReadingIsCool #BuchLiebe;storage/photos/2/1028.webp;2024-07-13 21:43:10;2024-07-13 21:43:10
1029;221;"So viele Kilometer, so viele Abenteuer 🌟🏃‍♀️ Neue Rekordstrecke erreicht! #Laufliebe #MilesAndSmiles #RunningJoy";storage/photos/2/1029.webp;2024-07-13 21:43:10;2024-07-13 21:43:10
1030;221;Sonnenstrahlen auf der Laufstrecke ☀️🏃‍♀️ #Jogging #Laufliebe #NaturPur;storage/photos/2/1030.webp;2024-07-13 21:43:10;2024-07-13 21:43:10
1031;221;Lachen und Laufen macht den Tag perfekt! 💖🏃‍♀️ #Laufliebe #Jogging #AbenteuerPur;storage/photos/2/1031.webp;2024-07-13 21:43:10;2024-07-13 21:43:10
1032;221;Lesen im Grünen 🌿📖 #BookNerd #Leseliebe #AbenteuerImKopf;storage/photos/2/1032.webp;2024-07-13 21:43:10;2024-07-13 21:43:10
1033;222;Endlich wieder im Wasser 🌊💙 #Schwimmstar #SwimSquad #WellenReiter;storage/photos/2/1033.webp;2024-07-13 21:43:10;2024-07-13 21:43:10
1034;222;"Die Sonne glitzert auf dem Wasser, während die perfekte Welle ruft 🌊💙 #Wasserratte #Schwimmen #Meeresliebhaber";storage/photos/2/1034.webp;2024-07-13 21:43:10;2024-07-13 21:43:10
1035;222;Pooltage sind die besten Tage 🌞🐠 #SwimSquad #PoolVibes #ChlorLiebe;storage/photos/2/1035.webp;2024-07-13 21:43:10;2024-07-13 21:43:10
1036;222;Neue Bestzeit im Training! 🏊‍♀️💧 #PoolVibes #SwimSquad #TrainingGoals;storage/photos/2/1036.webp;2024-07-13 21:43:10;2024-07-13 21:43:10
1037;223;"Verloren in der Natur, auf der Suche nach neuen Abenteuern 🌳🧳 Einfach mal den Moment genießen und die Seele baumeln lassen. #Reisefieber #Weltenbummler #Naturgenuss";storage/photos/2/1037.webp;2024-07-13 21:43:10;2024-07-13 21:43:10
1038;223;"Neue Länder entdecken, eine Geschichte nach der anderen 🌍📖 #Reisefieber #AdventureAwaits #NatureLover";storage/photos/2/1038.webp;2024-07-13 21:43:10;2024-07-13 21:43:10
1039;223;Genieße diesen ruhigen Moment in der Natur 🌿✨ Entspannte Erkundungstour im warmen Licht #AdventureAwaits #TravelGram #NatureLover;storage/photos/2/1039.webp;2024-07-13 21:43:10;2024-07-13 21:43:10
1040;223;Lieber draußen mit der Kamera unterwegs 📸✨ Immer auf der Suche nach dem perfekten Schnappschuss! #Fotoliebe #Schnappschuss #Natur;storage/photos/2/1040.webp;2024-07-13 21:43:10;2024-07-13 21:43:10
1041;223;Zwischen den Bäumen entdecke ich neue Pfade 🌲✨ Bereit für das nächste Abenteuer! 🌍🧳 #Weltenbummler #AdventureAwaits #NatureLover;storage/photos/2/1041.webp;2024-07-13 21:43:10;2024-07-13 21:43:10
1042;224;Im coolen Gamer-Flow 🕹️ und immer bereit für das nächste Abenteuer! 🌟🎮 #Gamerlife #Zocken #PlayHard;storage/photos/2/1042.webp;2024-07-13 21:43:10;2024-07-13 21:43:10
1043;224;Neue Schläger ausprobiert und total begeistert! 🎾✨ #CourtCrush #TennisAss #LoveForehand;storage/photos/2/1043.webp;2024-07-13 21:43:10;2024-07-13 21:43:10
1044;224;Zwischen Aufschlag und Matchball entdecke ich meine Liebe zum Tennis neu! 🌟🏃‍♀️ #Aufschlag #ServingLooks #TennisFieber;storage/photos/2/1044.webp;2024-07-13 21:43:10;2024-07-13 21:43:10
1045;225;👀 Philosophische Fragen in der Natur - ist das Leben nicht ein großes Rätsel? 🌿 #WisdomSeeker #DeepThoughts #PhilosophieLeben;storage/photos/2/1045.webp;2024-07-13 21:43:10;2024-07-13 21:43:10
1046;225;Zwischen den Seiten der Philosophie-Bücher liegt die Welt der Gedanken. 📚🌌 #Denkerseele #WisdomSeeker #Philosophie;storage/photos/2/1046.webp;2024-07-13 21:43:10;2024-07-13 21:43:10
1047;225;Was ist Wissen wirklich? 🌿 #DeepThoughts #Denkerseele #NaturPhilosophie;storage/photos/2/1047.webp;2024-07-13 21:43:10;2024-07-13 21:43:10
1048;225;Heute füttere ich meinen Geist im Park 📚🌳. Tiefgründige Gedanken und frische Luft – perfekte Kombination. #Denkerseele #DeepThoughts #PhilosophieLeben;storage/photos/2/1048.webp;2024-07-13 21:43:10;2024-07-13 21:43:10
1049;225;Ein Nachmittag voller tiefer Gedanken im Park 🌳📚 #DeepThoughts #Philosophieren #Gedankenreise;storage/photos/2/1049.webp;2024-07-13 21:43:10;2024-07-13 21:43:10
1050;225;Nachdenklich auf einem Spaziergang 🌳🧠. Die großen Fragen lassen meinem Kopf keine Ruhe. #WisdomSeeker #Philosophieren #Mindfulness;storage/photos/2/1050.webp;2024-07-13 21:43:10;2024-07-13 21:43:10
1051;225;Philosophie im Freien 🤔💫 Nachdenken und Laufen ist meine Art von Meditation. #Philosophieren #Denkerseele #OutdoorPhilosophy;storage/photos/2/1051.webp;2024-07-13 21:43:10;2024-07-13 21:43:10
1052;226;"Heute an meiner neuen Leinwand gearbeitet 🎨🖌️. Wenn die Kreativität sprudelt, vergesse ich alles um mich herum. #Kunstliebe #CreateDaily #VintageArt";storage/photos/2/1052.webp;2024-07-13 21:43:10;2024-07-13 21:43:10
1053;226;"Ein neuer Tag, eine neue Leinwand 🎨✨ #Kunstliebe #CreateDaily #InspiredByColors";storage/photos/2/1053.webp;2024-07-13 21:43:10;2024-07-13 21:43:10
1054;226;🎨 Ein Moment der Inspiration inmitten meiner farbenfrohen Welt. 🌈 #Kunstliebe #ArtInspo #ArtVibes;storage/photos/2/1054.webp;2024-07-13 21:43:10;2024-07-13 21:43:10
1055;227;Ein weiterer sonniger Tag bei der Freiwilligenarbeit 🌞 #FreiwilligEngagiert #Ehrenamt #GemeinsamStark;storage/photos/2/1055.webp;2024-07-13 21:43:10;2024-07-13 21:43:10
1056;227;Kleines Shootout auf dem Court nach der Schule! 🏀🌟 #Basketballfieber #BballAddict #Hoops;storage/photos/2/1056.webp;2024-07-13 21:43:10;2024-07-13 21:43:10
1057;227;Die besten Körbe fallen immer noch beim Sonnenuntergang! 🏀✨ #Korbwerfer #BballAddict #StreetBallVibes;storage/photos/2/1057.webp;2024-07-13 21:43:10;2024-07-13 21:43:10
1058;228;📚 Einfach den besten Platz in der Bibliothek geschnappt! Mit einem spannenden Buch in der Hand und abgetaucht in neue Welten. #Leseliebe #Wissenshunger #AbenteuerImBuch;storage/photos/2/1058.webp;2024-07-13 21:43:10;2024-07-13 21:43:10
1059;228;In Gedanken auf dem Weg zum nächsten großen Abenteuer ✈️📚 #TravelGram #AdventureAwaits #NextChapter;storage/photos/2/1059.webp;2024-07-13 21:43:10;2024-07-13 21:43:10
1060;228;Abenteuerliche Streifzüge durch neue Städte! 🌆✨ Lesen ist auf Reisen mein treuer Begleiter. #TravelGram #AdventureAwaits #BookLover;storage/photos/2/1060.webp;2024-07-13 21:43:10;2024-07-13 21:43:10
1061;228;Sonnengeküsst 🌞 und in meinem neuen Buch versunken 📚. Heute träume ich mich in ferne Länder vom gemütlichen Leseeck aus! #Leseliebe #Wissenshunger #Bücherwurm;storage/photos/2/1061.webp;2024-07-13 21:43:10;2024-07-13 21:43:10
1062;228;Zwischen den Seiten 📚 entdecke ich ganze Welten 🌟 #Leseliebe #BookNerd #FantastischeAbenteuer;storage/photos/2/1062.webp;2024-07-13 21:43:10;2024-07-13 21:43:10
1063;228;Koffer gepackt und das nächste Abenteuer ruft! 🌍✈️ Mit meiner neuen Reiseroute und Lieblingsbuch am Start. #Reisefieber #AdventureAwaits #Wanderlust;storage/photos/2/1063.webp;2024-07-13 21:43:10;2024-07-13 21:43:10
1064;228;"Koffer gepackt und bereit, die Welt zu entdecken! ✈️🌍 #TravelGram #Weltenbummler #AdventureAwaits";storage/photos/2/1064.webp;2024-07-13 21:43:10;2024-07-13 21:43:10
1065;228;Träumend vom nächsten Abenteuer beim Durchstöbern der Weltkarten. 🌍✨ #Weltenbummler #TravelGram #Reiselust;storage/photos/2/1065.webp;2024-07-13 21:43:10;2024-07-13 21:43:10
1066;228;Leseratten-Modus: Mein idealer Nachmittag 📖🌞 #BookNerd #Leseliebe #Bücherwurm;storage/photos/2/1066.webp;2024-07-13 21:43:10;2024-07-13 21:43:10
1067;229;Nächster Halt: Freiheit 🛫 #Weltenbummler #AdventureAwaits #TravelVibes;storage/photos/2/1067.webp;2024-07-13 21:43:10;2024-07-13 21:43:10
1068;229;Endlich wieder auf Reisen! ✈️🌍 Die Welt ruft mit jedem Abflug. #TravelGram #Reisefieber #AbenteuerLust;storage/photos/2/1068.webp;2024-07-13 21:43:10;2024-07-13 21:43:10
1069;230;Rocke die Stadt mit meinem neuen Band-T-Shirt 🎸✨ #StyleGame #Modetrends #UrbanVibes;storage/photos/2/1069.webp;2024-07-13 21:43:10;2024-07-13 21:43:10
1070;230;Rocke die Straßen mit meinem Band-T-Shirt und Brillen-Statement 🤓🎶 #OOTD #StyleGame #UrbanVibes;storage/photos/2/1070.webp;2024-07-13 21:43:10;2024-07-13 21:43:10
1071;230;"Manchmal spricht Musik die Worte, die schwer zu finden sind... 🎸✨ #Musikliebhaber #Konzertfieber #UrbanVibes";storage/photos/2/1071.webp;2024-07-13 21:43:10;2024-07-13 21:43:10
1072;231;Ein Hauch von Bergluft und schon sprudeln die Ideen für ein neues Rezept 🍳😍 Inspiration pur inmitten der Natur. #Feinschmecker #ChefMode #OutdoorCooking;storage/photos/2/1072.webp;2024-07-13 21:43:10;2024-07-13 21:43:10
1073;231;Frische Luft und endlose Pfade 🥾💚 #HikingVibes #Naturliebhaber #OutdoorAbenteuer;storage/photos/2/1073.webp;2024-07-13 21:43:10;2024-07-13 21:43:10
1074;231;🌿 Auf dem Trail #TrailBlazer #HikingVibes #NatureLover;storage/photos/2/1074.webp;2024-07-13 21:43:10;2024-07-13 21:43:10
1075;232;Ein bezaubernder Sonnenaufgang über den Bergen 🏞️✨ Einfach atemberaubend! #Weltenbummler #TravelGram #Abenteuer;storage/photos/2/1075.webp;2024-07-13 21:43:10;2024-07-13 21:43:10
1076;232;Das Leben auf Reisen hat auch mal ruhigere Momente 🌧️🚶‍♀️ #TravelGram #AdventureAwaits #Sehnsucht;storage/photos/2/1076.webp;2024-07-13 21:43:10;2024-07-13 21:43:10
1077;232;Die Schönheit der Ruhe entdeckt an einem einsamen Strand 🏖️✨ #TravelGram #Reisefieber #AbenteuerLust;storage/photos/2/1077.webp;2024-07-13 21:43:10;2024-07-13 21:43:10
1078;232;Ein stiller Moment im Herzen von Sonnenschein und Abenteuer 🌅✨ #TravelGram #Reisefieber #Wanderlust;storage/photos/2/1078.webp;2024-07-13 21:43:10;2024-07-13 21:43:10
1079;232;Abenteuer in den Bergen 🏔️🎒 #Weltenbummler #TravelGram #AbenteuerLust;storage/photos/2/1079.webp;2024-07-13 21:43:10;2024-07-13 21:43:10
1080;232;Das Ziel endlich erreicht 🏔️✨ #Reisefieber #TravelGram #AbenteuerLust;storage/photos/2/1080.webp;2024-07-13 21:43:10;2024-07-13 21:43:10
1081;233;Lesen und Träumen in meiner gemütlichen Bücherwelt 📖✨ #ReadingIsCool #Leseliebe #Bücherwurm;storage/photos/2/1081.webp;2024-07-13 21:43:10;2024-07-13 21:43:10
1082;233;Lesenachmittage im Buchparadies 📖🌿 Jedes Kapitel ein Schritt zur Rettung der Welt! #Leseliebe #BookNerd #Umweltschutz;storage/photos/2/1082.webp;2024-07-13 21:43:10;2024-07-13 21:43:10
1083;233;"🌿 Tauche ein in die Welt des Umweltschutzes und entdecke neue Ideen, um unsere Erde zu retten 🌎📚 #SaveThePlanet #Nachhaltigleben #GreenReads";storage/photos/2/1083.webp;2024-07-13 21:43:10;2024-07-13 21:43:10
1084;233;"Bücherwurm-Modus an 📚✨ Ein entspannter Nachmittag mit einem Umweltbuch, perfekt im gemütlichen Lesezimmer. #ReadingIsCool #Wissenshunger #GreenReads";storage/photos/2/1084.webp;2024-07-13 21:43:10;2024-07-13 21:43:10
1085;234;Eleganter Style für den perfekten Herbsttag 🍂✨ #Modetrends #OOTD #Fashionista;storage/photos/2/1085.webp;2024-07-13 21:43:10;2024-07-13 21:43:10
1086;234;"Kurz vor dem Abflug und voller Vorfreude am Flughafen! 🌍✈️ Kann es kaum erwarten, neue Kulturen zu entdecken. #AdventureAwaits #Weltenbummler #TravelGoals";storage/photos/2/1086.webp;2024-07-13 21:43:10;2024-07-13 21:43:10
1087;234;Ein Hauch von Eleganz im trendigen Café 🍰. Mode ist Kunst und dieser Look ist ein Meisterwerk! #Fashionista #Modetrends #CaféChic;storage/photos/2/1087.webp;2024-07-13 21:43:10;2024-07-13 21:43:10
1088;234;Im neuen Trendcafé die heutige Mode inspiriert 🌟✨ #OOTD #Modetrends #Fashionista;storage/photos/2/1088.webp;2024-07-13 21:43:10;2024-07-13 21:43:10
1089;234;"Obwohl die Straßen fremd sind, fühlen sich die Abenteuer so nah an. 🌍✨ #TravelGram #Reisefieber #UrbanWanderlust";storage/photos/2/1089.webp;2024-07-13 21:43:10;2024-07-13 21:43:10
1090;234;Immer neue Orte entdecken 🌍✨ #AdventureAwaits #Weltenbummler #UrbanExplorer;storage/photos/2/1090.webp;2024-07-13 21:43:10;2024-07-13 21:43:10
1091;235;"Neues Buch 📚, neue Gedanken 💭... #Philosophieren im Park #WisdomSeeker #DenkenIstMeinSport";storage/photos/2/1091.webp;2024-07-13 21:43:10;2024-07-13 21:43:10
1092;235;"Philosophie im Freien, nachdenklich und bereit für neue Erkenntnisse. 📚 #Denkerseele #DeepThoughts #Philosophie";storage/photos/2/1092.webp;2024-07-13 21:43:10;2024-07-13 21:43:10
1093;235;Den Tag mit tiefen Gedanken genießen 🌱✨ #DeepThoughts #WisdomSeeker #PhilosophieLeben;storage/photos/2/1093.webp;2024-07-13 21:43:10;2024-07-13 21:43:10
1094;235;"Denken im Park 🌳🧠 Philosophische Gedanken in der Natur, während ich über die Welt nachdenke. #WisdomSeeker #DeepThoughts #PhilosophyLife";storage/photos/2/1094.webp;2024-07-13 21:43:10;2024-07-13 21:43:10
1095;235;"Mit jedem Tor wächst mein Traum, einmal für die Nationalmannschaft zu spielen. ⚽️🌟 #Fußballliebe #Torjäger #Teamgeist";storage/photos/2/1095.webp;2024-07-13 21:43:10;2024-07-13 21:43:10
1096;235;Die Stille vor dem Anstoß ist magisch ⚽️🌌 #Fußballliebe #SoccerLife #MatchVorfreude;storage/photos/2/1096.webp;2024-07-13 21:43:10;2024-07-13 21:43:10
1097;235;"Mit den Gedanken im Zenit 📚, die Tiefen der Philosophie durchdringen. Draußen im Park, wo die Natur ihre Ruhe ausbreitet, finde ich meine wahre Balance. #WisdomSeeker #Denkerseele #PhilosophieImFreien";storage/photos/2/1097.webp;2024-07-13 21:43:10;2024-07-13 21:43:10
1098;235;Zwischen zwei Spielen... das Warten auf den nächsten Sieg. ⚽️🌧️ #GoalGetter #Fußballliebe #GameOn;storage/photos/2/1098.webp;2024-07-13 21:43:10;2024-07-13 21:43:10
1099;235;Nachdenklich auf dem Platz 🏟️... Was wird das nächste Spiel bringen? #Fußballliebe #Torjäger #SpielDesLebens;storage/photos/2/1099.webp;2024-07-13 21:43:10;2024-07-13 21:43:10
1100;235;Ein Moment der Ruhe nach dem Training ⚽️💭 Entschlossenheit und Stolz auf jedem Schritt. #Fußballliebe #SoccerLife #AufDemPlatz;storage/photos/2/1100.webp;2024-07-13 21:43:10;2024-07-13 21:43:10
1101;236;Ein Protest-Poster an einer Wand in der Stadt erleuchtet meinen Tag 🗣️💥 #MachDenUnterschied #SpeakUp #TogetherWeRise;storage/photos/2/1101.webp;2024-07-13 21:43:10;2024-07-13 21:43:10
1102;236;🎨 Urbaner Protest in Farben gefasst. Kunst ist Widerstand. #Kunstliebe #Kreativkopf #StreetArt;storage/photos/2/1102.webp;2024-07-13 21:43:10;2024-07-13 21:43:10
1103;236;"🎨 Dieses urbane Kunstwerk fängt die rebellische Energie unserer Zeit ein. Sei die Veränderung, die du sehen willst! 💚🔥 #Kunstliebe #ArtVibes #StreetArt";storage/photos/2/1103.webp;2024-07-13 21:43:10;2024-07-13 21:43:10
1104;236;Jede Mauer hat zwei Seiten: Kunst und Botschaften. Der Kampf für Veränderungen geht weiter. 🚀💪 #SpeakUp #BeTheChange #StreetArt;storage/photos/2/1104.webp;2024-07-13 21:43:10;2024-07-13 21:43:10
1105;236;🌍 Stille Worte in der Großstadt. #JungerAktivist #SpeakUp #UrbanSorrow;storage/photos/2/1105.webp;2024-07-13 21:43:10;2024-07-13 21:43:10
1106;236;"Graffiti kann die Welt verändern 🌍 Wer spürt auch den Drang, den Wandel voranzutreiben? 🔥 #MachDenUnterschied #SpeakUp #UrbanActivism";storage/photos/2/1106.webp;2024-07-13 21:43:10;2024-07-13 21:43:10
1107;237;📰 Vintage News-Vibes im Park. Was treibt die Welt gerade um? 🤔 #NewsJunkie #AufDemLaufenden #OldSchool;storage/photos/2/1107.webp;2024-07-13 21:43:10;2024-07-13 21:43:10
1108;237;Die neuesten Schlagzeilen 🌍📜! Was wird uns wohl morgen erwarten? #TruthSeeker #StayWoke #NewsJunkie;storage/photos/2/1108.webp;2024-07-13 21:43:10;2024-07-13 21:43:10
1109;237;"Laufen in meinen Lieblingsschuhen 🏃‍♀️. Zeit, Energie zu tanken und die Welt zu bewegen! 🌍 #MilesAndSmiles #Jogging #RunForJoy";storage/photos/2/1109.webp;2024-07-13 21:43:10;2024-07-13 21:43:10
1110;237;"Eintauchen in die Schlagzeilen 📰, während ich über die Welt nachdenke. #StayWoke #NewsJunkie #FrischeGedanken";storage/photos/2/1110.webp;2024-07-13 21:43:10;2024-07-13 21:43:10
1111;237;Kölner Abendnachrichten im Park gelesen 🤓📰. Die Welt ändert sich – bist du dabei? 🌍 #NewsJunkie #StayWoke #Informed;storage/photos/2/1111.webp;2024-07-13 21:43:10;2024-07-13 21:43:10
1112;237;Neue Bestzeit auf der Strecke 🏃‍♀️💫 Laufen ist meine Meditation. #MilesAndSmiles #Laufliebe #RunningIsLife;storage/photos/2/1112.webp;2024-07-13 21:43:10;2024-07-13 21:43:10
1113;237;"Laufschuhe geschnürt, draußen auf der Strecke! 🏃‍♀️ #RunnerHigh #Laufliebe #Freiheit";storage/photos/2/1113.webp;2024-07-13 21:43:10;2024-07-13 21:43:10
1114;237;Die Morgenluft auf der Laufbahn – wo die Welt ruhig und voller Möglichkeiten ist. 🌅🏃‍♀️ #Jogging #RunnerHigh #FrischeLuft;storage/photos/2/1114.webp;2024-07-13 21:43:10;2024-07-13 21:43:10
1115;237;Tief in einer spannenden Nachricht vertieft 📚🌍 Die Welt versinkt und ich bleibe #AufDemLaufenden. Was bewegt dich? 🤔 #NewsJunkie #Köln;storage/photos/2/1115.webp;2024-07-13 21:43:10;2024-07-13 21:43:10
1116;238;"Modernes Labor, neue Entdeckungen! 🧪💡 #Experimentierfreude #Forschergeist #Inspiration";storage/photos/2/1116.webp;2024-07-13 21:43:10;2024-07-13 21:43:10
1117;238;Magische Momente auf der Bühne 🎭✨ #Bühnenzauber #SpotlightMoment #Theaterliebe;storage/photos/2/1117.webp;2024-07-13 21:43:10;2024-07-13 21:43:10
1118;238;Chemische Reaktionen in vollem Gange! 🔬✨ #MindBlown #ScienceRules #Faszination;storage/photos/2/1118.webp;2024-07-13 21:43:10;2024-07-13 21:43:10
1119;238;Im Scheinwerferlicht auf der Bühne 🌟 Die Generalprobe für das neue Stück war ein voller Erfolg! #Bühnenzauber #SpotlightMoment #Lampenfieber;storage/photos/2/1119.webp;2024-07-13 21:43:10;2024-07-13 21:43:10
1120;238;Magisches Bühnenlicht 🎭✨ Einfach nur faszinierend! #Theaterliebe #Bühnenzauber #Kreativität;storage/photos/2/1120.webp;2024-07-13 21:43:10;2024-07-13 21:43:10
1121;239;Eingetaucht in die Filmwelt 🎥🍿. Die Magie des Kinos spricht oft ohne Worte. #ReelLife #CinemaAddict #MovieMagic;storage/photos/2/1121.webp;2024-07-13 21:43:10;2024-07-13 21:43:10
1122;239;"🎥 Die Magie des Films, eingefangen in jedem Frame. Leise Träume und unendliche Geschichten. 🌿 #ReelLife #Kinofan #FilmMagic";storage/photos/2/1122.webp;2024-07-13 21:43:10;2024-07-13 21:43:10
1123;239;"Spieleabend im Freien 🎮🌌 Über den Wolken, die Mission fortsetzen... #LevelUpLife #GameOn #GamerGirls";storage/photos/2/1123.webp;2024-07-13 21:43:10;2024-07-13 21:43:10
1124;240;Lost in a magical world 📖✨ #Leseratte #PageTurner #BücherLiebe;storage/photos/2/1124.webp;2024-07-13 21:43:10;2024-07-13 21:43:10
1125;240;"Ein neues Abenteuer beginnt! 📖✨ Nichts ist besser, als sich in einer Bücherei mit einem faszinierenden Buch niederzulassen. #Bücherwurm #PageTurner #Lesemagie";storage/photos/2/1125.webp;2024-07-13 21:43:10;2024-07-13 21:43:10
1126;240;"Lesestoff für die Seele 📖✨ Heute mal wieder in meiner Bücherwelt versunken. Das Gefühl, wenn man den perfekten #PageTurner findet! #Bookstagram #BookLover";storage/photos/2/1126.webp;2024-07-13 21:43:10;2024-07-13 21:43:10
1127;241;Level-Up! 🎮 Immer bereit für die nächste Herausforderung 💻 #GameOn #Zocken #TechGirl;storage/photos/2/1127.webp;2024-07-13 21:43:10;2024-07-13 21:43:10
1128;241;Endlich das neue Level abgeschlossen! 🕹️💻 #GameOn #LevelUpLife #GamerGirl;storage/photos/2/1128.webp;2024-07-13 21:43:10;2024-07-13 21:43:10
1129;241;Level-up-Welt! 🎮💻 Neueste Highscore ist geknackt! #Zocken #LevelUpLife #ProGamer;storage/photos/2/1129.webp;2024-07-13 21:43:10;2024-07-13 21:43:10
1130;241;Debugging-Time! 💻 Meine liebsten Momente: Code fixen und dabei coole Bugs finden. #Codeliebe #Entwicklerherz #GirlsWhoCode;storage/photos/2/1130.webp;2024-07-13 21:43:10;2024-07-13 21:43:10
1131;241;Game on! 🎮 Nach dem Highscore ist vor dem nächsten Level 💻🥳 #LevelUpLife #TechGirl #Gamerlife;storage/photos/2/1131.webp;2024-07-13 21:43:10;2024-07-13 21:43:10
1132;242;Fitness-Session beendet! 💪 Jetzt geht's ans Coden 🖥️🔥 #SweatySelfie #Gymlife #FitLife;storage/photos/2/1132.webp;2024-07-13 21:43:10;2024-07-13 21:43:10
1133;242;Ein Tag ohne Code ist ein verlorener Tag! 💻✨ #Entwicklerherz #TechWizard #CodingLife;storage/photos/2/1133.webp;2024-07-13 21:43:10;2024-07-13 21:43:10
1134;242;Schreibt den nächsten großen Code 💻💡 #Codeliebe #TechWizard #CodingJourney;storage/photos/2/1134.webp;2024-07-13 21:43:10;2024-07-13 21:43:10
1135;242;"Code, Kaffee und Kreativität ☕💻 #HackathonHero #Codeliebe #TechEveryday";storage/photos/2/1135.webp;2024-07-13 21:43:10;2024-07-13 21:43:10
1136;242;Endlich die Funktion zum Laufen gebracht! 🌐🖥️ #Entwicklerherz #TechWizard #CodeLife;storage/photos/2/1136.webp;2024-07-13 21:43:10;2024-07-13 21:43:10
1137;242;Fleißig am Codieren in meinem gemütlichen Zimmer 🖥️👩‍💻 #TechWizard #CodeLife #HackathonHero;storage/photos/2/1137.webp;2024-07-13 21:43:10;2024-07-13 21:43:10
1138;243;"Auch wenn es manchmal traurig ist, gibt mir das Schwimmen immer Kraft und Halt 🌊💪 #Wasserratte #SwimSquad #SchwimmLiebe";storage/photos/2/1138.webp;2024-07-13 21:43:10;2024-07-13 21:43:10
1139;243;In der Tech-Welt verloren und doch einen klaren Durchblick behalten. 🤓💻 #Innovationsfreude #TechJunkie #FutureCoder;storage/photos/2/1139.webp;2024-07-13 21:43:10;2024-07-13 21:43:10
1140;243;"Neues Gadget getestet 🤓💡 Fasziniert von der Art und Weise, wie Technologie die Grenzen des Möglichen verschiebt. #Innovationsfreude #TechJunkie #Zukunftsvision";storage/photos/2/1140.webp;2024-07-13 21:43:10;2024-07-13 21:43:10
1141;244;"Kämpfen für eine bessere Zukunft, ein Schritt nach dem anderen 🌍✊ #SpeakUp #MachDenUnterschied #Freiheit";storage/photos/2/1141.webp;2024-07-13 21:43:10;2024-07-13 21:43:10
1142;244;Heute wieder laut für das Gute! 📣💪 Urbaner Hintergund passt perfekt zum Spirit! 🌆 #JungerAktivist #SpeakUp #VoiceForChange;storage/photos/2/1142.webp;2024-07-13 21:43:10;2024-07-13 21:43:10
1143;244;Mit meinen neuen Vintage-Gläsern durch die Stadt geschlendert und Mode-Vibes eingesammelt 📸✨ #OOTD #Modetrends #VintageFashion;storage/photos/2/1143.webp;2024-07-13 21:43:10;2024-07-13 21:43:10
1144;244;"Aktiv sein, laut sein, du selbst sein! 📣 Im Einsatz für eine bessere Zukunft, während ich die Stadt erkunde und inspiriere. #SpeakUp #BeTheChange #UrbanActivism";storage/photos/2/1144.webp;2024-07-13 21:43:10;2024-07-13 21:43:10
1145;244;"Bereit, die Welt zu verändern 🌱🌍 Kleine Schritte führen zu großen Fortschritten! #MachDenUnterschied #SpeakUp #ProtestPower";storage/photos/2/1145.webp;2024-07-13 21:43:10;2024-07-13 21:43:10
1146;244;Feeling the city vibes in my favorite casual look 🕶️✌️ Neue Sneaker sind ein Muss! #StyleGame #OOTD #UrbanChic;storage/photos/2/1146.webp;2024-07-13 21:43:10;2024-07-13 21:43:10
1147;245;Immer auf der Jagd nach den neuesten Schlagzeilen 🗞️. Chill im Park und lese meine Lieblings-News! 🌳 #AufDemLaufenden #NewsJunkie #NewsAddict;storage/photos/2/1147.webp;2024-07-13 21:43:10;2024-07-13 21:43:10
1148;245;Mit den neuesten Nachrichten auf dem Laufenden bleiben und dabei die Sonne im Park genießen ☀️📰 #NewsJunkie #AufDemLaufenden #SonnigerTag;storage/photos/2/1148.webp;2024-07-13 21:43:10;2024-07-13 21:43:10
1149;245;Finde Wahrheit überall 🌍📰 #TruthSeeker #NewsJunkie #BreakingNews;storage/photos/2/1149.webp;2024-07-13 21:43:10;2024-07-13 21:43:10
1150;245;Mitten im Park 📚🌿 und immer auf der Jagd nach den neuesten Nachrichten! #NewsJunkie #TruthSeeker #ParkLife;storage/photos/2/1150.webp;2024-07-13 21:43:10;2024-07-13 21:43:10
1151;245;Retro-Gaming-Abend im Park 🎮🌳 #Gamerlife #GameOn #VintageVibes;storage/photos/2/1151.webp;2024-07-13 21:43:10;2024-07-13 21:43:10
1152;245;Leveln im Park zwischen den Bäumen 🎮✨ #LevelUpLife #GameOn #NatureGaming;storage/photos/2/1152.webp;2024-07-13 21:43:10;2024-07-13 21:43:10
1153;245;Immer auf der Suche nach den neuesten Schlagzeilen 🌟📲 #AufDemLaufenden #StayWoke #NachrichtenLiebhaber;storage/photos/2/1153.webp;2024-07-13 21:43:10;2024-07-13 21:43:10
1154;245;"Zwischen High Scores und frischer Luft, zocke ich am liebsten im Park! 🎮🌳 #Zocken #GameOn #LevelUp";storage/photos/2/1154.webp;2024-07-13 21:43:10;2024-07-13 21:43:10
1155;245;Leidenschaftlich am Verfolgen der echten Story 🌟📰 #StayWoke #TruthSeeker #NewsLover;storage/photos/2/1155.webp;2024-07-13 21:43:10;2024-07-13 21:43:10
1156;245;In der Vintage-Atmosphäre eines Retro-Gaming-Cafés 🎮 vibing und die Klassiker neu entdecken! #Zocken #Gamerlife #Nostalgie;storage/photos/2/1156.webp;2024-07-13 21:43:10;2024-07-13 21:43:10
1157;246;💡 Experimentieren im Labor und dabei die Welt erobern! 🌍 #MindBlown #Forschergeist #NerdPower;storage/photos/2/1157.webp;2024-07-13 21:43:10;2024-07-13 21:43:10
1158;246;Heute mal im Labor unterwegs und trotzdem stilvoll! 🥼✨ #Fashionista #Modetrends #SmartChic;storage/photos/2/1158.webp;2024-07-13 21:43:10;2024-07-13 21:43:10
1159;246;Throwback zu meinem Wissenschaftstag im Labor 🧪👗 Und natürlich in meinem #StyleGame-Mode! #Modetrends #NerdChic;storage/photos/2/1159.webp;2024-07-13 21:43:10;2024-07-13 21:43:10
1160;247;Mein Lieblingsort - mittendrin im Netz! ⚽️😄 #GoalGetter #Fußballliebe #MittelfeldMagie;storage/photos/2/1160.webp;2024-07-13 21:43:10;2024-07-13 21:43:10
1161;247;Ein Tor nach dem anderen und immer ein Lächeln im Gesicht 😄🧤 #Fußballliebe #Torjäger #SportlicherSpaß;storage/photos/2/1161.webp;2024-07-13 21:43:10;2024-07-13 21:43:10
1162;247;"Ein verschneites Fußballfeld, bereit für das nächste große Spiel. 🌨️🏟️ #Fußballliebe #GoalGetter";storage/photos/2/1162.webp;2024-07-13 21:43:10;2024-07-13 21:43:10
1163;248;Für eine gerechtere Welt kämpfen ✊🌍 #BeTheChange #SpeakUp #ReadingIsRevolution;storage/photos/2/1163.webp;2024-07-13 21:43:10;2024-07-13 21:43:10
1164;248;"Das perfekte Wetter für mein neues Buch! 📚✨ Der Protest kann warten, jetzt wird gelesen. #ReadingIsCool #BookNerd";storage/photos/2/1164.webp;2024-07-13 21:43:10;2024-07-13 21:43:10
1165;248;Auf der Demo für eine bessere Welt 💪🌍 #MachDenUnterschied #SpeakUp #JugendFürZukunft;storage/photos/2/1165.webp;2024-07-13 21:43:10;2024-07-13 21:43:10
1166;249;Heute mal gemütlich im Park programmiert und den Code mit Kaffee aufgepeppt ☕💻 #Codeliebe #TechWizard #Kaffeepause;storage/photos/2/1166.webp;2024-07-13 21:43:10;2024-07-13 21:43:10
1167;250;Code-Challenge im eigenem Zimmer! 😎👩‍💻#TechWizard #Codeliebe #NerdLife;storage/photos/2/1167.webp;2024-07-13 21:43:10;2024-07-13 21:43:10
1168;250;Heute mal im Zimmer dribbeln 🏠⚽️. Trikot an und los geht’s! #SoccerLife #GoalGetter #ZimmerKicker;storage/photos/2/1168.webp;2024-07-13 21:43:10;2024-07-13 21:43:10
1169;250;"Debuggen macht Spaß, besonders wenn dein Code endlich läuft! 🤓✨ #Codeliebe #Entwicklerherz #Programmieren";storage/photos/2/1169.webp;2024-07-13 21:43:10;2024-07-13 21:43:10
1170;250;Coding-Abenteuer bei Mitternacht 🌙🖥️ #TechWizard #Codeliebe #NerdPower;storage/photos/2/1170.webp;2024-07-13 21:43:10;2024-07-13 21:43:10
1171;250;Hat dieser Ball wirklich die Schwerkraft besiegt? 🌟⚽️ #SoccerLife #GoalGetter #TechFeet;storage/photos/2/1171.webp;2024-07-13 21:43:10;2024-07-13 21:43:10
1172;251;Dunkle Materie: Das unsichtbare Rätsel des Universums! 🌌✨ #ScienceRules #Forschergeist #MindBlown;storage/photos/2/1172.webp;2024-07-13 21:43:10;2024-07-13 21:43:10
1173;251;"Einfach das beste Gefühl, mit meinem Lieblingsbuch in meinem gemütlichen Leseraum 🌟📖 #Leseliebe #BookNerd #LesenIstMagie";storage/photos/2/1173.webp;2024-07-13 21:43:10;2024-07-13 21:43:10
1174;251;Verloren in einer neuen Welt 📚💫 Vintage-Shirt an und lesend eine weitere Dimension erkunden. Ganz klar: #ReadingIsCool #Leseliebe #Bücherwurm;storage/photos/2/1174.webp;2024-07-13 21:43:10;2024-07-13 21:43:10
1175;251;Labor-Alltag mal anders: Wissenschaft meets Vintage-Style! 🧪✨ #MindBlown #Experimentierfreude #LivingTheLabLife;storage/photos/2/1175.webp;2024-07-13 21:43:10;2024-07-13 21:43:10
1176;251;Nachdenklich in meinem Lieblingsbuch vertieft 📚✨ #ReadingIsCool #Wissenshunger #BooksAreMagic;storage/photos/2/1176.webp;2024-07-13 21:43:10;2024-07-13 21:43:10
1177;252;Ein trauriger Mode-Moment inmitten der urbanen Kulisse 💔🖤 #Modetrends #Fashionista #UrbanStyle;storage/photos/2/1177.webp;2024-07-13 21:43:10;2024-07-13 21:43:10
1178;252;Ein bisschen Stadtluft und ein Hauch von Mode 🌆👗 Ich genieße den Tag und fühle mich total inspiriert! #Modetrends #Fashionista #UrbanStyle;storage/photos/2/1178.webp;2024-07-13 21:43:10;2024-07-13 21:43:10
1179;252;"Ein weiterer Tag in der Stadt 🌇✌️ Bereit, die neuesten Modetrends zu entdecken! #Modetrends #OOTD #UrbanStyle";storage/photos/2/1179.webp;2024-07-13 21:43:10;2024-07-13 21:43:10
1180;252;"Die leere Bühne im Scheinwerferlicht wartet darauf, Geschichten zu erzählen... 🎭✨ #Bühnenzauber #Theaterliebe #Träume";storage/photos/2/1180.webp;2024-07-13 21:43:10;2024-07-13 21:43:10
1181;252;Today's look: Urban chic in the bustling streets! 😎✨ #Fashionista #StyleGame #UrbanVibes;storage/photos/2/1181.webp;2024-07-13 21:43:10;2024-07-13 21:43:10
1182;252;Spätsommerlicher Vibe 🍂✨ Frisch aus dem neuen Urban Fashion Store! #OOTD #Fashionista #UrbanChic;storage/photos/2/1182.webp;2024-07-13 21:43:10;2024-07-13 21:43:10
1183;252;"Kurz vor der großen Aufführung, das Lampenfieber steigt 🎭✨ #SpotlightMoment #Bühnenzauber #LifeOnStage";storage/photos/2/1183.webp;2024-07-13 21:43:10;2024-07-13 21:43:10
1184;253;Die Magie des Moments eingefangen 📸✨ #FrameIt #Schnappschuss #FarbeDesLebens;storage/photos/2/1184.webp;2024-07-13 21:43:10;2024-07-13 21:43:10
1185;253;"Der Moment, wenn Licht und Schatten eine Geschichte erzählen 📸✨ #Fotoliebe #Schnappschuss #KunstImAlltag";storage/photos/2/1185.webp;2024-07-13 21:43:10;2024-07-13 21:43:10
1186;253;"Ein neues Projekt startet! 📸 Bin gerade dabei, die perfekte Aufnahme in unserer urbanen Umgebung zu finden. #InstaShot #FrameIt #StreetPhotography";storage/photos/2/1186.webp;2024-07-13 21:43:10;2024-07-13 21:43:10
1187;254;Ein perfekter Lesetag mit meinem Lieblingsbuch 📖✨ #Leseliebe #Wissenshunger #Bücherwurm;storage/photos/2/1187.webp;2024-07-13 21:43:10;2024-07-13 21:43:10
1188;254;Ein Moment der Ruhe mit einem guten Buch unter dem blauen Himmel 🌞📖 #ReadingIsCool #Wissenshunger #Bücherliebe;storage/photos/2/1188.webp;2024-07-13 21:43:10;2024-07-13 21:43:10
1189;254;Zwischen den Seiten eines neuen Buches 🌿✨ #Leseliebe #Wissenshunger #Bücherwurm;storage/photos/2/1189.webp;2024-07-13 21:43:10;2024-07-13 21:43:10
1190;254;"Der neueste Roman hat mich so gefesselt, dass ich einfach noch eine Seite lesen musste. 📖📚 #Wissenshunger #BookNerd #LesenImFreien";storage/photos/2/1190.webp;2024-07-13 21:43:10;2024-07-13 21:43:10
1191;255;📚 Wortschatz erweitern in der Bibliothek 📖💬 #Sprachtalent #PolyglotLife #Bibliophile;storage/photos/2/1191.webp;2024-07-13 21:43:10;2024-07-13 21:43:10
1192;255;Tauche ein in die Welt der Sprachen 📚💬 Ein neues Kapitel beginnt hier und jetzt! #LanguageNinja #Sprachtalent #Wortreise;storage/photos/2/1192.webp;2024-07-13 21:43:10;2024-07-13 21:43:10
1193;255;"📖 Neue Wörter, neues Ich 🌟 Immer am Entdecken im Sprachuniversum, selbst in der Bibliothek 🏷️ #Weltsprachen #LanguageNinja #BildungEntdecken";storage/photos/2/1193.webp;2024-07-13 21:43:10;2024-07-13 21:43:10
1194;255;Manchmal finde ich die größten Antworten in den kleinsten Fragen. 🤔📚 Immer auf der Suche nach Weisheit im Chaos der Bücher! #WisdomSeeker #Philosophieren #Gedankenreise;storage/photos/2/1194.webp;2024-07-13 21:43:10;2024-07-13 21:43:10
1195;255;"📖 In den Tiefen der Bibliothek, versunken in große philosophische Werke. Der Weg zur Weisheit beginnt hier. 🧐 #WisdomSeeker #Denkerseele #Bücherliebe";storage/photos/2/1195.webp;2024-07-13 21:43:10;2024-07-13 21:43:10
1196;255;Eintauchen in die Tiefen der Erkenntnis 🌌📖 #DeepThoughts #Philosophieren #Inspiration;storage/photos/2/1196.webp;2024-07-13 21:43:10;2024-07-13 21:43:10
1197;256;Nach einem intensiven Workout fühlt sich das Thema Chemie gleich viel leichter an! 🤓💪 #Fitnessjunkie #FitFam #BrainAndBrawn;storage/photos/2/1197.webp;2024-07-13 21:43:10;2024-07-13 21:43:10
1198;256;Wenn Moleküle zum Leben erwachen! 🔬✨ Heute auf einer spannenden Reise durch die Chemie. #ScienceRules #MindBlown #ChemistryMagic;storage/photos/2/1198.webp;2024-07-13 21:43:10;2024-07-13 21:43:10
1199;256;Fasziniert vom Experimentieren 🔬 und den grenzenlosen Möglichkeiten der Wissenschaft! #Forschergeist #ScienceRules #Neugier;storage/photos/2/1199.webp;2024-07-13 21:43:10;2024-07-13 21:43:10
1200;256;Faszinierende Chemie-Experimente im Labor! ✨ #Forschergeist #MindBlown #Wissenschaft;storage/photos/2/1200.webp;2024-07-13 21:43:10;2024-07-13 21:43:10
1201;257;Nach dem Workout ist vor dem Workout! 💪🔥 #Gymlife #SweatySelfie #Unstoppable;storage/photos/2/1201.webp;2024-07-13 21:43:10;2024-07-13 21:43:10
1202;257;"Neue Woche, neues Ziel! 🏋️‍♀️💦 Heute den Tag mit Deadlifts im Studio gestartet. #Gymlife #FitFam #Strength";storage/photos/2/1202.webp;2024-07-13 21:43:10;2024-07-13 21:43:10
1203;257;Nach dem Pumpen fühlt man sich einfach unaufhaltsam 💪🔥 Immer auf der Jagd nach neuen Bestleistungen! #SweatySelfie #Gymlife #FitnessGoals;storage/photos/2/1203.webp;2024-07-13 21:43:10;2024-07-13 21:43:10
1204;258;Wenn die Dunkelheit auf der Leinwand zum Leben erwacht... 🎬🌑 #Filmfreak #Kinofan #Cinephile;storage/photos/2/1204.webp;2024-07-13 21:43:10;2024-07-13 21:43:10
1205;258;"Filmrolle gefunden und ready für die Projektion! 🎬 Dunkles Kino, alte Bandshirts und ein Hauch Nostalgie. #CinemaAddict #Filmfreak #VintageVibes";storage/photos/2/1205.webp;2024-07-13 21:43:10;2024-07-13 21:43:10
1206;258;"Die Leinwand flimmert, Schatten tanzen und ein Geheimnis wird lebendig. 🎥✨ #CinemaAddict #Kinofan #VintageVibes";storage/photos/2/1206.webp;2024-07-13 21:43:10;2024-07-13 21:43:10
1207;258;Die alten Filmrollen verraten düstere Geheimnisse 🎥✨ #CinemaAddict #Filmfreak #VintageVibes;storage/photos/2/1207.webp;2024-07-13 21:43:10;2024-07-13 21:43:10
1208;258;Zwischen Schatten und Licht 🎬✨ #Filmfreak #CinemaAddict #VintageVibes;storage/photos/2/1208.webp;2024-07-13 21:43:10;2024-07-13 21:43:10
1209;258;🎬 Tauche ein in die düstere Welt des Kinos und lass dich von Geheimnissen überwältigen. 🌑 #Kinofan #Filmfreak #CinematicVibes;storage/photos/2/1209.webp;2024-07-13 21:43:10;2024-07-13 21:43:10
1210;258;"Ein flackernder Projektor, der geheime Welten enthüllt 🎬🖤 #Kinofan #Filmfreak #Cinephile";storage/photos/2/1210.webp;2024-07-13 21:43:10;2024-07-13 21:43:10
1211;258;"Die Leinwand flüsterte Geheimnisse, die nur im Dunkeln lebendig werden 📽️🎬 #ReelLife #CinemaAddict #FilmNerd";storage/photos/2/1211.webp;2024-07-13 21:43:10;2024-07-13 21:43:10
1212;258;"🎬 Ein verlassener Kinositz, der auf seinen nächsten Zuschauer wartet 📽 #Kinofan #Filmfreak #CinephileVibes";storage/photos/2/1212.webp;2024-07-13 21:43:10;2024-07-13 21:43:10
1213;258;"📽️ Im Schatten der Leinwand, bereit für das nächste düstere Filmabenteuer 🌑 #Kinofan #CinemaAddict #IndieMovies";storage/photos/2/1213.webp;2024-07-13 21:43:10;2024-07-13 21:43:10
1214;258;Mit jedem Frame 🎥 verschmelze ich tiefer mit der Welt der Filme. Dunkelheit ist meine Leinwand. #ReelLife #CinemaAddict #DüstererKunst;storage/photos/2/1214.webp;2024-07-13 21:43:10;2024-07-13 21:43:10
1215;259;Ein magischer Moment hinter den Kulissen 🌟✨ #Bühnenzauber #SpotlightMoment #TheaterLiebhaberin;storage/photos/2/1215.webp;2024-07-13 21:43:10;2024-07-13 21:43:10
1216;259;🎭 Bereit für meinen großen Auftritt! Momente vor dem Glamour auf der Bühne. Das Lampenfieber ist real! 💫 #Theaterliebe #SpotlightMoment #Bühnenmagie;storage/photos/2/1216.webp;2024-07-13 21:43:10;2024-07-13 21:43:10
1217;259;Die Morgenluft erfrischt den Geist und der Rhythmus der Schritte bringt Meditation 🏃‍♀️🌅 #Jogging #RunnerHigh #MorgenMagic;storage/photos/2/1217.webp;2024-07-13 21:43:10;2024-07-13 21:43:10
1218;259;"Lichter an, Vorhang auf! 🎭✨ #StageLife #SpotlightMoment #TheaterMagic";storage/photos/2/1218.webp;2024-07-13 21:43:10;2024-07-13 21:43:10
1219;259;Das Theater ist meine Bühne und meine Welt 🎭✨ #Theaterliebe #StageLife #DramaQueen;storage/photos/2/1219.webp;2024-07-13 21:43:10;2024-07-13 21:43:10
1220;260;Neue Highscores im Dunkeln 🕹️🌌 #Gamerlife #LevelUpLife #Nightsession;storage/photos/2/1220.webp;2024-07-13 21:43:10;2024-07-13 21:43:10
1221;260;Mit meinem Hoodie und einem subtilen Stirnrunzeln geht es wieder auf die Jagd nach dem nächsten Highscore. 🖤🔥 #Gamerlife #LevelUpLife #EpicNights;storage/photos/2/1221.webp;2024-07-13 21:43:10;2024-07-13 21:43:10
1222;260;Level-Up-Nacht! 🎮 Diese neue Quest bringt mich zum Nachdenken... #Zocken #LevelUpLife;storage/photos/2/1222.webp;2024-07-13 21:43:10;2024-07-13 21:43:10
1223;260;"Gamer-Nacht im Hoodie 🖤, während ich mich auf das nächste Level vorbereite. 💪🕹️ #LevelUpLife #Zocken #NightMode";storage/photos/2/1223.webp;2024-07-13 21:43:10;2024-07-13 21:43:10
1224;260;🌌 Nächte voller Abenteuer und Endgegner besiegen! In meinem Hoodie kann mich nichts stoppen. 🎮 #GameOn #LevelUpLife #GamerGirl;storage/photos/2/1224.webp;2024-07-13 21:43:10;2024-07-13 21:43:10
1225;260;Pixel fürs Herz und Level für die Seele. 🎮✨ Einfach mal abtauchen und den Alltag vergessen. #LevelUpLife #GameOn #PixelMagic;storage/photos/2/1225.webp;2024-07-13 21:43:10;2024-07-13 21:43:10
1226;260;Level 100 erreicht 😎🎮 Nichts geht über einen epischen Gaming-Marathon im Hoodie! #GameOn #LevelUpLife #GamerGirl;storage/photos/2/1226.webp;2024-07-13 21:43:10;2024-07-13 21:43:10
1227;261;Tolle Trainingssession im Park! 🌳💪 Fühle mich energiegeladen wie nie zuvor! #FitFam #Gymlife #OutdoorWorkout;storage/photos/2/1227.webp;2024-07-13 21:43:10;2024-07-13 21:43:10
1228;261;Endlich wieder frische Luft und Bewegung 🌿💪 Nach einem intensiven Workout im Park bin ich wieder voll aufgeladen! #Fitnessjunkie #SweatySelfie #OutdoorWorkout;storage/photos/2/1228.webp;2024-07-13 21:43:10;2024-07-13 21:43:10
1229;261;📖 Gerade mein neues Buch im Park aufgeschlagen und die frische Luft genossen! 🌳 #Leseratte #Bookstagram #Naturglück;storage/photos/2/1229.webp;2024-07-13 21:43:10;2024-07-13 21:43:10
1230;261;Neues PR im Training geknackt! 🏋️‍♀️ Fühle mich super stark in der frischen Luft. 🌳 #SweatySelfie #Gymlife #Stärke;storage/photos/2/1230.webp;2024-07-13 21:43:10;2024-07-13 21:43:10
1231;262;"Immer up to date mit den neuesten Nachrichten 📰📲 Im Park, zwischen den Schlagzeilen. #StayWoke #NewsJunkie #OutdoorJournalist";storage/photos/2/1231.webp;2024-07-13 21:43:10;2024-07-13 21:43:10
1232;262;Game-Time draußen im Park 🎮🌳 Nichts schlägt die frische Luft und ein spannendes Match! #Gamerlife #GameOn #ParkVibes;storage/photos/2/1232.webp;2024-07-13 21:43:10;2024-07-13 21:43:10
1233;262;Gestern gefunden: ein altes Zeitungsexemplar mit bewegenden Schlagzeilen 📜✨ #StayWoke #VintageVibes;storage/photos/2/1233.webp;2024-07-13 21:43:10;2024-07-13 21:43:10
1234;262;Spieleabend im Freien 🌳🎮 #LevelUpLife #GameOn #NatureGamer;storage/photos/2/1234.webp;2024-07-13 21:43:10;2024-07-13 21:43:10
1235;263;Lerne von der Geschichte und lass dich inspirieren! 📚🌟 Heute habe ich eine spannende Doku über das alte Rom gesehen und mich gleich ein bisschen wie eine Kriegerin im Fitnessstudio gefühlt. #Geschichtsinteressiert #HistoryBuff #FitnessPower;storage/photos/2/1235.webp;2024-07-13 21:43:10;2024-07-13 21:43:10
1236;263;Entdecke alte Geheimnisse in meinem neuen Buch über die Ära des Römischen Reiches 📚✨ #HistoryBuff #OldSchoolCool #RomanEmpire;storage/photos/2/1236.webp;2024-07-13 21:43:10;2024-07-13 21:43:10
1237;263;Faszinierende antike Artefakte ✨ inspirieren mich täglich im Training! #Zeitreise #HistoryBuff #Inspiration;storage/photos/2/1237.webp;2024-07-13 21:43:10;2024-07-13 21:43:10
1238;263;Nach einem energiegeladenen Workout fühle ich mich stärker als je zuvor 💪✨ #SweatySelfie #FitFam #Motivation;storage/photos/2/1238.webp;2024-07-13 21:43:10;2024-07-13 21:43:10
1239;264;Heute die Herausforderungen der deutschen Grammatik gemeistert. 📚 #LanguageNinja #Sprachtalent #Wörterwelt;storage/photos/2/1239.webp;2024-07-13 21:43:10;2024-07-13 21:43:10
1240;264;Die erste Lektion in Spanisch 📚💬 Einige Wörter den ganzen Tag wiederholen sorgt für Wörter die bleiben! #LanguageNinja #Weltsprachen #Sprachenliebe;storage/photos/2/1240.webp;2024-07-13 21:43:10;2024-07-13 21:43:10
1241;264;📚 Neue Vokabeln im Notizbuch entdeckt. 🌐 #Weltsprachen #PolyglotLife #LernAbenteuer;storage/photos/2/1241.webp;2024-07-13 21:43:10;2024-07-13 21:43:10
1242;264;Zwischen den Seiten eines alten Sprachbuchs 📖 entdecke ich die Magie neuer Wörter. 🌟 #PolyglotLife #LanguageNinja #Wortwelten;storage/photos/2/1242.webp;2024-07-13 21:43:10;2024-07-13 21:43:10
1243;264;🗺️ Tauche ein in die Welt der Sprachen! ✨ #LanguageNinja #Weltsprachen #Sprachenliebe;storage/photos/2/1243.webp;2024-07-13 21:43:10;2024-07-13 21:43:10
1244;265;"Neues Outfit, neuer Vibe! ✨🕶️ #StyleGame #Fashionista #UrbanChic";storage/photos/2/1244.webp;2024-07-13 21:43:10;2024-07-13 21:43:10
1245;265;Sportliche Eleganz trifft auf urbane Abenteuer ✨ #Modetrends #Fashionista #UrbanChic;storage/photos/2/1245.webp;2024-07-13 21:43:10;2024-07-13 21:43:10
1246;265;Urbaner Style und fragender Blick 🔥👓 Ist ein neues Outfit in Sicht? #StyleGame #Modetrends #UrbanFashion;storage/photos/2/1246.webp;2024-07-13 21:43:10;2024-07-13 21:43:10
1247;265;Ein Blick durch die Linse 🌆📸. Erlebe die Stadt in einem neuen Licht! #FrameIt #Fotoliebe #UrbanVibes;storage/photos/2/1247.webp;2024-07-13 21:43:10;2024-07-13 21:43:10
1248;265;Heute auf urbanen Foto-Abenteuern unterwegs 📸✨ Einfach immer neugierig bleiben! #InstaShot #Fotoliebe #StadtEntdecker;storage/photos/2/1248.webp;2024-07-13 21:43:10;2024-07-13 21:43:10
1249;265;Neue Sportmode ausprobiert und die Straßen erobert 🌟🚶‍♀️! #Modetrends #StyleGame #UrbanLook;storage/photos/2/1249.webp;2024-07-13 21:43:10;2024-07-13 21:43:10
1250;265;Ein episches Spiel von Licht und Schatten 🌆📸 #InstaShot #Fotoliebe #UrbanStyle;storage/photos/2/1250.webp;2024-07-13 21:43:10;2024-07-13 21:43:10
1251;265;Die Schönheit der Stadt durch die Linse entdeckt 🌆📸 #InstaShot #Fotoliebe #UrbanVibes;storage/photos/2/1251.webp;2024-07-13 21:43:10;2024-07-13 21:43:10
1252;265;City-Vibes und Sporty-Chic im neuesten Look! 🕶️🌆 #Modetrends #StyleGame #UrbanFashion;storage/photos/2/1252.webp;2024-07-13 21:43:10;2024-07-13 21:43:10
1253;265;Immer auf der Jagd nach dem perfekten Bild 📸✨ #FrameIt #Schnappschuss #FotografieLeben;storage/photos/2/1253.webp;2024-07-13 21:43:10;2024-07-13 21:43:10
1254;265;"Neuer Winkel, neue Perspektive 🤔📸. Die urbane Kulisse bringt das Foto perfekt zur Geltung! #InstaShot #Fotoliebe #UrbanVibes";storage/photos/2/1254.webp;2024-07-13 21:43:10;2024-07-13 21:43:10
1255;265;Immer auf der Suche nach dem perfekten Shot 😎📸 Heute habe ich die urbane Szenerie als Hintergrund gewählt. #FrameIt #Schnappschuss #Fotografie;storage/photos/2/1255.webp;2024-07-13 21:43:10;2024-07-13 21:43:10
1256;266;Bücher sind wie Pflanzen für die Seele 🌱📖 #Bücherwurm #Bookstagram;storage/photos/2/1256.webp;2024-07-13 21:43:10;2024-07-13 21:43:10
1257;266;Lesen ist wie eine kleine Flucht in eine andere Welt 🌍📚 Heute mein Lieblingsbuch im Garten entdeckt! #Bookstagram #Bücherwurm #Lesefreude;storage/photos/2/1257.webp;2024-07-13 21:43:10;2024-07-13 21:43:10
1258;267;"🌍 Auf neuen Abenteuern in der Welt unterwegs! Kleine Pause am Wasser, um die Aussicht zu genießen. #Reisefieber #TravelGram #NatureLove";storage/photos/2/1258.webp;2024-07-13 21:43:10;2024-07-13 21:43:10
1259;268;🌿 Mein kleiner Urban Jungle im Herzen von München 🏙️ #Gartenliebe #UrbanJungle #GreenThumb;storage/photos/2/1259.webp;2024-07-13 21:43:10;2024-07-13 21:43:10
1260;268;"Die Natur genießen 🌸🌿 Bin dabei, meine Kräuter zu pflegen in meinem kleinen Garten! #PlantParent #GrünerDaumen #GartenLiebe";storage/photos/2/1260.webp;2024-07-13 21:43:10;2024-07-13 21:43:10
1261;268;Nach dem Tennismatch ab ins Beet! 🏃‍♀️🌱 Diese Erdbeeren werden der Hit im Sommer! #Grünerdaumen #UrbanJungle #Sommerfrüchte;storage/photos/2/1261.webp;2024-07-13 21:43:10;2024-07-13 21:43:10
1262;268;Nach einem erfolgreichen Tennismatch noch schnell die Erdbeerpflanzen pflegen 🌱🍓 #GrünerDaumen #UrbanJungle #Gartenliebe;storage/photos/2/1262.webp;2024-07-13 21:43:10;2024-07-13 21:43:10
1263;268;🌸 Der erste Frühlingsgruß! Mein Garten erwacht zum Leben. 🪴 #UrbanJungle #PlantParent #Blumenliebe;storage/photos/2/1263.webp;2024-07-13 21:43:10;2024-07-13 21:43:10
1264;268;Die ersten frischen Kräuter sprießen schon 🌿🌻. Bald wird in meiner Küche der Duft von Basilikum und Minze wehen! #Gartenliebe #PlantParent #Kräutergarten;storage/photos/2/1264.webp;2024-07-13 21:43:10;2024-07-13 21:43:10
1265;269;Zwischen den Vorhängen der Bühne wartet der Zauber auf seinen Auftritt. 🌟 Die Magie des Theaters lebt in diesen stillen Momenten. #Bühnenzauber #Theaterliebe #Traumwelt;storage/photos/2/1265.webp;2024-07-13 21:43:10;2024-07-13 21:43:10
1266;269;"Versunken zwischen den Seiten 📚, wo jede Geschichte ein neues Abenteuer beginnt. ✨ #PageTurner #Bücherwurm #LesenLiebe";storage/photos/2/1266.webp;2024-07-13 21:43:10;2024-07-13 21:43:10
1267;269;Ein stiller Moment hinter den Kulissen 📚✨ Immer tief in die Geschichten versunken. #Bücherwurm #PageTurner #HinterDenKulissen;storage/photos/2/1267.webp;2024-07-13 21:43:10;2024-07-13 21:43:10
1268;270;"Heute mal tief in Gedanken versunken 🤔, während ich über Platons Höhlengleichnis nachdenke. #WisdomSeeker #Philosophieren #Gedankenreise";storage/photos/2/1268.webp;2024-07-13 21:43:10;2024-07-13 21:43:10
1269;270;Im Gespräch über die Zukunft unseres Landes 🍃🗳️ #ZukunftGestalten #YouthVoice #Politik;storage/photos/2/1269.webp;2024-07-13 21:43:10;2024-07-13 21:43:10
1270;270;"Ein neuer Morgen, eine neue politische Idee 🌅✍️ #GenZ4Change #YouthVoice #PolitikRevolution";storage/photos/2/1270.webp;2024-07-13 21:43:10;2024-07-13 21:43:10
1271;270;Ein neuer Weg beginnt 🌱🚀 Diese alten Schriften sind der Schlüssel zu unserer Zukunft. #PolitikInteresse #GenZ4Change #JugendRevolution;storage/photos/2/1271.webp;2024-07-13 21:43:10;2024-07-13 21:43:10
1272;271;"Let’s ace this match! 😤🎾 In meinem Element auf dem Tennisplatz, immer bereit für eine neue Herausforderung. #Tennisass #CourtCrush #SportyVibes";storage/photos/2/1272.webp;2024-07-13 21:43:10;2024-07-13 21:43:10
1273;271;Ready to conquer the court! 🎾💪 Mit jedem Aufschlag ein Stück näher zum Sieg. Let's go! #Aufschlag #ServingLooks #Tennis;storage/photos/2/1273.webp;2024-07-13 21:43:10;2024-07-13 21:43:10
1274;271;🎮 Ready for the next boss battle in style! #LevelUpLife #GameOn #GamerGirl;storage/photos/2/1274.webp;2024-07-13 21:43:10;2024-07-13 21:43:10
1275;271;"Die Sonne blendet, der Schläger trifft 🎾🔥 #CourtCrush #Aufschlag #TennisMoments";storage/photos/2/1275.webp;2024-07-13 21:43:10;2024-07-13 21:43:10
1276;272;"🏃‍♀️ Das Gefühl, wenn deine Füße den Asphalt küssen und der Wind dich trägt 🌬️✨ #Jogging #Laufliebe #FrischeLuft";storage/photos/2/1276.webp;2024-07-13 21:43:10;2024-07-13 21:43:10
1277;272;Heute wieder durch den Park meine Lieblingsstrecke gelaufen 🏞️✨ #Laufliebe #RunnerHigh #Frankfurt;storage/photos/2/1277.webp;2024-07-13 21:43:10;2024-07-13 21:43:10
1278;272;Ein epischer Morgenlauf durch den Park 🌳🏃‍♀️! Die kühle Lufterfrischt und neue Wege rufen. #Laufliebe #Jogging #RunWithPassion;storage/photos/2/1278.webp;2024-07-13 21:43:10;2024-07-13 21:43:10
1279;272;Gefühl von Freiheit auf jeder Laufstrecke 🌲 #RunnerHigh #MilesAndSmiles #TrailBliss;storage/photos/2/1279.webp;2024-07-13 21:43:10;2024-07-13 21:43:10
1280;272;"Frische Luft, endlose Wege 🌲✨ Heute einen geheimen Laufpfad entdeckt 🏃‍♀️ #Laufliebe #Naturwunder und #JoggingAdventures";storage/photos/2/1280.webp;2024-07-13 21:43:10;2024-07-13 21:43:10
1281;273;Heute gibt's selbstgemachte Pasta! 🍝🧄 So lecker und einfach. #Feinschmecker #FoodieInTraining #Küchenzauber;storage/photos/2/1281.webp;2024-07-13 21:43:10;2024-07-13 21:43:10
1282;273;Vintage Labelfeeling! 🧪🔬 Heute mal das Geheimnis der Farben erforschen! 🌈 #Forschergeist #ScienceRules #Experimentierfreude;storage/photos/2/1282.webp;2024-07-13 21:43:10;2024-07-13 21:43:10
1283;274;"In Gedanken versunken, auf der Suche nach dem Sinn des Lebens 🤔🌊 #Philosophieren #WisdomSeeker #Tiefgang";storage/photos/2/1283.webp;2024-07-13 21:43:10;2024-07-13 21:43:10
1284;274;Zwischen den Wellen und Gedanken 🌊✨ #Schwimmstar #SwimSquad #PhilosophieInBewegung;storage/photos/2/1284.webp;2024-07-13 21:43:10;2024-07-13 21:43:10
1285;274;Zum Nachdenken am Ufer des Unbekannten 🌊🧠 #Denkerseele #DeepThoughts #Philosophie;storage/photos/2/1285.webp;2024-07-13 21:43:10;2024-07-13 21:43:10
1286;275;Trauriger Moment zwischen den Abenteuern 🌍 #TravelGram #AdventureAwaits #ReiseGedanken;storage/photos/2/1286.webp;2024-07-13 21:43:10;2024-07-13 21:43:10
1287;275;Vorhang auf für das nächste Abenteuer 🎭✨ Diesmal stehe ich mitten auf der Bühne und träume von neuen Rollen und Geschichten. #SpotlightMoment #Bühnenzauber #TheaterLiebe;storage/photos/2/1287.webp;2024-07-13 21:43:10;2024-07-13 21:43:10
1288;275;Von den Kulissen inspiriert 🎭✨ | #Bühnenzauber #StageLife #TheaterAbenteuer;storage/photos/2/1288.webp;2024-07-13 21:43:10;2024-07-13 21:43:10
1292;277;Politik lebt von unserer Leidenschaft und unserem Engagement! 🚀✊ #ZukunftGestalten #PolitikInteresse #UnsereStimmeZählt;storage/photos/2/1292.webp;2024-07-13 21:43:10;2024-07-13 21:43:10
1293;277;Gartenarbeit für einen guten Zweck 🌿✨ #GivingBack #Ehrenamt #GreenLiving;storage/photos/2/1293.webp;2024-07-13 21:43:10;2024-07-13 21:43:10
1294;277;Heute bei der Demo 💪🌍 für ein besseres Morgen! #Ehrenamt #DoGood #JugendHilft;storage/photos/2/1294.webp;2024-07-13 21:43:10;2024-07-13 21:43:10
1295;277;Gemeinsam packen wir an und gestalten die Zukunft 🌍✨ #GivingBack #Ehrenamt #GemeinsamStark;storage/photos/2/1295.webp;2024-07-13 21:43:10;2024-07-13 21:43:10
1296;278;Für Gerechtigkeit auf den Straßen unterwegs ✊🌍 Gemeinsam können wir die Welt ändern! 💪 #SpeakUp #MachDenUnterschied #NoJusticeNoPeace;storage/photos/2/1296.webp;2024-07-13 21:43:10;2024-07-13 21:43:10
1297;278;Gemeinsam für eine gerechtere Welt 🌍📣 #MachDenUnterschied #BeTheChange #Solidarität;storage/photos/2/1297.webp;2024-07-13 21:43:10;2024-07-13 21:43:10
1298;278;"Heute tief in die Geschichte eingetaucht 📚✨ Fühle mich wie eine Zeitreisende, die im alten Stadtzentrum auf Spurensuche geht. #Geschichtsinteressiert #OldSchoolCool #BildungIstMacht";storage/photos/2/1298.webp;2024-07-13 21:43:10;2024-07-13 21:43:10
1299;278;"💭 Alte Gebäude erzählen Geschichten, die die Bücher verschweigen. #Geschichtsinteressiert #Zeitreise #Weltentdeckerin";storage/photos/2/1299.webp;2024-07-13 21:43:10;2024-07-13 21:43:10
1300;279;"Ein wunderschöner Moment, in dem ein Kätzchen mutig die Welt erkundet 🐾✨ #Tierliebe #PetLife #Abenteuer";storage/photos/2/1300.webp;2024-07-13 21:43:10;2024-07-13 21:43:10
1301;279;Zwischen den Seiten eines Buches liegt eine ganze Welt 🌍✨. #Leseliebe #Wissenshunger #Bücherwurm;storage/photos/2/1301.webp;2024-07-13 21:43:10;2024-07-13 21:43:10
1302;279;Kuschelzeit mit meinen Fellfreunden 🐾✨ Entspannte Momente zwischen den Bücherregalen und meinen liebsten Vierbeinern. #PetLife #PawsomeWorld #Tierliebe;storage/photos/2/1302.webp;2024-07-13 21:43:10;2024-07-13 21:43:10
1303;279;Wildes Abenteuer im Herzen der Natur 🌲🦊 #Tierliebe #PawsomeWorld #NaturEntdecken;storage/photos/2/1303.webp;2024-07-13 21:43:10;2024-07-13 21:43:10
1304;279;Ein friedlicher Moment mit meinen liebsten tierischen Freunden 🦊🌲 #PawsomeWorld #Tierliebe #NaturPur;storage/photos/2/1304.webp;2024-07-13 21:43:10;2024-07-13 21:43:10
1305;280;Lost in the pages of history 📚✨ Entdecke die Vergangenheit in diesem alten Bibliotheksjuwel! #Geschichtsinteressiert #OldSchoolCool #VintageVibes;storage/photos/2/1305.webp;2024-07-13 21:43:10;2024-07-13 21:43:10
1306;280;Chemie in Action: Wenn Elemente zum Leben erwachen 🧪✨ #MindBlown #Experimentierfreude #WissenschaftWunder;storage/photos/2/1306.webp;2024-07-13 21:43:10;2024-07-13 21:43:10
1307;281;Spiele gerade mit neuen Quanten-Experimenten 🧪✨ Wissenschaft macht so viel Spaß! #MindBlown #ScienceRules #FutureScientist;storage/photos/2/1307.webp;2024-07-13 21:43:10;2024-07-13 21:43:10
1308;281;Entdecke den Zauber der Technologie 🌟🔬 #Innovationsfreude #FutureTech #TechMagic;storage/photos/2/1308.webp;2024-07-13 21:43:10;2024-07-13 21:43:10
1309;281;Kleine Entdeckungen können große Veränderungen bewirken 🔬✨ #Forschergeist #ScienceRules #Neugierde;storage/photos/2/1309.webp;2024-07-13 21:43:10;2024-07-13 21:43:10
1310;281;Tauche tief in die Welt der Nanotechnologie ein 🌐✨. Heute im Labor einige spannende Entdeckungen gemacht! #FutureTech #TechJunkie #ScienceLife;storage/photos/2/1310.webp;2024-07-13 21:43:10;2024-07-13 21:43:10
1311;282;Immer auf der Suche nach neuen Erkenntnissen 🔬✨ #Experimentierfreude #Forschergeist #Neugierde;storage/photos/2/1311.webp;2024-07-13 21:43:10;2024-07-13 21:43:10
1312;282;Heute ein kleiner Blick in die Welt der Chemie 🔬✨ #MindBlown #Experimentierfreude #Wissenschaft;storage/photos/2/1312.webp;2024-07-13 21:43:10;2024-07-13 21:43:10
1313;282;In meinem Element 🧪✨ Heute ein aufregendes Chemie-Experiment im Labor durchgeführt! #ScienceRules #MindBlown #ChemistryLover;storage/photos/2/1313.webp;2024-07-13 21:43:10;2024-07-13 21:43:10
1314;282;Heute wieder im Labor und das nächste große Experiment ist im Gange 🔬🤯 #MindBlown #Experimentierfreude #ScienceIsCool;storage/photos/2/1314.webp;2024-07-13 21:43:10;2024-07-13 21:43:10
1315;283;"🎮 Letzte Runde vor dem Schwimmtraining! In meinem Element, egal ob im Wasser oder im Spiel. 🕹️ #GameOn #Gamerlife #LevelUp";storage/photos/2/1315.webp;2024-07-13 21:43:10;2024-07-13 21:43:10
1316;283;Level up im Retro-Style 🎮✨🎧 #Gamerlife #GameOn #VintageGaming;storage/photos/2/1316.webp;2024-07-13 21:43:10;2024-07-13 21:43:10
1317;284;Ein Blick auf die Codes ❤️‍🔥 #Codeliebe #TechWizard;storage/photos/2/1317.webp;2024-07-13 21:43:10;2024-07-13 21:43:10
1318;284;"Manchmal sind es die kleinen Bugs, die die größten Abenteuer bringen! 💻✨ #TechWizard #Codeliebe #CodeLife";storage/photos/2/1318.webp;2024-07-13 21:43:10;2024-07-13 21:43:10
1319;285;Mit meinem Lieblingsband-Shirt auf dem besten Konzert ever! 🎸❤️ #SoundOn #Musikliebhaber #RockOn;storage/photos/2/1319.webp;2024-07-13 21:43:10;2024-07-13 21:43:10
1320;285;Konzertfieber pur! 🎸 Mit meinem Lieblingsband-Shirt und voller Energie die Bühne gerockt! #Konzertfieber #SoundOn #RockOn;storage/photos/2/1320.webp;2024-07-13 21:43:10;2024-07-13 21:43:10
1321;285;Rocke das Konzertleben und lasse mich von der Musik tragen 🎤✨ #Konzertfieber #Musikliebhaber #RockOn;storage/photos/2/1321.webp;2024-07-13 21:43:10;2024-07-13 21:43:10
1322;285;Mit meinem Lieblingsband-Shirt bei einem mega Konzert! 🙌🎸 #Musikliebhaber #SoundOn #RockInMyHeart;storage/photos/2/1322.webp;2024-07-13 21:43:10;2024-07-13 21:43:10
1323;286;Freiluft-Coding im Fußballtrikot ⚽️💻 Immer bereit für die nächste Coding-Challenge! #Codeliebe #HackathonHero #OutdoorCoding;storage/photos/2/1323.webp;2024-07-13 21:43:10;2024-07-13 21:43:10
1324;286;Coding-Time im Freien 🌳💻! Der perfekte Mix aus Naturgenuss und Hacker-Mindset. #Entwicklerherz #Codeliebe #Frischluft;storage/photos/2/1324.webp;2024-07-13 21:43:10;2024-07-13 21:43:10
1325;286;"Spiel, Satz und Tor! ⚽️✨ #Torjäger #SoccerLife #FußballLiebe";storage/photos/2/1325.webp;2024-07-13 21:43:10;2024-07-13 21:43:10
1326;287;Magische Momente im Vintage-Look 🎬✨ #Filmfreak #CinemaAddict #VintageVibes;storage/photos/2/1326.webp;2024-07-13 21:43:10;2024-07-13 21:43:10
1327;288;🎶 Tauche in die Welt der Melodien ein 🎧 Gerade im Tonstudio mit meinen Lieblingsklängen! #SoundOn #MusicIsLife #StudioVibes;storage/photos/2/1327.webp;2024-07-13 21:43:10;2024-07-13 21:43:10
1328;288;🎧 Im Studio und total im Flow! 🌟 Die erste Aufnahme meiner eigenen Songs. #SoundOn #Musikliebhaber #Kreativ;storage/photos/2/1328.webp;2024-07-13 21:43:10;2024-07-13 21:43:10
1329;288;Wenn die Melodien meine Seele berühren 🎧✨ #SoundOn #MusicIsLife #MelodyMagic;storage/photos/2/1329.webp;2024-07-13 21:43:10;2024-07-13 21:43:10
1330;288;"🎤 Gitarren, Verstärker und endlose Melodien! 🎸 #SoundOn #Musikliebhaber #ImStudio";storage/photos/2/1330.webp;2024-07-13 21:43:10;2024-07-13 21:43:10
1331;289;Loving this urban chic look! 🌆✨ Alles dreht sich um coole Styles und die Suche nach neuen Trends. #Modetrends #StyleGame #UrbanFashion;storage/photos/2/1331.webp;2024-07-13 21:43:10;2024-07-13 21:43:10
1332;289;Heute mit meinem neuen stylischen Look die Stadt erkundet und ein paar coole Schnappschüsse gemacht 📸✨ #Fashionista #Modetrends #StreetsOfFashion;storage/photos/2/1332.webp;2024-07-13 21:43:10;2024-07-13 21:43:10
1333;290;Ready to conquer new levels! 😎🎮 #Zocken #LevelUpLife #GamerGirl;storage/photos/2/1333.webp;2024-07-13 21:43:10;2024-07-13 21:43:10
1334;290;Power up! 🌟 Mein ultimativer Gaming-Tempel! #LevelUpLife #Gamerlife #ReadyPlayerOne;storage/photos/2/1334.webp;2024-07-13 21:43:10;2024-07-13 21:43:10
1335;291;"Ein neuer Vintage-Tennisball, der perfekt auf dem Aschenplatz liegt 🎾🌟 #CourtCrush #ServingLooks #VintageVibes";storage/photos/2/1335.webp;2024-07-13 21:43:10;2024-07-13 21:43:10
1336;291;"Tennis-Vibes auf dem alten Platz! 🎾 Die Sonne strahlt, und der Aufschlag sitzt. 🏸 #Aufschlag #Tennisass #VintageStyle";storage/photos/2/1336.webp;2024-07-13 21:43:10;2024-07-13 21:43:10
1337;291;"Sommer, Sonne und ein perfekter Aufschlag! ☀️🎾 #Tennisass #Aufschlag #Sommergefühle";storage/photos/2/1337.webp;2024-07-13 21:43:10;2024-07-13 21:43:10
1338;291;Vintage-Momente auf dem Tennisplatz 🎾✨ #CourtCrush #ServingLooks #VintageVibes;storage/photos/2/1338.webp;2024-07-13 21:43:10;2024-07-13 21:43:10
1339;291;"⚽ In Action auf dem Spielfeld! Die Sonne lacht, während ich im vintage Style für mein Team kämpfe. #SoccerLife #Torjäger #SunnyVibes";storage/photos/2/1339.webp;2024-07-13 21:43:10;2024-07-13 21:43:10
1340;291;Nach einem intensiven Match die Sonne genießen und die nächsten Ziele visualisieren ☀️🎾 #ServingLooks #CourtCrush #TennisLife;storage/photos/2/1340.webp;2024-07-13 21:43:10;2024-07-13 21:43:10
1341;292;Auf dem Weg zum Gipfel! 🌄 Kurze Pause und die Aussicht genießen. 🏞 #Naturliebhaber #Wanderlust #Abenteuer;storage/photos/2/1341.webp;2024-07-13 21:43:10;2024-07-13 21:43:10
1342;292;Technik-Pause auf dem Gipfel! 📱🌄 #Technikbegeistert #TechJunkie #OutdoorTech;storage/photos/2/1342.webp;2024-07-13 21:43:10;2024-07-13 21:43:10
1343;292;"Fasziniert von der tollen Outdoor-Technologie, die dieses Abenteuer noch aufregender macht! 🚀🔋 #Innovationsfreude #FutureTech #GadgetsFürEntdecker";storage/photos/2/1343.webp;2024-07-13 21:43:10;2024-07-13 21:43:10
1344;292;Alte Technik und neue Abenteuer! 📡 Diese Drohnentechnologie ist der Wahnsinn. 🏔️ #Technikbegeistert #FutureTech #VintageGadgets;storage/photos/2/1344.webp;2024-07-13 21:43:10;2024-07-13 21:43:10
1345;292;Der Gipfel fühlt sich einfach magisch an! 🌟 #Naturliebhaber #HikingVibes #BergenLeben;storage/photos/2/1345.webp;2024-07-13 21:43:10;2024-07-13 21:43:10
1346;292;Tech-Inspiration in der Natur 🤓🌟 Mit meinem neuen Gadget den Berg erkunden! #Innovationsfreude #FutureTech #WanderlustAndWifi;storage/photos/2/1346.webp;2024-07-13 21:43:10;2024-07-13 21:43:10
1347;293;"🔧 Ein Tag im Leben eines jungen Programmierers, surrounded by nature 🌿 #Entwicklerherz #HackathonHero #CodeLife";storage/photos/2/1347.webp;2024-07-13 21:43:10;2024-07-13 21:43:10
1348;293;"Nach der Schule schnell in den Garten, um meine Pflanzen zu pflegen. 🌱😊 #UrbanJungle #PlantParent #GartenLiebe";storage/photos/2/1348.webp;2024-07-13 21:43:10;2024-07-13 21:43:10
1349;293;Kleines Hackathon-Projekt im Garten 🌿💻 #HackathonHero #Codeliebe #CodingTime;storage/photos/2/1349.webp;2024-07-13 21:43:10;2024-07-13 21:43:10
1350;293;"Coden im Garten 🖥️🍃. Das perfekte Umfeld, um auf neue Ideen zu stoßen! #Codeliebe #Entwicklerherz #TechMagic";storage/photos/2/1350.webp;2024-07-13 21:43:10;2024-07-13 21:43:10
1351;294;Laufschuhe an und ab auf die Strecke 🏃‍♀️ #Laufliebe #RunnerHigh #RunningLife 💪;storage/photos/2/1351.webp;2024-07-13 21:43:10;2024-07-13 21:43:10
1352;294;"Ballin' like a pro 🏀, dabei immer fresh mit meinen neuen Ohrringen! Hinter mir ruft der Platz, aber Style geht vor. #Korbwerfer #HoopDreams #BasketballLife";storage/photos/2/1352.webp;2024-07-13 21:43:10;2024-07-13 21:43:10
1353;294;Perfektes Wetter für den Lieblingslauf 🌤️🏃‍♀️ #Laufliebe #Jogging #MorningRun;storage/photos/2/1353.webp;2024-07-13 21:43:10;2024-07-13 21:43:10
1354;295;Ich habe heute den #RunnerHigh im Park erreicht! 💪💨 Es war episch und ich fühle mich so lebendig! #Jogging #PowerRun;storage/photos/2/1354.webp;2024-07-13 21:43:10;2024-07-13 21:43:10
1355;295;Feeling unstoppable after my morning run 🏃‍♀️💨 Der Park ist einfach der beste Motivator! #MilesAndSmiles #RunnerHigh #SassOnTheRun;storage/photos/2/1355.webp;2024-07-13 21:43:10;2024-07-13 21:43:10
1356;296;"Smart-Brille aufgesetzt und in die Zukunft geblickt 🤓✨ Immer neugierig, was als nächstes kommt! #FutureTech #Technikbegeistert #TechStyle";storage/photos/2/1356.webp;2024-07-13 21:43:10;2024-07-13 21:43:10
1357;296;Ab ins kühle Nass! 🌊💦 Einfach den Moment genießen. #Schwimmstar #Wasserratte #Sommerfreude;storage/photos/2/1357.webp;2024-07-13 21:43:10;2024-07-13 21:43:10
1358;296;Ein Blick in die Zukunft der Wearable-Tech 🌟🔍 #Technikbegeistert #Innovationsfreude #SmartGadgets;storage/photos/2/1358.webp;2024-07-13 21:43:10;2024-07-13 21:43:10
1359;296;"Das Gefühl, wenn man nach einem anstrengenden Training ins kühle Nass springt! 🌊💦 #Schwimmstar #SwimSquad #Wassergöttin";storage/photos/2/1359.webp;2024-07-13 21:43:10;2024-07-13 21:43:10
1360;296;Lebe das Leben in voller Farbe mit meinem neuen Gadget! 🌈 #FutureTech #Technikbegeistert #SmartLiving;storage/photos/2/1360.webp;2024-07-13 21:43:10;2024-07-13 21:43:10
1361;296;Pures Glück beim Schwimmtraining 🏊‍♀️💧 #SwimSquad #PoolVibes #AquaLife;storage/photos/2/1361.webp;2024-07-13 21:43:10;2024-07-13 21:43:10
1362;297;Laufend in den Tag starten 🏃‍♀️💪 #RunnerHigh #MilesAndSmiles #SportyStyle;storage/photos/2/1362.webp;2024-07-13 21:43:10;2024-07-13 21:43:10
1363;297;Morgenlauf auf der Bahn 🌅 Es gibt nichts Besseres als die frische Luft zum Start in den Tag! 💪 #RunnerHigh #Jogging #MorningRoutine;storage/photos/2/1363.webp;2024-07-13 21:43:10;2024-07-13 21:43:10
1364;297;Startklar für die nächste Herausforderung 🏃‍♀️💥 #Laufliebe #MilesAndSmiles;storage/photos/2/1364.webp;2024-07-13 21:43:10;2024-07-13 21:43:10
1365;297;Neue Bestzeit auf der Laufstrecke 🏃‍♀️💪 #Laufliebe #Jogging #PowerGirl;storage/photos/2/1365.webp;2024-07-13 21:43:10;2024-07-13 21:43:10
1366;297;Immer auf der Überholspur 💨🏅 #Laufliebe #Jogging #NiemalsAufgeben;storage/photos/2/1366.webp;2024-07-13 21:43:10;2024-07-13 21:43:10
1367;298;"Ein wunderschöner Tag in der Natur 🌲, ideal für eine Müllsammelaktion ♻️. Lasst uns die Welt gemeinsam sauberer machen! #Nachhaltigleben #Umweltschützer #WirSchaffenDas";storage/photos/2/1367.webp;2024-07-13 21:43:10;2024-07-13 21:43:10
1368;298;Die Wahrheit hinter den Schlagzeilen 📢🌍 Heute mal ganz nachdenklich #StayWoke #TruthSeeker #NachrichtenUpdate;storage/photos/2/1368.webp;2024-07-13 21:43:10;2024-07-13 21:43:10
1369;298;Neue wichtige Artikel gelesen 📚 Die Wahrheit ist wichtiger denn je. #AufDemLaufenden #TruthSeeker #Nachrichten;storage/photos/2/1369.webp;2024-07-13 21:43:10;2024-07-13 21:43:10
1370;298;Nachrichten auf dem Laufenden gehalten 📚🌿. Bleibe informiert und kämpfe für unsere Zukunft! #TruthSeeker #AufDemLaufenden #GrüneRevolution;storage/photos/2/1370.webp;2024-07-13 21:43:10;2024-07-13 21:43:10
1371;299;Zusammen für eine grünere Zukunft! 🌿✨ Lasst uns die Stimme erheben und den Wandel bewirken. #SpeakUp #JungerAktivist #NaturLiebe;storage/photos/2/1371.webp;2024-07-13 21:43:10;2024-07-13 21:43:10
1372;299;Ein kleines Zeichen setzt große Wellen. 🌊🌍 #MachDenUnterschied #BeTheChange #NaturSchützen;storage/photos/2/1372.webp;2024-07-13 21:43:10;2024-07-13 21:43:10
1373;299;Die Ruhe des Waldes 🌲🧘‍♀️ Ein neues Abenteuer wartet! #HikingVibes #Wanderlust #NatureHeals;storage/photos/2/1373.webp;2024-07-13 21:43:10;2024-07-13 21:43:10
1374;299;Natur pur 🌲 Bergpfade erkunden und die Welt von oben sehen 🥾 #Wanderlust #Naturliebhaber #FrischeLuft;storage/photos/2/1374.webp;2024-07-13 21:43:10;2024-07-13 21:43:10
1375;299;"Jede kleine Tat zählt 🌍🌿 Heute war ich im Wald, um Müll zu sammeln und ein Zeichen zu setzen. #MachDenUnterschied #JungerAktivist #SaubereNatur";storage/photos/2/1375.webp;2024-07-13 21:43:10;2024-07-13 21:43:10
1376;299;Kleine Schritte für eine große Veränderung 🍃✨ #BeTheChange #SpeakUp #AltogetherNow;storage/photos/2/1376.webp;2024-07-13 21:43:10;2024-07-13 21:43:10
1377;300;🌐 Meine neue Software untersucht! #Innovationsfreude #TechJunkie #StartUpFeeling 🚀;storage/photos/2/1377.webp;2024-07-13 21:43:10;2024-07-13 21:43:10
1378;300;Neues Tech-Spielzeug ausprobieren! 🤓📱 Fortschrittliche Gadgets sind einfach klasse. #FutureTech #TechJunkie #NerdLife;storage/photos/2/1378.webp;2024-07-13 21:43:10;2024-07-13 21:43:10
1379;300;"Neue App-Idee 💡🖥️ - Lustige Lernpausen! Mehr #Technikbegeistert, weniger Langeweile! #FutureTech #CodingFun";storage/photos/2/1379.webp;2024-07-13 21:43:10;2024-07-13 21:43:10
1380;300;Heute alle Tech-Gadgets inspiziert! 🤓 #Innovationsfreude #FutureTech #TeenTech;storage/photos/2/1380.webp;2024-07-13 21:43:10;2024-07-13 21:43:10
1381;301;Ein weiterer Schritt in Richtung einer besseren Zukunft 🌍✊ Langsam wird es ernst mit meinen politischen Ambitionen. #PolitikInteresse #ZukunftGestalten #MeinungZählt;storage/photos/2/1381.webp;2024-07-13 21:43:10;2024-07-13 21:43:10
1382;301;Just hit a new high score in meinem Lieblingsspiel 🕹️😄 #LevelUpLife #Zocken #AlternativeVibes;storage/photos/2/1382.webp;2024-07-13 21:43:10;2024-07-13 21:43:10
1383;301;Frischer Wind für die Zukunft! 🌬️✊ #GenZ4Change #YouthVoice #FutureLeaders;storage/photos/2/1383.webp;2024-07-13 21:43:10;2024-07-13 21:43:10
1384;301;Leveling up my character while the city's lights glow in the background 🎮✨ #LevelUpLife #Zocken #AlternativeVibes;storage/photos/2/1384.webp;2024-07-13 21:43:10;2024-07-13 21:43:10
1385;301;"Heute ein kleiner Abstecher ins Rathaus gemacht. 🌆🗳️ Wusstet ihr, dass dort eine Ausstellung über Jugendbeteiligung ist? So spannend! #YouthVoice #GenZ4Change #AktivMitWort";storage/photos/2/1385.webp;2024-07-13 21:43:10;2024-07-13 21:43:10
1386;302;Dunkle Töne und sportliche Vibes - das ultimative #StyleGame 🖤✨ #Modetrends #UrbanChic;storage/photos/2/1386.webp;2024-07-13 21:43:10;2024-07-13 21:43:10
1387;302;Streetwear-Vibes im urbanen Dschungel 🏙️🖤 #Modetrends #Fashionista #StreetStyle;storage/photos/2/1387.webp;2024-07-13 21:43:10;2024-07-13 21:43:10
1388;302;Urban Vibes! Auf den Straßen die Style-Queen sein 👑🖤 #StyleGame #OOTD #FashionGoals;storage/photos/2/1388.webp;2024-07-13 21:43:10;2024-07-13 21:43:10
1389;302;Dunkle Farben sind der neue Trend 🖤🖤 #Modetrends #Fashionista #UrbanVibes;storage/photos/2/1389.webp;2024-07-13 21:43:10;2024-07-13 21:43:10
1390;303;Dunk the dream 🏀✨ #Basketballfieber #Korbwerfer #CourtLife;storage/photos/2/1390.webp;2024-07-13 21:43:10;2024-07-13 21:43:10
1391;303;Der perfekte Jumper im Sonnenschein 🌞🏀 #Basketballfieber #HoopDreams #Streetball;storage/photos/2/1391.webp;2024-07-13 21:43:10;2024-07-13 21:43:10
1392;303;In meinem Element 🏀 Energie pur auf dem Court! 💥 #Korbwerfer #Basketballfieber #GameTime;storage/photos/2/1392.webp;2024-07-13 21:43:10;2024-07-13 21:43:10
1393;303;Laufe meine eigenen Wege und zähle die Kilometer! 🏃‍♂️💧 #Jogging #MilesAndSmiles #Freizeitspaß;storage/photos/2/1393.webp;2024-07-13 21:43:10;2024-07-13 21:43:10
1394;303;"Früh morgens joggen, um den Kopf frei zu bekommen 🏃‍♂️🌅 #RunnerHigh #Jogging #SportLover";storage/photos/2/1394.webp;2024-07-13 21:43:10;2024-07-13 21:43:10
1395;303;"Laufen ist kein Hobby, es ist eine Lebenseinstellung 🏃‍♂️✨ Heute fühlt sich die Welt leichter an! #Jogging #RunnerHigh #BewegungIstLeben";storage/photos/2/1395.webp;2024-07-13 21:43:10;2024-07-13 21:43:10
1396;303;🏃‍♂️ Die Morgensonne und der Tau auf dem Gras - perfekter Start für den Tag. 🌞 #MilesAndSmiles #Jogging #NewDay;storage/photos/2/1396.webp;2024-07-13 21:43:10;2024-07-13 21:43:10
1397;304;Casual chic im Großstadtdschungel 🌆👖 #Modetrends #StyleGame;storage/photos/2/1397.webp;2024-07-13 21:43:10;2024-07-13 21:43:10
1398;304;"Ein entspannter Tag in der Stadt, perfekter Casual-Chic Look für jede Gelegenheit! 🌇✨ #StyleGame #OOTD #UrbanVibes";storage/photos/2/1398.webp;2024-07-13 21:43:10;2024-07-13 21:43:10
1399;304;"Heute auf dem Weg zu einer Jugend-Demo für Klimagerechtigkeit 🌍✊. Immer aktiv, immer bewusst! #PolitikInteresse #YouthVoice #StayWoke";storage/photos/2/1399.webp;2024-07-13 21:43:10;2024-07-13 21:43:10
1400;305;Endlich das Endlevel erreicht! 🎮👾 #Zocken #LevelUpLife #GamerLife;storage/photos/2/1400.webp;2024-07-13 21:43:10;2024-07-13 21:43:10
1401;305;Gerade den Boss besiegt und jetzt erst mal Pause 🎮✌️ #Gamerlife #LevelUpLife #VintageVibes;storage/photos/2/1401.webp;2024-07-13 21:43:10;2024-07-13 21:43:10
1402;305;Level up im Gaming-Modus 🕹️👾! Stille Heldentaten in meinem künstlerischen Reich. #Gamerlife #DiverseVibes #GameOn;storage/photos/2/1402.webp;2024-07-13 21:43:10;2024-07-13 21:43:10
1403;305;"Kunst ist nicht nur ein Hobby, es ist ein Lebensstil 🎨 #ArtVibes #CreateDaily #VintageFlair";storage/photos/2/1403.webp;2024-07-13 21:43:10;2024-07-13 21:43:10
1404;305;Farbenfrohe Leinwände und Vintage-Vibes 🎨✨ Jeder Pinselstrich erzählt eine Geschichte. #ArtVibes #Kreativkopf #VintageLove;storage/photos/2/1404.webp;2024-07-13 21:43:10;2024-07-13 21:43:10
1405;305;"Auszeit der Champions! 🎮 Diese Trophäe erinnert mich daran, dass jeder Sieg hart erkämpft ist. 🏆 #Gamerlife #GameOn #ChallengeAccepted";storage/photos/2/1405.webp;2024-07-13 21:43:10;2024-07-13 21:43:10
1406;305;"Level up! 🌟 Neues Setup, gleiche Leidenschaft. #Gamerlife #VintageGaming #GameOn";storage/photos/2/1406.webp;2024-07-13 21:43:10;2024-07-13 21:43:10
1407;306;Code ist mein Kunstwerk 💻🔥 #Codeliebe #TechWizard #HackerLife;storage/photos/2/1407.webp;2024-07-13 21:43:10;2024-07-13 21:43:10
1408;306;Ein kleiner Blick hinter die Kulissen meiner nächsten Coding-Session 💻✨ #Entwicklerherz #HackathonHero #CodeLife;storage/photos/2/1408.webp;2024-07-13 21:43:10;2024-07-13 21:43:10
1409;306;"In meinem Element 🔥📷 #Fotoliebe #FrameIt #NoFilter Shooting und Codieren, immer am Ball!";storage/photos/2/1409.webp;2024-07-13 21:43:10;2024-07-13 21:43:10
1410;307;Kreativität ist meine Superkraft! 🖌️✨ Arbeiten an meinem neuen Meisterwerk im Studio. #CreateDaily #Kreativkopf #BlauLiebe;storage/photos/2/1410.webp;2024-07-13 21:43:10;2024-07-13 21:43:10
1411;307;🎨 Tauche ein in meine Welt der Farben! Heute arbeite ich an meinem neuesten Meisterwerk im Studio. #Kunstliebe #ArtVibes #Kreativität;storage/photos/2/1411.webp;2024-07-13 21:43:10;2024-07-13 21:43:10
1412;307;Experimentiere gerade mit neuen Rezepten 👨‍🍳💙 Kochen und Kunst gehen Hand in Hand #Kochliebe #Feinschmecker #Kreativität;storage/photos/2/1412.webp;2024-07-13 21:43:10;2024-07-13 21:43:10
1413;307;Mit neuer Energie und coolen blauen Farben im Atelier am Werk 🎨🖌️ #ArtVibes #Kunstliebe #BlauIstDieFarbe;storage/photos/2/1413.webp;2024-07-13 21:43:10;2024-07-13 21:43:10
1414;307;"Neue Rezept-Kreation am Start 🍳👩‍🍳 Probieren geht über Studieren, besonders in meiner bunten Küche! 🌈 #ChefMode #Feinschmecker #Kochkunst";storage/photos/2/1414.webp;2024-07-13 21:43:10;2024-07-13 21:43:10
1415;308;Film ab im echten Leben! 🎬📽️ Kinosnacks sind eingecheckt und bereit für die nächste Szene. #CinemaAddict #ReelLife #FilmFreak;storage/photos/2/1415.webp;2024-07-13 21:43:10;2024-07-13 21:43:10
1416;308;"🎞️ Kino-Magie unter den Sternen, bereit für das nächste epische Abenteuer. 🍿 #Kinofan #ReelLife #MovieMagic";storage/photos/2/1416.webp;2024-07-13 21:43:10;2024-07-13 21:43:10
1417;308;Süßer Ballkontakt auf dem Platz 🎾✨ #Tennisass #ServingLooks #CourtMagic;storage/photos/2/1417.webp;2024-07-13 21:43:10;2024-07-13 21:43:10
1418;308;Ein perfekter Aufschlag bei Sonnenuntergang 🌅🎾 Einfach magisch! #CourtCrush #Aufschlag #TennisMoment;storage/photos/2/1418.webp;2024-07-13 21:43:10;2024-07-13 21:43:10
1419;308;"Zwischen den Filmrollen und Kinoabenteuern 🎬, immer den nächsten großen Hit im Visier. #Filmfreak #CinemaAddict #Kinoliebe";storage/photos/2/1419.webp;2024-07-13 21:43:10;2024-07-13 21:43:10
1420;308;"Der perfekte Moment, wenn dein Aufschlag den Court beherrscht 💥🎾 #Aufschlag #CourtCrush #GameSetMatch";storage/photos/2/1420.webp;2024-07-13 21:43:10;2024-07-13 21:43:10
1421;309;"Fokusmodus aktiviert 🎮✨ Bin bereit, den nächsten Level zu knacken! #LevelUpLife #Zocken";storage/photos/2/1421.webp;2024-07-13 21:43:10;2024-07-13 21:43:10
1422;309;"Retro-Gaming-Nacht 🎮✨ Alte Pixel, neue Abenteuer! #LevelUpLife #GameOn #RetroVibes";storage/photos/2/1422.webp;2024-07-13 21:43:10;2024-07-13 21:43:10
1423;309;🏆 Level bestanden und direkt ins nächste Abenteuer! 🎮 Auf die nächste Herausforderung! #LevelUpLife #Zocken #GamingLove;storage/photos/2/1423.webp;2024-07-13 21:43:10;2024-07-13 21:43:10
1424;309;Level up in meinem Gaming-Setup 🕹️👾 #Zocken #GameOn #LetTheGamesBegin;storage/photos/2/1424.webp;2024-07-13 21:43:10;2024-07-13 21:43:10
1425;310;Eintauchen in eine neue Welt 📖🌟 Endlich wieder ein spannendes Buch aus meiner Lieblingsreihe gefunden! #Leseratte #PageTurner #Bücherliebe;storage/photos/2/1425.webp;2024-07-13 21:43:10;2024-07-13 21:43:10
1426;310;"Neues Buch, neues Kapitel ✨📚 Mit jeder Seite wachsen die Ideen. Bücherregal-Erkundung und Gedankenfliegen! #Bücherwurm #Bookstagram #LesenLiebt";storage/photos/2/1426.webp;2024-07-13 21:43:10;2024-07-13 21:43:10
1427;310;Engagieren und verändern! Es gibt immer etwas zu tun. 💛 #Ehrenamt #DoGood #ChangeMakers;storage/photos/2/1427.webp;2024-07-13 21:43:10;2024-07-13 21:43:10
1428;310;Ein episches Leseabenteuer zwischen den Zeilen 📚✨ #PageTurner #Bookstagram #LiteraturLeben;storage/photos/2/1428.webp;2024-07-13 21:43:10;2024-07-13 21:43:10
1429;310;Ein Schritt in Richtung Veränderung 🌟📚 #Ehrenamt #GivingBack #SozialeGerechtigkeit;storage/photos/2/1429.webp;2024-07-13 21:43:10;2024-07-13 21:43:10
1430;310;"📚✨ Jeder Einsatz zählt, ob groß oder klein 🏠 #Ehrenamt #DoGood #Bibliothek";storage/photos/2/1430.webp;2024-07-13 21:43:10;2024-07-13 21:43:10
1431;310;Freiwillige Stunde in der Bücherei 📚✨ Heute wieder mal im Einsatz! #Ehrenamt #DoGood #LiteraturLiebe;storage/photos/2/1431.webp;2024-07-13 21:43:10;2024-07-13 21:43:10
1432;311;Sonntags beim Freiwurf 🏀. Manchmal spricht der Korb mehr als Worte. #Basketballfieber #LetzterWurf;storage/photos/2/1432.webp;2024-07-13 21:43:10;2024-07-13 21:43:10
1433;311;Spiele heute hart 🏀 #BballAddict #HoopDreams #GameOn;storage/photos/2/1433.webp;2024-07-13 21:43:10;2024-07-13 21:43:10
1434;311;Sonnenuntergang auf dem Court 🌅🏀 Die Körbe erzählen Geschichten... #BballAddict #Korbwerfer #CourtLife;storage/photos/2/1434.webp;2024-07-13 21:43:10;2024-07-13 21:43:10
1435;311;"Konnte den letzten Dreier nicht treffen 🏀, aber ich gebe nicht auf 🔥 #BballAddict #NeverGiveUp";storage/photos/2/1435.webp;2024-07-13 21:43:10;2024-07-13 21:43:10
1436;312;Tauche tief in die Welt der Bits und Bytes ein 🤖💡 #Innovationsfreude #Technikbegeistert #TechLife;storage/photos/2/1436.webp;2024-07-13 21:43:10;2024-07-13 21:43:10
1437;313;Nach einem intensiven Workout den Pump spüren 🏋️ #Gymlife #SweatySelfie #StayStrong;storage/photos/2/1437.webp;2024-07-13 21:43:10;2024-07-13 21:43:10
1438;313;Neue Höchstleistung im Gym erreicht! 🏋️‍♂️💥 #FitFam #Gymlife #StrongerEveryDay;storage/photos/2/1438.webp;2024-07-13 21:43:10;2024-07-13 21:43:10
1439;313;Workout-Time im Gym! 💪 Heute stand Beintraining auf dem Plan. #SweatySelfie #Fitnessjunkie #LegDay;storage/photos/2/1439.webp;2024-07-13 21:43:10;2024-07-13 21:43:10
1440;313;Neuer persönlicher Rekord im Fitnessstudio 💪🏋️‍♂️ #Gymlife #SweatySelfie #FitnessJourney;storage/photos/2/1440.webp;2024-07-13 21:43:10;2024-07-13 21:43:10
1441;313;Das neue Album ist draußen! 🎧🔥 Die Beats sind der Hammer! #Musikliebhaber #SoundOn #EpicVibes;storage/photos/2/1441.webp;2024-07-13 21:43:10;2024-07-13 21:43:10
1442;314;Tennisplatz oder Laufsteg? 🎾💪 #ServingLooks #CourtCrush #GameOn;storage/photos/2/1442.webp;2024-07-13 21:43:10;2024-07-13 21:43:10
1443;314;"Die Magie des Theaters steckt in jedem Detail, auch in den kleinsten Requisiten 🎩✨ #StageLife #Bühnenzauber #TheaterMagic";storage/photos/2/1443.webp;2024-07-13 21:43:10;2024-07-13 21:43:10
1444;314;Fokussiert und bereit für ein Ass auf dem Platz! 🎾🔥 #Tennisass #CourtCrush #GameOn;storage/photos/2/1444.webp;2024-07-13 21:43:10;2024-07-13 21:43:10
1445;314;Zwischen den Proben ✨ und dem Rampenlicht #Theaterliebe #StageLife #Bühnenzauber;storage/photos/2/1445.webp;2024-07-13 21:43:10;2024-07-13 21:43:10
1446;314;Power-Serve 💥 und Fokus pur! Kann nichts meinen #Aufschlag stoppen? 🏿⏳ #ServingLooks #TennisLover;storage/photos/2/1446.webp;2024-07-13 21:43:10;2024-07-13 21:43:10
1447;314;"☀️ Unter dem Spotlight 🌟 entfaltet sich die Magie des Augenblicks. Ein leerer Bühnenvorhang, bereit für das große Spektakel. #SpotlightMoment #Bühnenzauber #TheaterLiebe";storage/photos/2/1447.webp;2024-07-13 21:43:10;2024-07-13 21:43:10
1448;315;Entdecke die Geheimnisse vergangener Zeiten 🏰✨ #Zeitreise #OldSchoolCool #GeschichteEntdecken;storage/photos/2/1448.webp;2024-07-13 21:43:10;2024-07-13 21:43:10
1449;315;Schätze der Vergangenheit entdecken 📜✨ Neue Gedankenreise #Geschichtsinteressiert #Zeitreise #HistorischeFunde;storage/photos/2/1449.webp;2024-07-13 21:43:10;2024-07-13 21:43:10
1450;315;"Sommer, Sonne, Schwimmen 🏊‍♀️! Gerade aus dem Pool gestiegen, bereit, die Stadt zu erkunden 🚶‍♀️ #PoolVibes #Wasserratte #SommerAbenteuer";storage/photos/2/1450.webp;2024-07-13 21:43:10;2024-07-13 21:43:10
1451;315;"Verloren in der Geschichte, findet man Schätze aus vergangenen Zeiten 📜✨ #HistoryBuff #Zeitreise #VintageVibes";storage/photos/2/1451.webp;2024-07-13 21:43:10;2024-07-13 21:43:10
1452;315;Chill nach dem Schwimmtraining 🏊‍♀️🌟 Urban vibes und Wasserliebe ✨ #Schwimmstar #SwimSquad #LifeAquatic;storage/photos/2/1452.webp;2024-07-13 21:43:10;2024-07-13 21:43:10
1453;315;"Geschichtsstunde in den Straßen der Stadt 🌇 Entdecke die Vergangenheit, eine Straße nach der anderen! #HistoryBuff #Zeitreise #Entdeckerherz";storage/photos/2/1453.webp;2024-07-13 21:43:10;2024-07-13 21:43:10
1454;316;Grüne Wunder mitten in der Stadt entdecken 🌿✨ #Gartenliebe #GrünerDaumen #Naturfreude;storage/photos/2/1454.webp;2024-07-13 21:43:10;2024-07-13 21:43:10
1455;316;"Ein weiterer Tag in meinem grünen Paradies 🌿😊 Kleine Pflanze, große Träume! #PlantParent #Grünerdaumen #UrbanJungle";storage/photos/2/1455.webp;2024-07-13 21:43:10;2024-07-13 21:43:10
1456;317;"🌱💚 Ein Schritt in Richtung nachhaltiges Leben! Jedes kleine Detail zählt in unserer Mission, die Erde zu schützen. #Nachhaltigleben #Umweltschützer #FutureIsGreen";storage/photos/2/1456.webp;2024-07-13 21:43:10;2024-07-13 21:43:10
1457;317;"🌳 Das leise Flüstern der Bäume erinnert uns daran, wie wichtig nachhaltiges Leben ist. 🌍🍃 #GreenLiving #NachhaltigLeben";storage/photos/2/1457.webp;2024-07-13 21:43:10;2024-07-13 21:43:10
1458;317;Heute den Wald von Müll befreit! 🌲💚 Jedes Stück zählt! #Nachhaltigleben #SaveThePlanet #NatureLover;storage/photos/2/1458.webp;2024-07-13 21:43:10;2024-07-13 21:43:10
1459;318;Magische Momente unter der Kinoleinwand 🎥🍿 #ReelLife #Kinofan #Nostalgie;storage/photos/2/1459.webp;2024-07-13 21:43:10;2024-07-13 21:43:10
1460;318;Zwischen den alten Filmrollen und geheimnisvollen Requisiten... Das Kino ist eine Zeitmaschine! 🎬✨ #ReelLife #Filmfreak #VintageVibes;storage/photos/2/1460.webp;2024-07-13 21:43:10;2024-07-13 21:43:10
1461;318;Nach einem langen Drehtag im Studio 📽️💫 #Filmfreak #ReelLife #BehindTheScenes;storage/photos/2/1461.webp;2024-07-13 21:43:10;2024-07-13 21:43:10
1462;318;Die Magie des Kinos liegt in jedem Detail! 🌟🍿 #ReelLife #CinemaAddict #Filmmagic;storage/photos/2/1462.webp;2024-07-13 21:43:10;2024-07-13 21:43:10
1463;318;Vintage Vibes mit meinem neuen Lieblings-Accessoire 🌟✨ #Fashionista #Modetrends #VintageStyle;storage/photos/2/1463.webp;2024-07-13 21:43:10;2024-07-13 21:43:10
1464;318;Heute stöbere ich nach Vintage-Schätzen! 🕵️‍♀️👗 #Modetrends #Fashionista #VintageLover;storage/photos/2/1464.webp;2024-07-13 21:43:10;2024-07-13 21:43:10
1465;318;Vintage Vibes entdecken 🌟 Alte Band-Shirts und Choker sind einfach zeitlos! #OOTD #Modetrends #VintageLook;storage/photos/2/1465.webp;2024-07-13 21:43:10;2024-07-13 21:43:10
1466;318;🎬 Tauche in meine Welt des Films ein! Vintage-Vibes und echte Emotionen – genau wie in meinen Lieblingsklassikern. 🌟 #Filmfreak #ReelLife #VintageLove;storage/photos/2/1466.webp;2024-07-13 21:43:10;2024-07-13 21:43:10
1467;318;Ein Vintage-Bandshirt und ein Choker 👗✨ #Fashionista #StyleGame #RetroVibes;storage/photos/2/1467.webp;2024-07-13 21:43:10;2024-07-13 21:43:10
1468;318;Vintage Bandshirt und Choker – ein Klassiker neu entdeckt! 🎸✨ #StyleGame #Fashionista #VintageVibes;storage/photos/2/1468.webp;2024-07-13 21:43:10;2024-07-13 21:43:10
1469;319;Ein chilliger Nachmittag mit den süßesten Tieren 🐾🌳 #PetLife #Tierfreund #NatureVibes;storage/photos/2/1469.webp;2024-07-13 21:43:10;2024-07-13 21:43:10
1470;319;Vorbereitungen für den großen Sprachquiz im Park! 📝🌳 So viele Sprachen zu entdecken! #Weltsprachen #LanguageNinja #SprachenLeben;storage/photos/2/1470.webp;2024-07-13 21:43:10;2024-07-13 21:43:10
1471;319;Sprachen sind der Schlüssel zur Welt! 🌍✨ #Sprachtalent #Weltsprachen #Wortzauber;storage/photos/2/1471.webp;2024-07-13 21:43:10;2024-07-13 21:43:10
1472;319;Tierische Abenteuer im Park 🐾🌳 #PetLife #Tierfreund #Naturliebe;storage/photos/2/1472.webp;2024-07-13 21:43:10;2024-07-13 21:43:10
1473;319;Heute im Park so viele neue tierische Freunde getroffen! 🐾🌳 #PetLife #Tierfreund #NaturLover;storage/photos/2/1473.webp;2024-07-13 21:43:10;2024-07-13 21:43:10
1474;320;"Auf meiner Laufstrecke noch ein neues Wort entdeckt! 🌍🗣️ Immer in Bewegung, immer am Lernen. #LanguageNinja #Weltsprachen #OutdoorLernen";storage/photos/2/1474.webp;2024-07-13 21:43:10;2024-07-13 21:43:10
1475;320;Endlich wieder den Pfad entlangflitzen 🌲🏃‍♂️ Bei jedem Schritt bleibt der Alltag zurück. #Laufliebe #RunnerHigh #Naturerlebnis;storage/photos/2/1475.webp;2024-07-13 21:43:10;2024-07-13 21:43:10
1476;320;Nach jedem Lauf fühle ich die Freiheit der offenen Straßen 🌄✨ #RunnerHigh #MilesAndSmiles #LaufenMachtGlücklich;storage/photos/2/1476.webp;2024-07-13 21:43:10;2024-07-13 21:43:10
1477;320;Eine neue Sprache ist wie ein neues Abenteuer! 📚🌍 #Weltsprachen #PolyglotLife #LernAbenteuer;storage/photos/2/1477.webp;2024-07-13 21:43:10;2024-07-13 21:43:10
1478;320;"Nach dem Lauf Tausend Wörter entdecken 📚🌟 Immer in Bewegung, immer lernen! #PolyglotLife #Weltsprachen #Sprachlerner";storage/photos/2/1478.webp;2024-07-13 21:43:10;2024-07-13 21:43:10
1479;320;Ich habe gerade Vokabeln im Park gesammelt und dabei eine neue spannende Sprache entdeckt! 📚🌍 #LanguageNinja #Weltsprachen #Sprachenlernen;storage/photos/2/1479.webp;2024-07-13 21:43:10;2024-07-13 21:43:10