id;name;username;email;email_verified_at;password;bio;gender;birthday;city;country;centimeters;avatar;role;is_active;remember_token;created_at;updated_at
1;Noah Schneider;zornigerfotograf;zornigerfotograf@instahub.test;NULL;$2b$12$MBKuJhr4jwim6bXV4A4xeOfuN.IFlgTIPK9NURLBVWjPOqiRHzP9q;📸 Fotograf mit Wut im Bauch 🔥 | Sprachtalent mit scharfer Zunge 🗣️ | 16 & fertig mit der Welt 🌍😤 | #NoFilter;male;2007-10-02;Schwerin;Deutschland;168;storage/avatars/2/1.webp;user;0;NULL;2024-09-29 16:06:41;2024-09-29 16:06:41
2;Finn Becker;wanderwut_finn;wanderwut_finn@instahub.test;NULL;$2b$12$NMXyeJ6/QSphHo4HFaXxyOjXzMOK5szSuwH8yrzpecVRylT1JgkZi;🏔️ Berge sind meine Bühne 🎸 Musik ist mein Leben 🔥 Leidenschaftlich & Intensiv 💪 #WanderLust #RockOn;male;2006-06-14;München;Deutschland;183;storage/avatars/2/2.webp;user;0;NULL;2024-09-29 16:06:41;2024-09-29 16:06:41
3;Liam Hoffmann;bergcoder;bergcoder@instahub.test;NULL;$2b$12$k9EpPzguDTy0NxAo83BcMeei1ytggkoQc1hOSk9sAxY8BDqlm7sWy;"🧑‍💻 Coding enthusiast | 🏔️ Nature explorer | 💭 Thinking in algorithms and mountain trails 🌟 Kind to all, unless you mess with my code 😤";male;2009-07-08;Zürich;Schweiz;174;storage/avatars/2/3.webp;user;0;NULL;2024-09-29 16:06:41;2024-09-29 16:06:41
4;Elias Wagner;koch_kicker;koch_kicker@instahub.test;NULL;$2b$12$/KHILuhu76AZU.Wb0D5q8uB8FlhJdXlC8hnfA8GINSciE7melh63.;🔪👨‍🍳 Kochkünstler mit Köpfchen 🧠⚽ Ballzauberer auf'm Platz 🏆 Haters gonna hate 🙄 #GlatzeIstMeinStyle;male;2008-04-23;Berlin;Deutschland;181;storage/avatars/2/4.webp;user;0;NULL;2024-09-29 16:06:41;2024-09-29 16:06:41
5;Ben Neumann;modegamer_ben;modegamer_ben@instahub.test;NULL;$2b$12$rRUTEB.EqbyMCxGq9FcvKO5AJKnvYL00.NoEjvTBNukxIh/jF1pQ.;"👔 Fashion addict & Gaming pro 🎮
Style is my superpower 💪
Leben auf Höchstlevel 🔝
Haters gonna hate 😎";male;2007-09-17;Magdeburg;Deutschland;181;storage/avatars/2/5.webp;user;0;NULL;2024-09-29 16:06:41;2024-09-29 16:06:41
6;Felix Zimmermann;pixelprins;pixelprins@instahub.test;NULL;$2b$12$SQKI11yP86NPF1.aK2WJv.HO6ptAha2UZBzumoXdcakK2RPqAEdh6;"📸 Capturing moments & crushing bosses 🎮
14 | 🇩🇪
Any photo tips? 🤔
📍 Exploring the world one click at a time";male;2010-06-14;Hannover;Deutschland;183;storage/avatars/2/6.webp;user;0;NULL;2024-09-29 16:06:42;2024-09-29 16:06:42
7;Matteo Schulz;modebeat_teo;modebeat_teo@instahub.test;NULL;$2b$12$87eUL7tMRMZmhMIvcsv90OeAeHn2lbATA7aCUnPVOesJAWLrzpiVW;🎵 Musikfreak | 👕 Fashionista | 💚 Gute Vibes only! | 😂 Humor ist mein Mittlename | 🌈 Sei du selbst!;male;2008-09-04;Grünstadt am See;Deutschland;166;storage/avatars/2/7.webp;user;0;NULL;2024-09-29 16:06:42;2024-09-29 16:06:42
8;Oscar Klein;theaterwut_oscar;theaterwut_oscar@instahub.test;NULL;$2b$12$mkCnDs.XxCcOconfCByTTu449WJEjTYz4VK8PeVhrvJSSpf/F9F2K;🎭 Theaterfanatiker | 189cm Bohnenstange 🌱 | Brillenschlange mit Biss 🐍 | Eure Meinung? Irrelevant. 🙄✌️;male;2009-11-05;Leipzig;Deutschland;189;storage/avatars/2/8.webp;user;0;NULL;2024-09-29 16:06:42;2024-09-29 16:06:42
9;Henry Schmitt;knipserwut;knipserwut@instahub.test;NULL;$2b$12$npxRW46WtuvIYFS1xmc7neOZg1NW2b7OhCUY7J3YsyMvHcrW7RK.a;"📸 Capturing moments, changing the world 🌍✊ | 14 | Wannabe activist | Haters gonna hate 🙄 | Love it or leave it 🔥";male;2009-12-20;Stuttgart;Deutschland;167;storage/avatars/2/9.webp;user;0;NULL;2024-09-29 16:06:42;2024-09-29 16:06:42
10;Theo Fischer;laufgaertner_theo;laufgaertner_theo@instahub.test;NULL;$2b$12$.ULCeoSuFpr6WhXlP.wkOeYEd6VuH7wvZ4DUFjk7BQBnFWByalK2K;"🌱 Pflanzenpapa & Lauffreak 🏃‍♂️ | 182cm groß, aber meine Träume noch größer 💭 | Bin ich der einzige, der beim Gärtnern an Sneaker denkt? 🤔👟";male;2005-12-12;Kiel;Deutschland;182;storage/avatars/2/10.webp;user;0;NULL;2024-09-29 16:06:42;2024-09-29 16:06:42
11;Luis Weber;kunstnews_luis;kunstnews_luis@instahub.test;NULL;$2b$12$FGGOytEYTJZzTSU5aXWI2OhmlrW3gaCLXlj5LADYP10OVy4BBHbsi;"🎨 Kunst ist meine Rebellion 🖌️ | 📰 Nachrichtenfreak | 🤔 Fragen über Fragen | 💙 Blaue Augen, lockige Gedanken 🌀 | 🏃‍♂️ Sportlich unterwegs";male;2009-01-19;München;Deutschland;179;storage/avatars/2/11.webp;user;0;NULL;2024-09-29 16:06:43;2024-09-29 16:06:43
12;Luca Keller;fitnesschef_luca;fitnesschef_luca@instahub.test;NULL;$2b$12$70RdEc0QBKRC0bi3CyYzxepa9dbFQfPAz5TE9KQftD1yjHpFkAdJe;"🏋️‍♂️ Fitness-Junkie & Hobby-Koch 🍳
Immer auf der Suche nach dem perfekten Protein-Pancake 🥞💪
188cm über dem Meeresspiegel 📏
Mein Sixpack & ich: 'work in progress' 😅";male;2006-10-29;Bern;Schweiz;188;storage/avatars/2/12.webp;user;0;NULL;2024-09-29 16:06:43;2024-09-29 16:06:43
13;Niklas Schröder;grosserlaeufer;grosserlaeufer@instahub.test;NULL;$2b$12$eoDhOXnRyiOHsXAUUlDp3e/afb4EujrQNFht/Yz3KAIBm0AWW95K.;"🏃‍♂️ Laufsucht ist real 🏋️‍♂️ Fitness ist Leben
192cm Gigant 👑
Ihr seid alle Loser 🙄💅";male;2009-05-18;Bern;Schweiz;192;storage/avatars/2/13.webp;user;0;NULL;2024-09-29 16:06:43;2024-09-29 16:06:43
14;Levi Schumann;nachrichtenlevi;nachrichtenlevi@instahub.test;NULL;$2b$12$dl8vZFy32qjRztD6sh.iqe5hIFTp0nKdaXzusVzdk6zvZMbiCKupi;🗞️ Nachrichtenjunkie | 17 | Blondie mit Locken 👱‍♂️ | Alternativ & stolz drauf 🤘 | Memes & Weltgeschehen 🌍 | Humor ist meine Superkraft 😂;male;2006-09-27;Wien;Österreich;169;storage/avatars/2/14.webp;user;0;NULL;2024-09-29 16:06:43;2024-09-29 16:06:43
15;Emil Bergmann;reisewut_emil;reisewut_emil@instahub.test;NULL;$2b$12$0qBkN6M.cyPUT983MDk5q.cQUUNYM/lnNdY.wskpIPTlFihM.Opka;🏃‍♂️ Laufsucht & Reisefieber 🌍 | Immer auf Achse 😤 | Kritisch & direkt 🔥 | 184cm über dem Boden 📏;male;2006-12-13;Saarbrücken;Deutschland;184;storage/avatars/2/15.webp;user;0;NULL;2024-09-29 16:06:43;2024-09-29 16:06:43
16;Milo Richter;tiertrainer_milo;tiertrainer_milo@instahub.test;NULL;$2b$12$ZMq.taQOWihnd3BRWZYSguKpSc4jxB4vvyd2055ozICM7Qn32ODdu;"🐾 Tierliebhaber | 💪 Fitness-Junkie | 🖤 Meine Meinung ist die einzig wahre | 🤓 Brillenträger mit Attitude | 🌈 Alles anders, alles besser";male;2005-12-05;Düsseldorf;Deutschland;179;storage/avatars/2/16.webp;user;0;NULL;2024-09-29 16:06:43;2024-09-29 16:06:43
17;Maximilian Wolff;turmriese_max;turmriese_max@instahub.test;NULL;$2b$12$v.UbpKg./3zqH8f5WNjes.Le9NEXpcSTTavcML2vD0xMhSvwu7m1q;🎵 Musik ist mein Leben 🎸 | 195cm großer Witzbold 😂 | Immer ein offenes Ohr für Freunde 🤗 | 16 und ready to rock! 🤘;male;2007-08-25;Hannover;Deutschland;195;storage/avatars/2/17.webp;user;0;NULL;2024-09-29 16:06:44;2024-09-29 16:06:44
18;Jonas Lehmann;gamewut_jonas;gamewut_jonas@instahub.test;NULL;$2b$12$Z0g2SkAZpkI7xZdmGfI2DeKApR8Y2PDiihxMDVj.GyKyypyYEicnS;"🎮 Level 16 | Asian Gamer Boy 🇩🇪 | 👾 Twitch: @kai_gamer_elite | ❓ Why so serious? | 🔥 Alt style, don't care 😏";male;2008-06-25;München;Deutschland;177;storage/avatars/2/18.webp;user;0;NULL;2024-09-29 16:06:44;2024-09-29 16:06:44
19;Leo Hausmann;wanderkoenig_leo;wanderkoenig_leo@instahub.test;NULL;$2b$12$YK7klnMNIGEeJ6TNxZ.VJekEvFXIauzMKvSKAcZb7yRuZI82jHwW2;🎭 Bühnenliebhaber & Bergbezwinger 🏔️ | 16 | Humor ist mein Cardio 😂 | Wandern ist meine Therapie 🥾 | #PlusSizeModel in spe 💁‍♂️;male;2007-12-13;Saarbrücken;Deutschland;180;storage/avatars/2/19.webp;user;0;NULL;2024-09-29 16:06:44;2024-09-29 16:06:44
20;Paul Eichmann;kochkuenstler_paul;kochkuenstler_paul@instahub.test;NULL;$2b$12$Cq1tNi6esS3nuqsglOGdK.F4e4ubZNwaXu4BlTQ9M1SNq4WvpVtAC;"🍳 Kochkünstler in der Ausbildung 👨‍🍳
🌟 Liebe es, neue Rezepte zu entdecken!
🤗 Teile gerne meine kulinarischen Abenteuer
🎸 Nebenbei Gitarren-Anfänger
🌈 Positivity only! ✨";male;2009-02-23;Erfurt;Deutschland;181;storage/avatars/2/20.webp;user;0;NULL;2024-09-29 16:06:44;2024-09-29 16:06:44
21;David Huber;klangknipser;klangknipser@instahub.test;NULL;$2b$12$Gq1kw2usK/6yPNww4uOg9ej1TU90u3FBcPVv3VhrHF5p5AEQ4zyB6;"📸 Fotografie-Enthusiast | 🎵 Musikliebhaber | 👓 Stil ist meine Superkraft | 💪 Fit & fabelhaft | 😂 Lache viel, lebe mehr! | 🌍 Entdecke die Welt durch meine Linse";male;2010-04-14;Düsseldorf;Deutschland;169;storage/avatars/2/21.webp;user;0;NULL;2024-09-29 16:06:44;2024-09-29 16:06:44
22;Anton Bauer;riesenlichtfaenger;riesenlichtfaenger@instahub.test;NULL;$2b$12$OyDZG0bsOInd9Q/FEeUFqOCNfxShtYsgoLmAxWksCISs61/imMc0O;"📸 Durch meine Linse sehe ich die Welt anders 🌍
Immer auf der Suche nach dem perfekten Schnappschuss 🔍
Fragen? Immer her damit! 🤔💭
14 | 🇩🇪 | Brillenträger mit Stil 😎";male;2009-07-26;München;Deutschland;184;storage/avatars/2/22.webp;user;0;NULL;2024-09-29 16:06:45;2024-09-29 16:06:45
23;Linus Roth;kochschlaeger;kochschlaeger@instahub.test;NULL;$2b$12$IcLskbnS9ZhvYa41gOLlO.KvTsgQhCuiVISjjhnzbaRxjsLFRVq6y;"🎾 Tennisass & Küchenchef in Ausbildung 🍳
Liebe es, neue Rezepte zu kreieren! 💙
Immer hier für euch 🤗 #SelbstliebeBaby";male;2006-05-22;Mainz;Deutschland;173;storage/avatars/2/23.webp;user;0;NULL;2024-09-29 16:06:45;2024-09-29 16:06:45
24;Lasse Krüger;kunstaktivist_lasse;kunstaktivist_lasse@instahub.test;NULL;$2b$12$2UoLRck57sbGk7FiLIXwROriaTYlecv/CcDREAHTCZUSzM12JLIei;"🎨 Kunst + Aktivismus = meine Welt! 🌍✊🏾
Immer auf der Suche nach dem nächsten coolen Projekt 🤔
Was denkt ihr? 💭
15 | 🇩🇪";male;2009-02-20;Genf;Schweiz;175;storage/avatars/2/24.webp;user;0;NULL;2024-09-29 16:06:45;2024-09-29 16:06:45
25;Jaron Ackermann;buchzorn;buchzorn@instahub.test;NULL;$2b$12$TF.Rfj36B7DNSRJFDEbAvuNARqYzhAfogvVB9S5yryWSaynfFn25G;"📚 Buchliebhaber mit Biss 🧛‍♂️ | Wenn ich nicht lese, bin ich sauer 😡 | 17 & voller Sarkasmus 🙃 | #LiteraturNerd";male;2007-05-15;Hannover;Deutschland;166;storage/avatars/2/25.webp;user;0;NULL;2024-09-29 16:06:45;2024-09-29 16:06:45
26;Jannik Kühn;klangriese;klangriese@instahub.test;NULL;$2b$12$BtZKdJoX9uV1yf3IpQMei.WUmXJuEwdJVRKARJ14MiHRHQ7R1s02O;🎵 Musik ist mein Leben 🎸 | 15 | Sportfreak 🏋️‍♂️ | Style ist meine Leidenschaft 👔 | Ich sehe die Welt durch meine Brille 👓 | #MusicIsLife;male;2009-05-31;München;Deutschland;186;storage/avatars/2/26.webp;user;0;NULL;2024-09-29 16:06:45;2024-09-29 16:06:45
27;Marlon Sauer;kunstwut_marlon;kunstwut_marlon@instahub.test;NULL;$2b$12$dmBSL0CqCJORmRSIE97dDu4PmeQbc7dSHsNTZh2diz5OqHEwhbb/a;"🎨 Kunst ist meine Leidenschaft, Sarkasmus meine Sprache 🖌️
Mode-Enthusiast mit Pickelproblemen 😅
Ironisch elegant seit 2005 💁‍♂️
#KunstKiddo";male;2005-09-08;München;Deutschland;173;storage/avatars/2/27.webp;user;0;NULL;2024-09-29 16:06:45;2024-09-29 16:06:45
28;Timo Reichert;kunstlaufzorn;kunstlaufzorn@instahub.test;NULL;$2b$12$FgN2gROGxeihBQJ/yXM6HukFBEBw.eTlrgPduQKWueiiqepu/fylG;🎨Kunst ist mein Leben🏃‍♂️Laufen ist meine Leidenschaft👨‍🦲Glatze mit Stolz😎Ich bin besser als du denkst🧠Wissen ist Macht;male;2009-03-18;Buchholz am See;Deutschland;183;storage/avatars/2/28.webp;user;0;NULL;2024-09-29 16:06:46;2024-09-29 16:06:46
29;Julian Berger;modekameramann;modekameramann@instahub.test;NULL;$2b$12$ppdI4oK5GSBuGHoEquDwA.VcM/917ZbM/9UsFmHsokiLZB1gSeiuK;📸 Capturing life's runway 👔✨ | 18 | Style enthusiast with a lens 🎭 | Laughs are my favorite accessory 😂 | #FashionMeetsFunny;male;2005-12-25;Schwerin;Deutschland;185;storage/avatars/2/29.webp;user;0;NULL;2024-09-29 16:06:46;2024-09-29 16:06:46
30;Lennard Gehrke;umweltlenni;umweltlenni@instahub.test;NULL;$2b$12$E6NvTX/bBwb/SCC/qSxmgeFbF60L4RXl26cqq5nS9TCWebNKR6nAa;"🌍 Klimaaktivist | 📚 Politikjunkie | 🏋️‍♂️ Fitness-Freak
Die Zukunft gehört uns. Oder?🤔
#FridaysForFuture";male;2006-10-13;Düsseldorf;Deutschland;180;storage/avatars/2/30.webp;user;0;NULL;2024-09-29 16:06:46;2024-09-29 16:06:46
31;Nico Hartmann;sanftmutriese;sanftmutriese@instahub.test;NULL;$2b$12$zlXcx7CdTlqfT7KKCtxoCeZyGWKAQQXJR1ezXh/giuQsOVCub5ZDy;"📚 Bücherwurm mit großem Herz ❤️ | 185cm lang, aber Kopf in den Wolken ☁️ | Helfe gerne, wo ich kann 🤝 | #LesenMachtSpaß #Ehrenamt";male;2010-04-18;Kiel;Deutschland;185;storage/avatars/2/31.webp;user;0;NULL;2024-09-29 16:06:46;2024-09-29 16:06:46
32;Nils Braun;korbjagdriese;korbjagdriese@instahub.test;NULL;$2b$12$ywZXmh.0LfyLT03/W6b7k.fZtjPBF8jrVs/vbjsGRbQHyxw95zRni;🏀 Basketballfreak 🏀 | 187cm und wachsend 📏 | Humor ist mein zweiter Vorname 😂 | Immer ein offenes Ohr für Freunde 🤗 | #AlternativeVibes;male;2009-07-23;Potsdam;Deutschland;187;storage/avatars/2/32.webp;user;0;NULL;2024-09-29 16:06:46;2024-09-29 16:06:46
33;Yannick Vogt;reisefuchs_yannick;reisefuchs_yannick@instahub.test;NULL;$2b$12$qv4AsyoaJinbbw62Pz5Xd.SN/JXrtjOdC.hbdQeXqNs..s9ujJpKu;🐾 Tierfreund auf Reisen 🌍 | 165cm großes Fragezeichen 🤔 | Brillenträger mit Stil 👓✨ | Wo ist das nächste Abenteuer? 🗺️;male;2008-03-12;Düsseldorf;Deutschland;165;storage/avatars/2/33.webp;user;0;NULL;2024-09-29 16:06:47;2024-09-29 16:06:47
34;Jonathan Franke;gartenlinse;gartenlinse@instahub.test;NULL;$2b$12$efkMrpc5XSm5Hs3qNPT42.JAeWVYD2OMQtFXiLhgfmD1PizQUO992;🌱 Pflanzenliebhaber mit grünem Daumen 📸 Fotografie-Enthusiast 🤓 Immer auf der Suche nach dem perfekten Schnappschuss 🌿 #NaturPur;male;2006-01-17;Berlin;Deutschland;170;storage/avatars/2/34.webp;user;0;NULL;2024-09-29 16:06:47;2024-09-29 16:06:47
35;Mattis Schwarz;politikgaertner;politikgaertner@instahub.test;NULL;$2b$12$5.b4RjWHPagSRXRLbX2F.O0rQ/HeBvdvxYeMoIdpgpKBpx2IQoPwu;🌱 Naturliebhaber mit grünem Daumen 🌿 Politikjunkie 📊 Immer auf der Suche nach Veränderung 💚 187cm großer Träumer mit Brille 👓 #GärtnerMitMission;male;2006-05-26;Magdeburg;Deutschland;187;storage/avatars/2/35.webp;user;0;NULL;2024-09-29 16:06:47;2024-09-29 16:06:47
36;Raphael Schreiber;techkicker_rapha;techkicker_rapha@instahub.test;NULL;$2b$12$hGPSsrOAThRs6M9jUMtb6Ouz7h.acDd3P09SshamdIBipltQ2xY5m;"⚽️ Fußball-Enthusiast & Technik-Nerd 🖥️
169cm großer Träumer mit großen Zielen 🚀
Meine Brille sieht alles, meine Augen das Besondere 👓💙
#TechLife #Kickin'It";male;2007-08-24;Salzburg;Österreich;169;storage/avatars/2/36.webp;user;0;NULL;2024-09-29 16:06:47;2024-09-29 16:06:47
37;Levin Baumann;musikriese;musikriese@instahub.test;NULL;$2b$12$xXg6c8EXeg2XQKXmVPoACeTlpSLs8g0V8FLXJ/yAUhDQE6Tga88gy;🎵 Musik ist mein Leben 🐺 Tierfreund 🌈 Sei du selbst! 🤘 Alternative vibes only 💙 #BlueEyedBoy;male;2006-05-29;Berlin;Deutschland;190;storage/avatars/2/37.webp;user;0;NULL;2024-09-29 16:06:47;2024-09-29 16:06:47
38;Mika Steinbach;schwimmriese_mika;schwimmriese_mika@instahub.test;NULL;$2b$12$HhTj8/scZiA1.1LPB7ewbeF1ugXEUP.XsAx3w3immUOTayTMMtrvq;"🏊‍♂️ Wasserjunkie | 182cm Langstreckenschwimmer 🌊
Ich frage mich, ob Fische auch Angst vorm Ertrinken haben? 🤔
Mein Stil? So alternativ wie Chlorwasser 🤘";male;2007-12-02;Leipzig;Deutschland;182;storage/avatars/2/38.webp;user;0;NULL;2024-09-29 16:06:48;2024-09-29 16:06:48
39;Malte Heinemann;philosopholt;philosopholt@instahub.test;NULL;$2b$12$0KlqP8nStA7BMuBFwtb3tO2tElonR6iqMCxsbeEynUrgJ00y0nzku;18 | Denker 🧠 | Weltverbesserer 🌍 | Zwischen Kant und Memes 😂 | Outfit-Rating: alternativ/10 👕;male;2005-12-19;Leipzig;Deutschland;176;storage/avatars/2/39.webp;user;0;NULL;2024-09-29 16:06:48;2024-09-29 16:06:48
40;Fabian Goldstein;frageriese;frageriese@instahub.test;NULL;$2b$12$YVubVyjvMykyyPcLK9Qag.ykRMeDsX1BgKRkPSiCF9KqLPUT4Nrke;🌲 195cm großer Naturbursche 🏔️ | Wandern ist mein Leben 🥾 | Bin ich zu groß oder alle anderen zu klein? 🤔 | Was denkt ihr? 💭;male;2009-03-17;Salzburg;Österreich;195;storage/avatars/2/40.webp;user;0;NULL;2024-09-29 16:06:48;2024-09-29 16:06:48
41;Jannes Fiedler;tennismode_jannes;tennismode_jannes@instahub.test;NULL;$2b$12$dls6nZhy88tr.0RbfF4r1ea4/UVFWT/8l6thf1vBWtsj72vWmNE0.;🎾 Tennis-Enthusiast | 📸 Fashion Explorer | 🤔 Curious mind | 👕 Casual vibes only 🌟 | 175cm tall and growing! 📏;male;2009-11-05;Leipzig;Deutschland;175;storage/avatars/2/41.webp;user;0;NULL;2024-09-29 16:06:48;2024-09-29 16:06:48
42;Arian Köhler;zockerarian;zockerarian@instahub.test;NULL;$2b$12$mczphrqpEmXLm4PUhKRDCukFxo78F/WY9amTD0SjGikLYnZsnboYO;"🎮 Lvl 16 Gamer 🕹️ | Alt style, clear mind 🧠 | Life's a game, I'm just here to win 🏆 | 📍 Berlin";male;2007-07-27;Mainz;Deutschland;180;storage/avatars/2/42.webp;user;0;NULL;2024-09-29 16:06:48;2024-09-29 16:06:48
43;Lian Engel;weltsprachengel;weltsprachengel@instahub.test;NULL;$2b$12$f0fZkUlBY1hts34sRq54B.gDSmZrsAxB8Yk3LbtlzXpUMm6sb3Qh.;"🌍 Sprachenfreak & Reisejunkie 🧳
Ich spreche 4 Sprachen fließend... und Sarkasmus 😜
Zukünftiger Weltenbummler 🚀
Wenn ich nicht reise, plane ich meine nächste Reise! 🗺️";male;2007-11-29;Sonnenberg am Fluss;Deutschland;176;storage/avatars/2/43.webp;user;0;NULL;2024-09-29 16:06:48;2024-09-29 16:06:48
44;Simon Reiter;fragefuchs_simon;fragefuchs_simon@instahub.test;NULL;$2b$12$QxKB1VDxcC01c8im57pX4uZ7tC7v1Swh/Fusd6n4thqRuPzWeI1A6;⚽️ Fußball ist Leben 🐾 Tierfreund mit Attitude 🤨 Frag mich was Besseres 🏋️‍♂️ 181cm pure Eleganz;male;2006-10-26;Innsbruck;Österreich;181;storage/avatars/2/44.webp;user;0;NULL;2024-09-29 16:06:49;2024-09-29 16:06:49
45;Jasper Winkler;wanderkorb_jasper;wanderkorb_jasper@instahub.test;NULL;$2b$12$BnT5I58GqL09SSg4kcBxz.QzeYTMF3NC5rIkgmJOjTIf5MM/RoxpS;"🏀 Baller by day, 🏔️ hiker by weekend 🌄
Asian fusion 🍜 meets Bavarian flair 🥨
15 | Munich 📍
Let's explore together! 🌟";male;2008-09-01;München;Deutschland;167;storage/avatars/2/45.webp;user;0;NULL;2024-09-29 16:06:49;2024-09-29 16:06:49
46;Levi Schumacher;zornfussballkoenig;zornfussballkoenig@instahub.test;NULL;$2b$12$kcY8InB/stCai9zrmPkfmujuAhiNxwgcAhqUiQtaGQD6ECLOPCloC;⚽️ Fußball ist Leben! 🔥 | 16 & unbezähmbar 😤 | Stil? Hab ich! 😎 | Haters gonna hate 🤷🏾‍♂️ | #TeamGrinsekatzé 😂;male;2007-12-10;Saarbrücken;Deutschland;176;storage/avatars/2/46.webp;user;0;NULL;2024-09-29 16:06:49;2024-09-29 16:06:49
47;Finn Holzmann;schwimmfotograf;schwimmfotograf@instahub.test;NULL;$2b$12$KQ20RoeuHhDJQEFwwSwngu.LabYmtLF2kljHvoxUKV752V.HSTSHe;📸 Fotobegeistert | 🏊‍♂️ Schwimmer | 🌟 16 | Stil ist meine Leidenschaft 💁‍♂️✨;male;2007-08-31;Neustadthausen;Deutschland;176;storage/avatars/2/47.webp;user;0;NULL;2024-09-29 16:06:49;2024-09-29 16:06:49
49;Milan Seidel;fitnesszorn;fitnesszorn@instahub.test;NULL;$2b$12$yfSPJ9Ul1m1tadVzyCcU9O1Y5gn30GihSBLn.PvNmuqxWq.WIUwv2;💪 Fitness-Freak & Weltverbesserer 🌍 | Hasse Ungerechtigkeit! 😤 | 182cm 📏 | Mein Gym ist mein zweites Zuhause 🏋️‍♂️ | #NoFilter #RealTalk;male;2008-09-28;Salzburg;Österreich;182;storage/avatars/2/49.webp;user;0;NULL;2024-09-29 16:06:50;2024-09-29 16:06:50
50;Tammo Petersen;wandersmash;wandersmash@instahub.test;NULL;$2b$12$Ihl3IDyMwUpz1QuaV/OEg.qXmo8a9N4OmczdICaZACzkb2SCFFSIe;"🎾 Tennis-Ass & Wanderprofi 🏔️
Immer auf der Suche nach dem nächsten Abenteuer! 🌟
1,84m großer Witzbold mit Brille 🤓
Folgt mir für lustige Updates! 😂";male;2009-12-03;Hannover;Deutschland;184;storage/avatars/2/50.webp;user;0;NULL;2024-09-29 16:06:50;2024-09-29 16:06:50
51;Niklas Hofstetter;denkerprinz;denkerprinz@instahub.test;NULL;$2b$12$Lu4C8RtuhqK4NQdXu35COOHilsxxkUUc6zH5Mx92jKbUWjYDlFp7.;"🧠 Denker in Training 📚
16 | 179cm | 🇩🇪
Keine Meinung ist auch eine Meinung 🤐
'Cogito ergo sum' - oder so ähnlich 🤔";male;2008-04-27;Erfurt;Deutschland;179;storage/avatars/2/51.webp;user;0;NULL;2024-09-29 16:06:50;2024-09-29 16:06:50
52;Lasse Gündogan;oekosmasher;oekosmasher@instahub.test;NULL;$2b$12$5i44EuVtmL/5dEXvGq4K4OeizaSvy1ySq67oFoqhKqQwOXYag21VO;"🎾 Tennisfreak & 🌍 Umweltschützer 💚
18 | Stuttgart
Facts & Infos über Klimawandel 📊
Lasst uns die Welt verbessern! 🌿";male;2005-10-03;Frankfurt;Deutschland;174;storage/avatars/2/52.webp;user;0;NULL;2024-09-29 16:06:50;2024-09-29 16:06:50
53;Liam Behrens;modemeister_liam;modemeister_liam@instahub.test;NULL;$2b$12$cBp2DtYOzy2/u9hHQUtlTe/Eg7vpbsoXITPGgr185MhDco0Lhzp2W;📸 Fashion-Enthusiast 👕👖 | 18 | Casual vibes only 🌟 | Style is a way to say who you are without speaking 💬;male;2005-09-21;Dresden;Deutschland;176;storage/avatars/2/53.webp;user;0;NULL;2024-09-29 16:06:50;2024-09-29 16:06:50
54;Emilian Vogel;zorndenker;zorndenker@instahub.test;NULL;$2b$12$KIHdUVCaMrPWon5rgFsD5etHjstYyJCJ6jAwWI3s3s27Shi/nnrc6;"🔥Philosoph mit Kamera🔥 | Warum lächeln, wenn man wütend sein kann? 😠📸 | Jeder Tag ist ein Kampf gegen die Dummheit 🧠💢";male;2009-08-04;Düsseldorf;Deutschland;174;storage/avatars/2/54.webp;user;0;NULL;2024-09-29 16:06:51;2024-09-29 16:06:51
55;Matteo Pfeifer;zornpinsel;zornpinsel@instahub.test;NULL;$2b$12$M0an8eIAWYa9A1eUUE17rutUe8YME9RmS37B20K9x6XqXfkOzbQre;"🌍 Kämpfer für Mutter Natur 🌱 | 🎨 Kunst ist meine Rebellion 🖌️ | Wütend auf die Welt, aber hoffnungsvoll für die Zukunft 💪 | #UmweltAktivist";male;2007-07-14;Schwerin;Deutschland;178;storage/avatars/2/55.webp;user;0;NULL;2024-09-29 16:06:51;2024-09-29 16:06:51
56;Hendrik Rothenberg;gamingriese;gamingriese@instahub.test;NULL;$2b$12$DVVLlhdr0yR7OURHysiSXuVO3/8/7AQdhqG9z7wxuCTqSc3WWqS5O;🎮 Lvl 14 Gamer | 🌊 Wellenreiter des Lebens | 👾 Pixel-Künstler | 🤓 Nerd & stolz drauf! | 💪 Fitness-Freak in Progress | 🔥 Let's play & slay! 🔥;male;2009-07-19;München;Deutschland;176;storage/avatars/2/56.webp;user;0;NULL;2024-09-29 16:06:51;2024-09-29 16:06:51
57;Aaron Schönfeld;literaturzorn;literaturzorn@instahub.test;NULL;$2b$12$LHb3Qy/EZ1Zjkr//k093ruQIXy4hhNezbQ5oKdVvLR6yIUccTOXGy;📚 Bücherwurm mit Stil 🕴️ | Worte sind meine Superkraft 💪 | Kaffee & Klassiker ☕️📖 | #LiteraturLiebhaber;male;2006-12-01;Düsseldorf;Deutschland;175;storage/avatars/2/57.webp;user;0;NULL;2024-09-29 16:06:51;2024-09-29 16:06:51
58;Lino Wiesinger;zornknipser;zornknipser@instahub.test;NULL;$2b$12$zkOErCNMQvdzQMk1KRE1Eerw7cm3q0h2e7owaxcH1L1NKdVJ061B2;📸 Fotofreak | 16 | 186cm 🦒 | Meine Kamera ist mein drittes Auge 👁️ | Chaos ist meine Kunst 🎨 | #NoFilter #NoBS 🤘;male;2007-09-20;Mainz;Deutschland;186;storage/avatars/2/58.webp;user;0;NULL;2024-09-29 16:06:51;2024-09-29 16:06:51
59;Vincent Eberhardt;gartenzocker;gartenzocker@instahub.test;NULL;$2b$12$DbWUnTVmnVBSUUU275J0V.lOU91opOv8YarW377jJ4VdiKEm2IrK6;"🌱 Pflanzenflüsterer & Pixel-Zerstörer 🎮 | 18 | Wo Grünzeug & Gaming kollidieren 🌿🕹️ | Meine Welt, meine Regeln! 😎✌️";male;2006-02-08;Stuttgart;Deutschland;178;storage/avatars/2/59.webp;user;0;NULL;2024-09-29 16:06:51;2024-09-29 16:06:51
60;Moritz Schindler;fragezorn;fragezorn@instahub.test;NULL;$2b$12$LGRaAc39UsyZX8L23mncQOolUKbgO2nPDuw6ZZYrt4XXeG./o65Li;"⚽️ Kicker mit Köpfchen 🧠 | Fragen über Fragen 🤔 | Manchmal grundlos sauer 😠 | Denke tief, trete hart 💭👟";male;2006-11-14;Zürich;Schweiz;179;storage/avatars/2/60.webp;user;0;NULL;2024-09-29 16:06:52;2024-09-29 16:06:52
61;Luca Hagenbach;schwimmodist;schwimmodist@instahub.test;NULL;$2b$12$ZFJeCqr2IuLTP8GtcEcUd.Rnb.gSuVCi75Ml5nlXZATf9wRg.XQGC;"🏊‍♂️ Wassernixe mit Modebewusstsein 👕👖
Alle anderen sind Landeier 🐣
18 | München | Style over Substance 💁‍♂️✨";male;2006-05-18;Potsdam;Deutschland;172;storage/avatars/2/61.webp;user;0;NULL;2024-09-29 16:06:52;2024-09-29 16:06:52
62;Samuel Brinkmann;lesewut_sam;lesewut_sam@instahub.test;NULL;$2b$12$5JAsbwot0RoDS2ikTWtXO.pgp1rJrSDbPfp6DeGFdW8d7YfFuHuXu;📚 Bücherwurm mit Biss 😤 | Meine Meinung ist die einzig richtige 🔥 | Kein Bock auf Oberflächlichkeit 🙄 | #TeamWütend;male;2006-09-18;Grimmingen;Deutschland;180;storage/avatars/2/62.webp;user;0;NULL;2024-09-29 16:06:52;2024-09-29 16:06:52
63;Lenny Hoffmeister;fitnesshoffie;fitnesshoffie@instahub.test;NULL;$2b$12$.8GgU55A6bEo5Jq7kz9SeOUOoSOf4u3ADmeNat7ly5SdixR3k/21y;🏋️‍♂️ Fitness-Junkie | 🧘‍♂️ Innere Ruhe suchen | 💙 Freundschaft ist alles | 🌈 Positive Vibes only | 📚 Schüler;male;2007-02-11;Potsdam;Deutschland;175;storage/avatars/2/63.webp;user;0;NULL;2024-09-29 16:06:52;2024-09-29 16:06:52
64;Kiran Baumgärtner;sprachbuehne;sprachbuehne@instahub.test;NULL;$2b$12$M6vMM8ccFcKXXVSctUBxEOSJuvBX5d1Me3QQieLXU48NxNyuiik/G;"🎭 Theaterfan & Sprachenliebhaber 🌍
Immer auf der Suche nach neuen Abenteuern! 🎬✈️
Wie sagt man 'Hallo' in deiner Sprache? 🤔💬";male;2006-03-15;Innsbruck;Österreich;171;storage/avatars/2/64.webp;user;0;NULL;2024-09-29 16:06:52;2024-09-29 16:06:52
65;Tom Kirchner;reiseknipser_tom;reiseknipser_tom@instahub.test;NULL;$2b$12$yJ7lpilrNeyk6m1g2.LDyuXjAg7nMh2YHbZaj3.bZ4N6XQQvF0dJm;🌍 Reisefieber im Blut 🧳 | Frage mich alles über meine Abenteuer! 🤔 | Witze & Reisefotos 😂 | 172cm großer Entdecker 🔍;male;2010-01-10;Wanderlust;Deutschland;172;storage/avatars/2/65.webp;user;0;NULL;2024-09-29 16:06:53;2024-09-29 16:06:53
66;Marius Altmann;fitnessfrage;fitnessfrage@instahub.test;NULL;$2b$12$OP/XyabreEdfyoMqT3XmweuEZSTe87OOhY.QwAVT5SZFRGTdNdXP2;"🏋️‍♂️ Fitness-Enthusiast 💪 Politik-Nerd 🗳️
Was denkt ihr über meine Posts? 🤔
Ich frage mich oft, ob ich was bewirken kann... 💭";male;2006-08-12;Saarbrücken;Deutschland;185;storage/avatars/2/66.webp;user;0;NULL;2024-09-29 16:06:53;2024-09-29 16:06:53
67;Lian Schäfer;weltlaeufer;weltlaeufer@instahub.test;NULL;$2b$12$9w7R/UM.mfXQMWY/52bl4uUYbOurUQNmbfk.a6ev2Mv/2IDChOjxG;"🏃‍♂️ Laufschuhe an, Welt entdecken! 🌍✈️
Positive vibes only 🌟
Lebe, lache, laufe 💪😊
18 | 🇩🇪";male;2006-01-23;Schwerin;Deutschland;172;storage/avatars/2/67.webp;user;0;NULL;2024-09-29 16:06:53;2024-09-29 16:06:53
68;Theo Bergmeister;codemeister_theo;codemeister_theo@instahub.test;NULL;$2b$12$yykyeObvyYRzuEYtDsJznujRd5iJBTYyZN0YFzVfPJCViVd6MU89i;🧑‍💻 Coding enthusiast | 🎮 Gamer | 🌟 Future tech guru | 😂 Meme connoisseur | 📚 High school survivor | 🚀 Dreaming in binary;male;2009-07-01;Berlin;Deutschland;165;storage/avatars/2/68.webp;user;0;NULL;2024-09-29 16:06:53;2024-09-29 16:06:53
69;Oskar Lindner;klangkunstoskar;klangkunstoskar@instahub.test;NULL;$2b$12$/UA4BIgoULPJWzm1GXzV6..qOHk.SNo9e2Pxv7jeLQFAfarwq7Z9W;"🎨 Kunst-Enthusiast | 🎵 Musikliebhaber | 🏃‍♂️ Immer in Bewegung
15 | Düsseldorf 📍
Kreativität kennt keine Grenzen! 🌈✨";male;2008-10-20;Kiel;Deutschland;173;storage/avatars/2/69.webp;user;0;NULL;2024-09-29 16:06:53;2024-09-29 16:06:53
70;Arne Berninger;reisezornarne;reisezornarne@instahub.test;NULL;$2b$12$XCHK48EGo5nCBHQjxSmWCOExXw0EZgV6ZOqL5rBxkh6FvJAFbUrpO;🌍 Reisejunkie mit Weltschmerz 📰 | 16 | Nur Idioten überall 🙄 | Größer als dein Ego 📏;male;2008-01-03;Hannover;Deutschland;188;storage/avatars/2/70.webp;user;0;NULL;2024-09-29 16:06:54;2024-09-29 16:06:54
71;Finn Weigel;fitnessfinn;fitnessfinn@instahub.test;NULL;$2b$12$LXABCfK51btN8AHLdX7lne6HCJWT5PdVotv72sopPk7wUiNpgQKU2;🏋️‍♂️ Gains & Giggles 💪😂 | 15 | Fitness-Freak mit Humor 🤪 | Meme Lord in Training 🎓 | #AlternativStyle;male;2009-04-24;Erfurt;Deutschland;168;storage/avatars/2/71.webp;user;0;NULL;2024-09-29 16:06:54;2024-09-29 16:06:54
72;Liam Stadelmann;philosophschwimmer;philosophschwimmer@instahub.test;NULL;$2b$12$Hyw9ZwtFwYwsF5XlGUtn9emKBTyrVlVJNxICamQp3xsr0DPwdwJFe;"🏊‍♂️ Wassernixe & 🧠 Gedankenakrobat 📚
Schwimmen & Philosophieren 🤔💭
14 Jahre jung 🎉
Leben. Lernen. Lachen. 😊";male;2009-10-05;Mainz;Deutschland;170;storage/avatars/2/72.webp;user;0;NULL;2024-09-29 16:06:54;2024-09-29 16:06:54
73;Valentin Hauser;buchzorn_val;buchzorn_val@instahub.test;NULL;$2b$12$LKbwZQf3ehui8i9EQxjOXuJjlfju58M0/ADbNYPmIPDJ9OdNXnhzm;"📚 Bücherwurm auf 1,81m 🤓 | Quoten-Brillenträger 👓 | Worte sind meine Superkraft ⚡️ | 14 und schon Literaturkritiker in spe 🧐📝";male;2009-09-15;Schwerin;Deutschland;181;storage/avatars/2/73.webp;user;0;NULL;2024-09-29 16:06:54;2024-09-29 16:06:54
74;Timon Reinhardt;tenniszorntimon;tenniszorntimon@instahub.test;NULL;$2b$12$VAiG7IPbkaYMw.FfrYS55uxHnDTL8HtJHc2TqnnLnynJNyq17AxPW;🎾 Tennisfreak & Weltenbummler 🌍 | Lockenkopf mit 👓 | Haters gonna hate 🙄✌️ | 172cm pure Coolness 😎;male;2008-02-28;Grünstadt am See;Deutschland;172;storage/avatars/2/74.webp;user;0;NULL;2024-09-29 16:06:54;2024-09-29 16:06:54
75;Erik Weidenbach;oekoerik;oekoerik@instahub.test;NULL;$2b$12$v7BN3DxhwKz7CSh97D6UqeIHFcRLVXpZF7iHzWUtPHym5/qSqqBwO;"🌍 Aktivist für eine grünere Zukunft 🌱 | 16 | Klamotten second hand 👕 | Lache viel, denke mehr 🤔💚 | #FridaysForFuture";male;2008-03-14;Düsseldorf;Deutschland;178;storage/avatars/2/75.webp;user;0;NULL;2024-09-29 16:06:54;2024-09-29 16:06:54
76;Jonne Drechsler;gartenkoch;gartenkoch@instahub.test;NULL;$2b$12$7Q2d.7CMjkoNWJQQAcyzMedq3T/VqBSKQLMEO45pgbrIMFomMRzE2;🌱 Plant dad & kitchen magician 🧑‍🍳✨ | Always cooking up something fresh! 🥬🍳 | 16 & growing strong 💪 | Let's make the world greener one dish at a time! 🌍🥗;male;2007-11-10;Magdeburg;Deutschland;174;storage/avatars/2/76.webp;user;0;NULL;2024-09-29 16:06:55;2024-09-29 16:06:55
77;Janosch Grabowski;zornzocker;zornzocker@instahub.test;NULL;$2b$12$LtKPTgbrEDtFnG/8AIT5r.cIrBDWJAFL3fkW34Vj39u4PuIdt8//m;"🎮 Gaming-Freak | 1,88m Großgewachsen 📏 | Hobby-Rager 😤 | Immer für ne runde Zocken zu haben! 🕹️ | Manchmal salzig, meistens chillig 😎";male;2007-12-24;Kiel;Deutschland;188;storage/avatars/2/77.webp;user;0;NULL;2024-09-29 16:06:55;2024-09-29 16:06:55
78;Carl Seidenberg;kunstschlaeger;kunstschlaeger@instahub.test;NULL;$2b$12$CPmBKZOm4odwE3ayLcJz8uxH0z8J83KE6AdnAJkS9dJmWuie1.OhK;🎨 Kunstliebhaber mit Tennisschläger 🎾 | Fragen über alles 🤔 | Fühl dich umarmt 🤗 | 17 🌱;male;2007-06-04;Wien;Österreich;180;storage/avatars/2/78.webp;user;0;NULL;2024-09-29 16:06:55;2024-09-29 16:06:55
79;Jannis Eichinger;reisewitzbold;reisewitzbold@instahub.test;NULL;$2b$12$ldoShI4inFq4TXOrc/vc7.eyEnH8Cv1suJSZNKr83305R2ZZsjV36;"🌍 Weltenbummler in der Ausbildung 🧳
16 | 180cm | Brillenträger mit Stil 😎
Lache gerne & reise noch lieber 🤣✈️
Motto: Das Leben ist zu kurz für langweiliges Haar! 💙";male;2007-10-18;Hannover;Deutschland;180;storage/avatars/2/79.webp;user;0;NULL;2024-09-29 16:06:55;2024-09-29 16:06:55
80;Elias Weidmann;sprachzocker;sprachzocker@instahub.test;NULL;$2b$12$/CLNKa7o0uod0cdidlHr0uA3/QjwQrPj3N/HtaUacdjWNuGKlvqDm;"🎮 Leveling up in life & languages 🗣️
192cm tall, but my dreams are higher 🚀
Does anyone know how to get rid of acne? 🤔";male;2006-09-11;Stuttgart;Deutschland;192;storage/avatars/2/80.webp;user;0;NULL;2024-09-29 16:06:55;2024-09-29 16:06:55
81;Levi Heidrich;wutgaertner;wutgaertner@instahub.test;NULL;$2b$12$gWB.81upBIA56ATKIZgWVeivhZYgFl0sqii68PjIFOi2Z1eOrqbY2;🌱 Pflanzen > Menschen 🙄 | Naturbursche mit Attitude 💪 | Hasse Smalltalk & Fake People 🚫 | 182cm grüner Daumen 🌿;male;2007-09-13;Grünstadt am See;Deutschland;182;storage/avatars/2/81.webp;user;0;NULL;2024-09-29 16:06:56;2024-09-29 16:06:56
82;Lasse Hofmeister;lichtlasse;lichtlasse@instahub.test;NULL;$2b$12$60vqHZMDgxTOxd1aiHxw0uM1U6Qp4H6M.RzKSspFGHNVLCVgShDxy;📸 Fotografie ist meine Sprache 🌎 Die Welt durch meine Linse 🤗 Teile gerne deine Story mit mir! #VielfaltigeSchönheit;male;2009-03-17;Berlin;Deutschland;183;storage/avatars/2/82.webp;user;0;NULL;2024-09-29 16:06:56;2024-09-29 16:06:56
83;Jaron Wiegmann;wissenschaftzorni;wissenschaftzorni@instahub.test;NULL;$2b$12$X5cccprK0/G.K6hB7K92j.0R2kqBtVLTGtlB5TWixNOUX266mno/.;"🔬 Wissenschafts-Nerd trifft Weltverbesserer 🌍 | Fragen stellen, Antworten finden 🤔 | Manchmal wütend, immer informiert 💡 | 16 | #ClimateAction";male;2007-08-10;München;Deutschland;166;storage/avatars/2/83.webp;user;0;NULL;2024-09-29 16:06:56;2024-09-29 16:06:56
84;Jaro Spiegel;filmzorn;filmzorn@instahub.test;NULL;$2b$12$14lEts4MSEbF/vJKqoVhmeAzi1VwVisl9R09WsTDv1hHSwCpKt/RG;"🎬 Filmfreak | 🗳️ Politikjunkie | 🏋️‍♂️ Fitness-Fan
16 | München | Immer auf der Suche nach dem nächsten guten Film 🍿";male;2008-03-01;Kiel;Deutschland;169;storage/avatars/2/84.webp;user;0;NULL;2024-09-29 16:06:56;2024-09-29 16:06:56
85;Jaro Weinberger;kunstjaro;kunstjaro@instahub.test;NULL;$2b$12$M1Qunt9ObrPbJCq4t0Tnnuykio7vM09iCBOaFIRrXduJspPYup6vK;"🎨 Pinsel-Enthusiast | 📚 Bücherwurm | 🤔 Fragen über Fragen
16 | Kunst = Leben 🖼️
Immer offen für neue Perspektiven 👀✨";male;2008-03-13;Magdeburg;Deutschland;176;storage/avatars/2/85.webp;user;0;NULL;2024-09-29 16:06:56;2024-09-29 16:06:56
86;Thorben Krause;zornzocker_thor;zornzocker_thor@instahub.test;NULL;$2b$12$CCX23N0K6Ac1E6i6E1uunOr4TbJOjsr9BWz8VhrrkKUYQHkX1P5t6;"👾 Gamer by day, dreamer by night 🌙
Nerd mit Stil 🕶️
Nicht hier für Fake-Freunde 🚫
Twitch: lucagamer2k8";male;2008-03-17;Neuhausen an der Elster;Deutschland;181;storage/avatars/2/86.webp;user;0;NULL;2024-09-29 16:06:56;2024-09-29 16:06:56
87;Liam Kuhlmann;schwimmreporter;schwimmreporter@instahub.test;NULL;$2b$12$zfz3Hhu2/9LGvoHXTFsXHeJ5adrfc9h3a8.aLyLvxRN8pC/xbpXsu;"🏊‍♂️ Wassermensch & Nachrichtenjunkie 📰 | 18 | Lange Locken, klarer Kopf 🧠💦 | Immer auf der Suche nach der nächsten großen Welle! 🌊🏄‍♂️";male;2005-08-23;Wellenbach;Deutschland;175;storage/avatars/2/87.webp;user;0;NULL;2024-09-29 16:06:57;2024-09-29 16:06:57
88;Kilian Bachmeier;zornfotograaf;zornfotograaf@instahub.test;NULL;$2b$12$fPVXKnX36P3Zh2hzg3L.AeipxxFHkdTF/UTZ4.U3EWQGTmweOOsk.;"📸 Amateur Fotograf | 193cm groß, aber meine Kamera ist größer 🤓 | Mein Auge sieht mehr als deins 👁️ | Kritisch & informativ 🧠 | #FotografieIstLeben";male;2006-12-28;München;Deutschland;193;storage/avatars/2/88.webp;user;0;NULL;2024-09-29 16:06:57;2024-09-29 16:06:57
89;Mika Schreiber;theatergamer_mika;theatergamer_mika@instahub.test;NULL;$2b$12$vANV0d6wEif2dNByfvkOSeMHJvYtHSCH9GecAvJOFFOzG65F5GZF6;"🎭 Theaterkid by day, Gamer by night 🎮
Lvl 15 🆙
Humor ist meine Superkraft 😂
Brille = +10 Intelligenz 🤓";male;2009-03-14;München;Deutschland;165;storage/avatars/2/89.webp;user;0;NULL;2024-09-29 16:06:57;2024-09-29 16:06:57
90;Yannik Baumgartner;philosophzocker;philosophzocker@instahub.test;NULL;$2b$12$8Hl3VLPllx6KYzvXTeNF9exztL.ndlPnKcx/BUVxq4nylnI9GWO8C;🧠 Denker & Coder 💻 | 17 | Suche nach dem Sinn... in Zeilen & Zitaten 🤔✨ | Memes sind meine Therapie 😂;male;2007-03-02;Saarbrücken;Deutschland;174;storage/avatars/2/90.webp;user;0;NULL;2024-09-29 16:06:57;2024-09-29 16:06:57
91;Liam Kowalski;reisegigant;reisegigant@instahub.test;NULL;$2b$12$M4Ey7eQO4hR2XyaY7aiUCOI6XcDQov.Rx7xoC/zDig/vpbN5kpbOu;"🌎 Entdecke die Welt mit mir! 🧳✈️
15 | 1,90m | Abenteurer 🏞️
Reisen ist meine Leidenschaft 🗺️
Immer auf der Suche nach dem nächsten Abenteuer! 🌄";male;2009-01-30;Potsdam;Deutschland;190;storage/avatars/2/91.webp;user;0;NULL;2024-09-29 16:06:57;2024-09-29 16:06:57
92;Levi Preuß;kunstkritzel;kunstkritzel@instahub.test;NULL;$2b$12$JNcrorLa5B.vTjJAsQAKTeHN87nl5OwgnbGK3ADN0q2CLgbQsg1zG;🎨 Kunst ist mein Leben 🖌️ | Sehe ich gut aus? 🤔 | 18 & verwirrt 😅 | Brillenträger mit Style 😎 | Frag mich was! 💬;male;2005-12-07;Hamburg;Deutschland;179;storage/avatars/2/92.webp;user;0;NULL;2024-09-29 16:06:58;2024-09-29 16:06:58
93;Emre Özdemir;codemre;codemre@instahub.test;NULL;$2b$12$k71PoQvID7S.FHv/0gfqeevxkuCvibD5BtQxcDGAqACYnr3AfW6wq;🧑‍💻 Coding enthusiast | 165cm of pure awesomeness 😎 | Turning caffeine into code ☕️💻 | Memes & dreams 🌈 | #TechNerd;male;2008-02-01;München;Deutschland;165;storage/avatars/2/93.webp;user;0;NULL;2024-09-29 16:06:58;2024-09-29 16:06:58
94;Enno Holzapfel;zornigerkorbjäger;zornigerkorbjäger@instahub.test;NULL;$2b$12$CBtF.Lmfh3rjC/XKarqz1umdwRvmYI.x7kVxuhoBvtCsi5oilkfqa;"🧪 Wissenschafts-Nerd meets Basketballcourt 🏀
170cm von purem Sarkasmus 🙄
Deine Meinung? Wahrscheinlich falsch. 💁‍♂️";male;2006-10-08;Mainz;Deutschland;170;storage/avatars/2/94.webp;user;0;NULL;2024-09-29 16:06:58;2024-09-29 16:06:58
95;Elias Bergmann;reiseriese_elias;reiseriese_elias@instahub.test;NULL;$2b$12$Yziq/AQB2XviY9iDo6/TK.EUWb8csLDAsOLbxQIq8r/7plZglw1pm;🌍 Weltverbesserer in Ausbildung 🌱 | 195cm Großgewachsener Witzbold 😂 | Reisen ist meine Superkraft ✈️ | #StayInformed 📚;male;2009-05-30;Bern;Schweiz;195;storage/avatars/2/95.webp;user;0;NULL;2024-09-29 16:06:58;2024-09-29 16:06:58
96;Jona Freitag;technoglott;technoglott@instahub.test;NULL;$2b$12$JY1/5FGA0nSAkSiArWG7XOi8DUS0va.DJJcFFqAjEJCCLh0/AX9qm;"🌍 Sprachenfreak & Technik-Nerd 🖥️
16 | Schüler | Brillenträger 👓
Bücher > Partys 📚
Kindness is my superpower 💖";male;2008-05-11;Düsseldorf;Deutschland;168;storage/avatars/2/96.webp;user;0;NULL;2024-09-29 16:06:58;2024-09-29 16:06:58
97;Lukas Eichstädt;theaterlichtfaenger;theaterlichtfaenger@instahub.test;NULL;$2b$12$6IHAmaUkkac0of3tLx55P.NDVwJY9YVhH.LDmEZNS3Ej8xIJd.95W;📸 Lichtmaler & Bühnenliebhaber 🎭 | 14 | Grüße aus Hamburg! 🌊 | Immer auf der Suche nach dem perfekten Shot 📷✨;male;2010-01-30;Genf;Schweiz;178;storage/avatars/2/97.webp;user;0;NULL;2024-09-29 16:06:59;2024-09-29 16:06:59
98;Levi Eichstädt;denkerlevi;denkerlevi@instahub.test;NULL;$2b$12$wLSOCIt3D1Vuc5gkAep86OW0848BV8HMV4PJrvzoHLhnCGp59GQIK;"🧠 Denker in Ausbildung | 📚 Bücherwurm | 🏋️‍♂️ Fitness-Enthusiast
16 | Düsseldorf | Fasziniert von den großen Fragen des Lebens 🤔💭";male;2007-09-28;Kiel;Deutschland;176;storage/avatars/2/98.webp;user;0;NULL;2024-09-29 16:06:59;2024-09-29 16:06:59
99;Levi Westermann;reisezornlevi;reisezornlevi@instahub.test;NULL;$2b$12$aAb22y6l4MtCK1UrMw8Aw.BT5KExITAyUZwkweU1a8d367oGEbGJq;🌍 Weltenbummler in Ausbildung 🧳 | 167cm Reisefieber | Haters gonna hate 🙄✌️ | #AlternativeVibes;male;2006-08-21;Saarbrücken;Deutschland;167;storage/avatars/2/99.webp;user;0;NULL;2024-09-29 16:06:59;2024-09-29 16:06:59
100;Mats Hellwig;schwimmoder;schwimmoder@instahub.test;NULL;$2b$12$Ygn9FWwVCFpWE6jHgPfedu8bBtkA7hzZFaDTW47.qKFgEzeMiqdL.;🏊‍♂️ Schwimmliebhaber & Modefan 🕶️ | 17 | Immer auf der Suche nach dem perfekten Style 👕 | Positive Vibes only ✨ | #TeamKurzhaar;male;2007-03-14;Hannover;Deutschland;166;storage/avatars/2/100.webp;user;0;NULL;2024-09-29 16:06:59;2024-09-29 16:06:59
101;Liam Gärtner;kunstgigantliam;kunstgigantliam@instahub.test;NULL;$2b$12$4k20cE7KJKpvVdzaVroLjeSK.wEEB4EE5NDIFN9PmGp1oy6ynezwC;"📚 Bücherwurm mit Pinsel 🎨 | 194cm über dem Boden 🦒 | Fragen über Fragen? 🤔 | Hier, um zu lachen und zu lernen 😂🧠";male;2006-03-16;München;Deutschland;194;storage/avatars/2/101.webp;user;0;NULL;2024-09-29 16:06:59;2024-09-29 16:06:59
102;Linus Albrecht;kunstwut_linus;kunstwut_linus@instahub.test;NULL;$2b$12$8KhpU4AuUoPnGENyLfVoTeIvoB3aMZLl9qzt7eSrFxQX.vF..kqui;"🎨 Kunst ist meine Rebellion 🖌️ | 16 & unbequem 🤘 | Rette die Welt, eine Pinselstrich nach dem anderen 🌍✨ | #FreiwilligerRebell";male;2007-12-31;Mainz;Deutschland;179;storage/avatars/2/102.webp;user;0;NULL;2024-09-29 16:06:59;2024-09-29 16:06:59
103;Levi Rosenbaum;zorntennis;zorntennis@instahub.test;NULL;$2b$12$mKohqv0Ri46RKttYsxY3ZO9igTqp1ohbwOL048TChm5USES/Pl8A2;"🎾 Tennis-Ass 🏊‍♂️ Schwimm-Profi
Du bist nur neidisch 😏
183cm über dir 🔝
Nicht hier um Freunde zu finden 🚫";male;2008-04-21;Stuttgart;Deutschland;183;storage/avatars/2/103.webp;user;0;NULL;2024-09-29 16:07:00;2024-09-29 16:07:00
104;Leon Schramm;zornzocker_leon;zornzocker_leon@instahub.test;NULL;$2b$12$uDVuZBM2trZxTvrNoZNzJ.WISE53T2gXf4APEV.suiuz5EoTTtgSS;🎮 Gaming-Maniac | 📸 Fashion-Freak | 🔥 Rage-Quitter & Hype-Master 🚀 | 175cm of pure awesomeness 😎;male;2009-04-20;München;Deutschland;175;storage/avatars/2/104.webp;user;0;NULL;2024-09-29 16:07:00;2024-09-29 16:07:00
105;Lasse Holzberger;zorncoderlasse;zorncoderlasse@instahub.test;NULL;$2b$12$PCvyVbO3QI8Mydak4qzK8.Lfp8bszedaxEtg.rQMXrPiGEKof0o0a;"🖥️ Coder by day, runner by night 🏃‍♂️
Don't like it? Don't follow 🙄
#TechNerd #FitnessFreak";male;2010-05-18;Neudorfingen;Deutschland;171;storage/avatars/2/105.webp;user;0;NULL;2024-09-29 16:07:00;2024-09-29 16:07:00
106;Jonte Zimmerer;freiwilligergigant;freiwilligergigant@instahub.test;NULL;$2b$12$IHusNFdLaYGbBI78PdDbyeDbLK3voeSkslQ7RCrZY2lh0r6dAs.eO;🌍 Glatzenpower mit 14 😎 Freiwillig verrückt & immer für'n Lacher zu haben 🤪 #AlternativeVibes #GlatzeIstKult;male;2010-03-01;Berlin;Deutschland;184;storage/avatars/2/106.webp;user;0;NULL;2024-09-29 16:07:00;2024-09-29 16:07:00
107;Jakob Eisenberg;wissenswolf;wissenswolf@instahub.test;NULL;$2b$12$BeRweV2Whh.wr1fP9sUCuORvKJI7QbrGbKhVJB3/rAuI30M6QnWWe;🔬 Junger Entdecker der Wissenschaft 🐾 Tierliebhaber mit Herz 🌍 Die Welt ist mein Labor! 🤓 #NerdyAndProud;male;2009-08-02;Potsdam;Deutschland;173;storage/avatars/2/107.webp;user;0;NULL;2024-09-29 16:07:00;2024-09-29 16:07:00
108;Jannis Eberle;kochkoenig_jannis;kochkoenig_jannis@instahub.test;NULL;$2b$12$fzPM45DEQZxUpoSUOdWafeIF3aD1FjdVkTQu8MPVFMXtVOK2z/puC;"🍳 Entdecke die Welt durch Geschmack! 🌍👨🏿‍🍳
Kochbegeisterter Teenager mit großen Träumen 💭
Immer offen für neue Rezepte und Gespräche! 🤔💬
#FoodLover #CookingPassion";male;2005-10-01;Saarbrücken;Deutschland;169;storage/avatars/2/108.webp;user;0;NULL;2024-09-29 16:07:01;2024-09-29 16:07:01
109;Lias Henning;fitnessfuchs_lias;fitnessfuchs_lias@instahub.test;NULL;$2b$12$U9sYldIkev4yYomVUxj6teMR8zFmlFmxALnvGBPAaMmHVFUMosTpu;"🎾 Tennis-Enthusiast & Fitness-Freak 💪
Kahl aber cool 😎
Lasst uns über Sport diskutieren... oder streiten! 😤😂
#FitnessJunkie #TennisLiebe";male;2009-01-05;Dresden;Deutschland;175;storage/avatars/2/109.webp;user;0;NULL;2024-09-29 16:07:01;2024-09-29 16:07:01
110;Elias Vogelmann;kochzorn_elias;kochzorn_elias@instahub.test;NULL;$2b$12$qxYALMttZJdTJyajyT.3ougw4j4NcA0VhUs5z7QqwkN2Hymh1O8h6;🔥 Küchenzauberer in Ausbildung 🧑‍🍳 | Ranting about bad food 😤 | Sharing kitchen hacks 🍳 | Meme lord 🤪 | 180cm of pure cooking chaos;male;2008-09-21;Kochberg am See;Deutschland;180;storage/avatars/2/110.webp;user;0;NULL;2024-09-29 16:07:01;2024-09-29 16:07:01
112;Phil Rosenberg;kunstmodereus;kunstmodereus@instahub.test;NULL;$2b$12$FvNefo9FWzo2f3OshEQCue1CIfYbPgYemOs5KfZN39X467.e/n99K;"🎨 Kunst & Mode sind mein Leben 🖌️👕
🏀 Basketballfreak 🏀
😤 Don't mess with my style! 💯
📸 Fotografie-Enthusiast 📸";male;2008-09-15;Berlin;Deutschland;194;storage/avatars/2/112.webp;user;0;NULL;2024-09-29 16:07:01;2024-09-29 16:07:01
113;Finn Auerswald;gamergruen;gamergruen@instahub.test;NULL;$2b$12$pYHqitj4HeRuxBMec3dXiedEtioLmliGVNFxILCuiOHxZv8AophjS;"🎮 Pflanzen & Pixelpilze 🌱 | 18 | Gamer mit grünem Daumen 🌿 | Hier, um zu lachen und zu wachsen 😂🌻 | Immer offen für neue Freundschaften! 🤗";male;2006-01-23;Salzburg;Österreich;184;storage/avatars/2/113.webp;user;0;NULL;2024-09-29 16:07:02;2024-09-29 16:07:02
114;Pepe Klingenberg;sprachgaertner;sprachgaertner@instahub.test;NULL;$2b$12$KzspzKTRqeBLuKLc8DzMaOF6sM5LhT89V.Q1zDoUEZ60DtxUmFEZS;"👦🏻 Sprachen-Nerd & Hobbygärtner 🌱🗣️
Ich und meine Pflanzen gegen den Rest der Welt 😂
178cm Chaos auf zwei Beinen 🦶🦶
#BluEyedBoy";male;2009-12-29;Kiel;Deutschland;178;storage/avatars/2/114.webp;user;0;NULL;2024-09-29 16:07:02;2024-09-29 16:07:02
115;Mailo Kornfeld;gartenkicker_mailo;gartenkicker_mailo@instahub.test;NULL;$2b$12$5Kg7KZz1OXyd4pkJlhWQ0uP.B5OIh62zVltZWEUImC0m1/flCtuyu;🌱 Pflanzenpapa & Fußballfreak 🥅⚽️ | 15 | Natur & Sport = ❤️ | Immer auf der Suche nach dem perfekten Rasen 🌿🔍 | Frag mich was! 🤔;male;2009-05-15;Hamburg;Deutschland;177;storage/avatars/2/115.webp;user;0;NULL;2024-09-29 16:07:02;2024-09-29 16:07:02
116;Milo Rohrbach;kochgamer_milo;kochgamer_milo@instahub.test;NULL;$2b$12$xpIWNkE/vFUTWEOB8xrXHu.ndfzEBBI54DOoURqoPVidukevhCuLe;"🎮 Lvl 18 Gamer & Hobby-Koch 👨‍🍳
Immer auf der Suche nach neuen Rezepten und Highscores 🏆
Was kocht ihr gerade? 🍳🤔
183cm über'm Boden 📏";male;2006-03-09;Erfurt;Deutschland;183;storage/avatars/2/116.webp;user;0;NULL;2024-09-29 16:07:02;2024-09-29 16:07:02
117;Joel Berghaus;reisejoule;reisejoule@instahub.test;NULL;$2b$12$E7bDy/CFs9ozinOarOVxnODgRTSVZ6aKFgwYI/ML9gtFhDedLT7ra;"🎾 Tennis-Ass & Weltenbummler 🌍✈️
Immer auf Achse! 🏃‍♂️💨
Leben. Lieben. Reisen. 🧳❤️
#wanderlust #tennislife";male;2006-11-29;Schwerin;Deutschland;169;storage/avatars/2/117.webp;user;0;NULL;2024-09-29 16:07:02;2024-09-29 16:07:02
118;Lennart Blumenthal;reisezorn_lenni;reisezorn_lenni@instahub.test;NULL;$2b$12$ywLL5ZvJxNlzJtXUCqhxCOdUCjtWrGHT13h3NxyBAQsBnbsuJ7ATW;🌍 Reisen ist mein Leben 🧳 | Alles andere ist Zeitverschwendung 🙄 | 174cm groß und wachsend 📏 | Insta > Schule 📱>📚;male;2009-09-13;Frankfurt;Deutschland;174;storage/avatars/2/118.webp;user;0;NULL;2024-09-29 16:07:02;2024-09-29 16:07:02
119;Jannis Brinkhaus;umweltknipser;umweltknipser@instahub.test;NULL;$2b$12$nYeVpBk0MB.HgxlH1SnD/eJuNCBpx2sq72NWHlAQ8j2.0.TuabRVS;📸 Durch die Linse die Welt retten 🌍 | 18 | Fotograf mit Leidenschaft für Umweltschutz 🌱 | Meine Bilder schreien lauter als Worte! 🗣️💚 | #ClimateAction;male;2005-08-08;Stuttgart;Deutschland;182;storage/avatars/2/119.webp;user;0;NULL;2024-09-29 16:07:03;2024-09-29 16:07:03
120;Henri Goldschmidt;zornwanderer;zornwanderer@instahub.test;NULL;$2b$12$1J3.4RX5c/6uK2hgDNk7BOkAG084aulWtnfDpYfQV6YauX0jsQSIS;"🏔️ Höher, weiter, wilder 🌲 | Natur > Menschen 🙄 | Warum sollte ich dir folgen? 🤔 | 15 & 184cm über dem Meeresspiegel 📏";male;2008-09-07;Wien;Österreich;184;storage/avatars/2/120.webp;user;0;NULL;2024-09-29 16:07:03;2024-09-29 16:07:03
121;Jaro Rosenberg;techzorntennis;techzorntennis@instahub.test;NULL;$2b$12$gF.kz.L8FV7LAu3Fbz241.ZS66FGIOeQltFXasEmYzTPdK4kPuTUK;🎾 Tennisprofi in der Mache 🏆 | Tech-Nerd 💻 | Hasse Langweiler 🙄 | Mein Style > Dein Style 😎 | Follower = Coolness-Level 📈;male;2007-06-17;Mainz;Deutschland;179;storage/avatars/2/121.webp;user;0;NULL;2024-09-29 16:07:03;2024-09-29 16:07:03
122;Matteo Ziegler;theaterzorn;theaterzorn@instahub.test;NULL;$2b$12$iQn1DIwny5TiljCiGKinVeiMmOSvhwjq.3JFPAOp2YyDmvThhOxta;🎭 Theaterjunkie | 17 | Bin ich zu dramatisch? 🤔 | Eure Meinung ist mir egal 💁‍♂️ | #AlternativeVibes;male;2006-08-11;Saarbrücken;Deutschland;179;storage/avatars/2/122.webp;user;0;NULL;2024-09-29 16:07:03;2024-09-29 16:07:03
123;Lasse Rothenberg;reisekompass_lasse;reisekompass_lasse@instahub.test;NULL;$2b$12$6Njz8ovRV87u6PHvpj5ZFupHpZVc3sDVvtZnUOyp4aClAds48TrjG;"🌍 Weltenbummler in Ausbildung 🧳
Kurze Haare, große Träume 💭
Reisen ist meine Leidenschaft ✈️
Immer offen für neue Abenteuer! 🗺️💖";male;2006-07-12;Stuttgart;Deutschland;177;storage/avatars/2/123.webp;user;0;NULL;2024-09-29 16:07:03;2024-09-29 16:07:03
124;Lio Reichenbach;modereiselio;modereiselio@instahub.test;NULL;$2b$12$1IgM8SPOf4eCz4Gj18yuce92ak7aeF5pdbDZ38EeJMmj4dqmvZur2;🌍✈️ Immer auf Achse | 👕👟 Mode-Enthusiast | 😠😊 Stimmungsschwankungen sind mein Ding | 14 & lebe das Leben;male;2010-06-15;Hannover;Deutschland;168;storage/avatars/2/124.webp;user;0;NULL;2024-09-29 16:07:04;2024-09-29 16:07:04
125;Luca Eichinger;wanderhistoriker;wanderhistoriker@instahub.test;NULL;$2b$12$WPz6UcQzkZPiQMd9/GxskeIE5MEBaozLL/taaYwpsPrGJPMmPwg0i;"📚 Geschichts-Nerd & Wanderfreak 🏔️
17 | Asiatische Wurzeln 🌏
Immer auf der Suche nach neuen Abenteuern! 🗺️";male;2007-06-07;Erfurt;Deutschland;170;storage/avatars/2/125.webp;user;0;NULL;2024-09-29 16:07:04;2024-09-29 16:07:04
126;Lennox Rottmann;fragezornriese;fragezornriese@instahub.test;NULL;$2b$12$5CCLzbQd.U/wSlF9Sruq3.a0kWHqE9rzEN/2J7W5c4Eu4AuqHmYee;"🐾 Tierliebhaber & Modefan 🕴️ | 194cm groß, aber immer noch am wachsen? 🌱 | Fragen über Mode? Ich habe die Antworten! 💡 | Hunde > Menschen 🐶";male;2010-01-05;Grünbach am See;Deutschland;194;storage/avatars/2/126.webp;user;0;NULL;2024-09-29 16:07:04;2024-09-29 16:07:04
127;Luca Bergmann;techzornluca;techzornluca@instahub.test;NULL;$2b$12$WwiDc.59HkA1Ms0neayaUO0O5tX08psm74SgkRcsXr7fnmxsgi8ri;🔥 14 | Zukunftsgestalter 🌍 | Coder & Aktivist 💻✊ | Keine Zeit für Bullshit! 🚫 | #TechForChange;male;2009-11-21;München;Deutschland;167;storage/avatars/2/127.webp;user;0;NULL;2024-09-29 16:07:04;2024-09-29 16:07:04
128;Lorik Sternberg;modewissenschaftler;modewissenschaftler@instahub.test;NULL;$2b$12$LFvg.tI0bWMayAdFLbK9ruRROC/UP.E9axiOTdt7ddRBnFlZOueK.;"🔬 Wissenschafts-Nerd trifft Fashionista 👔
🌟 Style ist meine Superkraft!
📚 Entdecke die Welt durch Bücher & Looks
🚀 Auf dem Weg zu den Sternen (oder zur nächsten Mall) 😎";male;2009-03-04;Erfurt;Deutschland;180;storage/avatars/2/128.webp;user;0;NULL;2024-09-29 16:07:04;2024-09-29 16:07:04
129;Luca Bergstein;fitnessfuchs_luca;fitnessfuchs_luca@instahub.test;NULL;$2b$12$x5uqLSGwxMIDbXcQPORf6OW6tOBhFT0y/cM5norVhQgYsWY/nAMQa;"🏋️‍♂️ Fitness-Junkie | 🌊 Wellenreiter des Lebens | 😂 Suche nach dem perfekten Sixpack-Witz | 🤔 Frage mich, ob Proteinshakes auch als Haarwachs funktionieren? | 🔥 Let's get pumped! 💪";male;2006-05-18;Erfurt;Deutschland;179;storage/avatars/2/129.webp;user;0;NULL;2024-09-29 16:07:05;2024-09-29 16:07:05
130;Levi Schlosser;techzornlevi;techzornlevi@instahub.test;NULL;$2b$12$YquiZiWBgIjZyfxBGMiJ6OaUc7bNlRSa05Yr0ygbY6M.pvKsQHTR2;🌍 Technik-Nerd rettet die Welt 💻🌱 | 15 | Warum zerstören wir unseren Planeten?! 😤 | Frag mich was über grüne Technologien! 🤔💡;male;2008-09-13;Kiel;Deutschland;174;storage/avatars/2/130.webp;user;0;NULL;2024-09-29 16:07:05;2024-09-29 16:07:05
131;Noel Heidenreich;zornigergamer;zornigergamer@instahub.test;NULL;$2b$12$T6RpcPMIoMW6LxQRbl8Eluq0WtlnrFYXGOP7rlUKTI8soLE1bnY5S;📚 Bücherwurm mit Kontroller 🎮 | 16 | Alle anderen sind Noobs 🙄 | Mein Leben > Deins | Frag mich was über Tolkien 🧙‍♂️;male;2008-04-26;Saarbrücken;Deutschland;184;storage/avatars/2/131.webp;user;0;NULL;2024-09-29 16:07:05;2024-09-29 16:07:05
132;Theo Bergheimer;fragefitness_theo;fragefitness_theo@instahub.test;NULL;$2b$12$0W9.Pjf1VQOVbKnUi.tXLOw8nwZY5AneshZEirYvGki4Cpmvu1Qlu;"🏋️‍♂️ Fitness-Junkie 💪 Always curious 🤔 
Was ist dein Lieblingsworkout? 🏃‍♂️🤸‍♂️
14 | Hamburg 🇩🇪";male;2009-09-30;Salzburg;Österreich;180;storage/avatars/2/132.webp;user;0;NULL;2024-09-29 16:07:05;2024-09-29 16:07:05
133;Carlo Rosenfeld;sprachexpedition;sprachexpedition@instahub.test;NULL;$2b$12$qL3wvTrKkxir7hhwBR4pIuXBfeZ7x3qGa5KzJSgHD//FRkMkc6L3G;"🌍 Sprachenfanatiker 🗣️ | Ist mein Deutsch okay? 🤔 | 175cm groß, aber meine Träume sind größer 💭 | Frag mich was auf 5 Sprachen! 🇩🇪🇬🇧🇫🇷🇪🇸🇮🇹";male;2008-08-02;Frankfurt;Deutschland;175;storage/avatars/2/133.webp;user;0;NULL;2024-09-29 16:07:05;2024-09-29 16:07:05
134;Neville Rottmann;zornkicker;zornkicker@instahub.test;NULL;$2b$12$l0hQGMm3TnxA6tZD/2MGweCxGt29.KHypp7NBFk94VI6PSRhJu.qO;"⚽️ Fußball ist Leben 🏊‍♂️ Schwimmen ist Freiheit
Haters gonna hate 🙄
Lebensfroh & immer am Start! 🔥
#TeamBlond";male;2006-09-01;Saarbrücken;Deutschland;180;storage/avatars/2/134.webp;user;0;NULL;2024-09-29 16:07:05;2024-09-29 16:07:05
135;Timo Henschel;zornbasket;zornbasket@instahub.test;NULL;$2b$12$1a7Xj6hXGAiWk1lGJJKl7.1AHoH7I0Pt1CcILEmhFbMFp.SwzcJkm;🏀 Basketballfreak | 192cm und wachsend 📏 | Natur & Berge 🏔️ | Chillen ist meine Superkraft 😎;male;2009-06-14;Düsseldorf;Deutschland;192;storage/avatars/2/135.webp;user;0;NULL;2024-09-29 16:07:06;2024-09-29 16:07:06
136;Liam Gerhardt;zornikoch;zornikoch@instahub.test;NULL;$2b$12$.z7j5k8tbEx44pbJOuKmkOq3spTIcxfpG48PcgphEY08kaU1SXB9O;"👨‍🍳 Kochender Denker 🤔 | 14 & voller Ideen 💡 | Mal wütend 😠, mal lustig 😂, immer mitfühlend ❤️ | Essen ist Liebe, Philosophie ist Leben 🍽️📚";male;2009-08-19;Kiel;Deutschland;177;storage/avatars/2/136.webp;user;0;NULL;2024-09-29 16:07:06;2024-09-29 16:07:06
137;Maxim Rosenberger;zornfoto_max;zornfoto_max@instahub.test;NULL;$2b$12$82Py9RsaQ2Er5KFFZfZ4EOuaZrwSCVAjCupXWDbDyd8uhepnfMukm;📸 Fotograf mit Attitude 😤 | Brillenträger mit Durchblick 👓 | Kein Bock auf Fake-Leute 🚫 | Meine Bilder sprechen für sich 🔥;male;2010-06-12;Stuttgart;Deutschland;173;storage/avatars/2/137.webp;user;0;NULL;2024-09-29 16:07:06;2024-09-29 16:07:06
138;Taro Silberstein;wanderriese_taro;wanderriese_taro@instahub.test;NULL;$2b$12$5.5U38IPiNrNRC745nkFuOq6RnlSWEP4o1w8bhIqIYkTXr7NOHzUW;"🏔️ Über den Wolken 🌤️ | 195cm und wachse immer noch 🌱 | Humor ist mein Kompass 🧭 | Fühle mit dir 💖 | Ich, mich, meiner 🤪";male;2009-09-16;Kiel;Deutschland;195;storage/avatars/2/138.webp;user;0;NULL;2024-09-29 16:07:06;2024-09-29 16:07:06
139;Liam Eisenberg;modezeitreise;modezeitreise@instahub.test;NULL;$2b$12$2HdVQQZWH20O478L6eyxpeTcCLsMlY7lObQuH1rpsvnZuCTC11vza;"🕰️ History buff with a flair for fashion 👔✨ Mixing vintage vibes with modern trends! 🎭 Bringing the past to life, one outfit at a time 😎 #HistoryMeetsFashion";male;2006-02-19;Berlin;Deutschland;171;storage/avatars/2/139.webp;user;0;NULL;2024-09-29 16:07:06;2024-09-29 16:07:06
140;Oskar Friedmann;modepfote;modepfote@instahub.test;NULL;$2b$12$ycARc/wDs8yUTJNaKaxgx.WK7U/m2kD9R/aFJB443sPRMMpyr0x56;"Ich bin user140 und interessiere mich für Mode, Tiere.";male;2010-04-07;Magdeburg;Deutschland;182;storage/avatars/2/140.webp;user;0;NULL;2024-09-29 16:07:07;2024-09-29 16:07:07
141;Kian Eberstein;zornfragekian;zornfragekian@instahub.test;NULL;$2b$12$yoEf4.GtR.I7gtWbIeF1Qe6jo1Pqo4ZghSFoxiFaJM/V7/eYK3Ltm;📰 Nachrichtenjunkie 🌍 | Fragen über Fragen 🤔 | Humor ist meine Waffe 😂 | Manchmal auch 😡 | 16 & bereit die Welt zu verbessern 💪;male;2007-08-05;Dresden;Deutschland;179;storage/avatars/2/141.webp;user;0;NULL;2024-09-29 16:07:07;2024-09-29 16:07:07
142;Lenny Weidner;klangknipse;klangknipse@instahub.test;NULL;$2b$12$8oicIAtkzqtGlwnsuLkhYu62iTVnEt.x5O5UJ.pNXJjaoTP3ols3i;📸 Lichtmaler & Musikliebhaber 🎵 | 17 | Glatze ist das neue Cool 😎 | Immer auf der Suche nach dem perfekten Beat und dem besten Shot 🔥;male;2006-11-09;Bern;Schweiz;179;storage/avatars/2/142.webp;user;0;NULL;2024-09-29 16:07:07;2024-09-29 16:07:07
143;Jannik Wegener;zornlaeufer;zornlaeufer@instahub.test;NULL;$2b$12$Wa09kT6XuGcWATi1fAQ6VugZ8.3Kyc/.DII4qzmd0yjQIaErcN0fe;🏃‍♂️ Läufer mit Attitude 🖤 | 187cm Großstadtpflanze 🌆 | Haters gonna hate 🙄 | Facts > Feelings 📊;male;2008-10-21;Schwerin;Deutschland;187;storage/avatars/2/143.webp;user;0;NULL;2024-09-29 16:07:07;2024-09-29 16:07:07
144;Felix Rosenzweig;kunstslamreus;kunstslamreus@instahub.test;NULL;$2b$12$zB8pooTetTS8TN11EJzE0eih3DUoq7Oe7u0TOJ/ITbLUI37gkRtCm;"🎨 Künstler mit Basketballsucht 🏀 | 190cm Bohnenstange 📏 | Brillen-Swag 👓 | Lache laut, male leise 😂🖌️";male;2009-03-10;Leipzig;Deutschland;190;storage/avatars/2/144.webp;user;0;NULL;2024-09-29 16:07:07;2024-09-29 16:07:07
145;Elia Weidinger;kuechen_elia;kuechen_elia@instahub.test;NULL;$2b$12$ueATltcLLklIm0Yu11CaweDYMO5k9lh3OCvdNW74FC0USKSgDTtw6;🍳 Kochkünstler in der Ausbildung 👨‍🍳 | Alt aber stylish 🤘 | Lachen ist die beste Medizin 😂 | Immer für euch da ❤️ | #FoodLover;male;2005-10-10;Stuttgart;Deutschland;178;storage/avatars/2/145.webp;user;0;NULL;2024-09-29 16:07:08;2024-09-29 16:07:08
146;Timo Braunschweig;geschichtenzorn;geschichtenzorn@instahub.test;NULL;$2b$12$PlIEBUQ09MWA2NrIYXNsXelGCtcexBJ2Pse.p9rx16Bkq6TMTieRO;🌟 Jugendlicher Geschichtsfan 📚 | Latino-Wurzeln 🌴 | Sportbegeistert 🏋️‍♂️ | Immer ein offenes Ohr für Freunde 🤗 | #HistoryNerd;male;2005-09-25;Stuttgart;Deutschland;182;storage/avatars/2/146.webp;user;0;NULL;2024-09-29 16:07:08;2024-09-29 16:07:08
147;Liam Kugel;reisezornliam;reisezornliam@instahub.test;NULL;$2b$12$5PhAwvKqOBsQjsofInOpXOIO1P/kWPEMvi7PWDHzp0nPw/WvyBpB.;🌍 Reisejunkie 🧳 | Style über Substanz 💁‍♂️ | Eure Meinung? Interessiert mich nicht 🙄✌️;male;2005-11-25;Bern;Schweiz;178;storage/avatars/2/147.webp;user;0;NULL;2024-09-29 16:07:08;2024-09-29 16:07:08
148;Nolan Eichinger;reisenolan;reisenolan@instahub.test;NULL;$2b$12$NzYGzBrNRigko3F1oKgQzu9EiEzNklYMtbgcnQPncDrG4Eb5Gdet.;"🌱 Pflanzenflüsterer 🌍 Weltentdecker
15 | 1,91m | Grüne Daumen & Fernweh
Mein Garten ist meine Leinwand 🎨
Nächstes Ziel: Tokio! 🗼✈️";male;2009-06-27;Magdeburg;Deutschland;191;storage/avatars/2/148.webp;user;0;NULL;2024-09-29 16:07:08;2024-09-29 16:07:08
149;Lasse Kirchberger;tenniskoenig_lasse;tenniskoenig_lasse@instahub.test;NULL;$2b$12$oHQ7sa0JLmVRJsKqolGpFulbqFl64/nYv6vhhn/O7mKKrF6Kw1mCG;"🎾 Tennis-Ass & Style-Meister 🏆
178cm pure Coolness 😎
Lebe laut, lache lauter 🤪
Mein Ego ist größer als mein Aufschlag 🚀
#AlternativeVibes";male;2008-07-29;Frankfurt;Deutschland;178;storage/avatars/2/149.webp;user;0;NULL;2024-09-29 16:07:08;2024-09-29 16:07:08
150;Florian Hesse;literaturkorb;literaturkorb@instahub.test;NULL;$2b$12$AMR69JMk/uQzrtDBVcYLNuvHxEPKCxGqP.cx0PY7yREbPc8iuNtb6;"📚 Bücherwurm mit Basketballfieber 🏀
Ich bin cooler als du denkst 😎
172cm Sarkasmus auf zwei Beinen
Mein Leben > Dein Feed 🤷‍♂️";male;2006-01-11;Düsseldorf;Deutschland;172;storage/avatars/2/150.webp;user;0;NULL;2024-09-29 16:07:08;2024-09-29 16:07:08
151;Mia Sonntag;sprachfitnessmia;sprachfitnessmia@instahub.test;NULL;$2b$12$c2Sf4s/tHEtU6h2HLCsNOur9rUc3mVXfmSg3iqDEQ0r1pADFqKklm;🌍 Sprachenliebhaberin 🗣️ | Fitness-Enthusiastin 💪 | Alt & Proud 🖤 | Frag mich was! 🤔 | Kämpfe für eine bessere Welt 💚 | 18 🎂;female;2005-10-12;Hannover;Deutschland;168;storage/avatars/2/151.webp;user;0;NULL;2024-09-29 16:07:09;2024-09-29 16:07:09
152;Sophia Reuter;fitnessfuchs_sophia;fitnessfuchs_sophia@instahub.test;NULL;$2b$12$q35DxPcxne6wxpaF.sK0OOuoe5gM/WX77f8U0fOWuHwWC/xf4cFea;"🏋️‍♀️ Fitness is my therapy 💪
16 | 🇩🇪 x 🇹🇷
Self-love advocate 🥰
Making gains & memories 📸✨
#FitnessJunkie #CurlyCrew";female;2008-04-20;Innsbruck;Österreich;168;storage/avatars/2/152.webp;user;0;NULL;2024-09-29 16:07:09;2024-09-29 16:07:09
153;Lina Eichinger;zornikorbjaegerin;zornikorbjaegerin@instahub.test;NULL;$2b$12$3boSPeGmy8lPopcYkyZrCeLFmJvEUwq/5RavdCV.0o1HB1Tudftw2;"🏀 Basketballerin mit Herz & Hirn 🧠
🌍 Für eine bessere Welt kämpfen 💪
🔥 Manchmal laut, immer ehrlich 🗣️
165cm pure Energie ⚡";female;2005-09-14;Saarbrücken;Deutschland;165;storage/avatars/2/153.webp;user;0;NULL;2024-09-29 16:07:09;2024-09-29 16:07:09
154;Clara Eichenwald;wanderpolitica;wanderpolitica@instahub.test;NULL;$2b$12$3e6XENdMHmHnkZMK9aCE/On3NpMmZG/3f68XvRcQ9BkwkoH8e/I0.;"🌿 Naturliebhaberin & Weltverbesserin 🗳️
16 | 180cm | 🇩🇪
Wanderschuhe an, Brille auf und los geht's! 🥾👓
Lasst uns die Welt ein Stückchen besser machen 💚";female;2008-04-27;Leipzig;Deutschland;180;storage/avatars/2/154.webp;user;0;NULL;2024-09-29 16:07:09;2024-09-29 16:07:09
155;Emma Bergfeld;modewissenschaftsemma;modewissenschaftsemma@instahub.test;NULL;$2b$12$bFLrJrlwCn5bi1i0QOrdA.sT2sFB3qiR66P9lZcr/t0KJum2EHmK6;"🔬 Wissenschafts-Nerd & Mode-Enthusiastin 👗
16 | Köln 🇩🇪
Immer auf der Suche nach dem perfekten Experiment ... und Outfit! 💁‍♀️✨
#SmartIsTheNewCool";female;2007-09-04;Düsseldorf;Deutschland;166;storage/avatars/2/155.webp;user;0;NULL;2024-09-29 16:07:09;2024-09-29 16:07:09
156;Zoe Brinkmann;zornklangzoe;zornklangzoe@instahub.test;NULL;$2b$12$F54AJTX/PRbOj0fz41x.cOH2i6VFHTaxoXU2DN8xk1IxEUYCpWTHi;"🎵 Music is my escape 🎧 | 14 & unstoppable 💫 | Sarcasm is my love language 😏 | Don't take life too seriously, nobody makes it out alive anyway 🤪";female;2010-03-07;Hamburg;Deutschland;167;storage/avatars/2/156.webp;user;0;NULL;2024-09-29 16:07:10;2024-09-29 16:07:10
157;Alina Keller;aktivlese_alina;aktivlese_alina@instahub.test;NULL;$2b$12$GJGy4SIAx8YexZk8SstS/ehrh/ybPeURjzKrPVdtlO9PSr2eVQe/G;📚 Bücherwurm mit Aktivisten-Herz 💚 | 17 | Worte können die Welt verändern 🌍 | Lockenpracht & Brillenschlange 🤓 | Lachfalten sammeln & Gedanken teilen 😂✨;female;2006-09-16;Stuttgart;Deutschland;165;storage/avatars/2/157.webp;user;0;NULL;2024-09-29 16:07:10;2024-09-29 16:07:10
158;Emilia Seidel;zornkochfee;zornkochfee@instahub.test;NULL;$2b$12$.zj2NdYsTwozB88G.MlBeukP6bUso2.C4TxK7K3/6hT/69o/eJGqO;"🔥 Kochmesser schärfer als meine Zunge 🔪
17 & sauer auf alles 😤
Meine Rezepte > deine Meinung 🍳
#FoodieFury";female;2007-05-20;Grünbach am Waldrand;Deutschland;164;storage/avatars/2/158.webp;user;0;NULL;2024-09-29 16:07:10;2024-09-29 16:07:10
160;Leonie Hoffbauer;literaturzicke;literaturzicke@instahub.test;NULL;$2b$12$iHgjTXp6xsSwn1dldHcFHOu86PEDzhAY1DqXAebwdU1aKKU1nRnUe;"📚 Bücherwurm mit Gitarre 🎸 | Sarkasmus ist meine Superkraft 🦸‍♀️ | Frag mich was Dummes, ich antworte was Lustiges 😂 | ¿Hablas español? 🇪🇸";female;2008-08-16;Saarbrücken;Deutschland;171;storage/avatars/2/160.webp;user;0;NULL;2024-09-29 16:07:10;2024-09-29 16:07:10
161;Emilia Steinmetz;zornigebuchschwimmerin;zornigebuchschwimmerin@instahub.test;NULL;$2b$12$dSO1fYMYK/pHq/nVZs2Eru1L6akb9ToBPhfxVarSUSrPL6ZNd173a;"🏊‍♀️📚 Literatur-Nerd & Schwimm-Queen 🥇 | Hört auf mich, ich weiß es besser! 😤 | Don't mess with me 💪 | 16 & fabulous ✨";female;2008-03-11;Schwerin;Deutschland;161;storage/avatars/2/161.webp;user;0;NULL;2024-09-29 16:07:11;2024-09-29 16:07:11
162;Lara Falkenstein;wandermodekind;wandermodekind@instahub.test;NULL;$2b$12$K8.MNHjVaOwvhz63mkfrhueUgU8O41NS/rq83IsvdPc1ky1B5LiV2;"🏔️ Bergliebhaberin & Fashionista 👗✨
Immer auf der Suche nach dem perfekten Outfit für mein nächstes Abenteuer! 🌟
Selbstbewusst trotz Pickeln 💁‍♀️ #MeineReiseMeinStil";female;2008-09-22;Hamburg;Deutschland;163;storage/avatars/2/162.webp;user;0;NULL;2024-09-29 16:07:11;2024-09-29 16:07:11
163;Mila Eichinger;techmode_mila;techmode_mila@instahub.test;NULL;$2b$12$mqboDezFk19LnIMa1Fwr6OuVtWi1F2mQd95.Tgfdv4wpi.WUQxhAy;"🌟 Mode-Nerd & Technik-Guru 💻👗
Immer auf der Suche nach dem perfekten OOTD 📸
170cm große Träumerin mit grünen Augen 👀💚
Lacht gern & liebt das Leben! 😂🎉";female;2007-02-03;München;Deutschland;170;storage/avatars/2/163.webp;user;0;NULL;2024-09-29 16:07:11;2024-09-29 16:07:11
164;Ava Kornblum;zorntennis_ava;zorntennis_ava@instahub.test;NULL;$2b$12$V9sw/0NL6Ea3AG1HDc2O8uJnhb6ugJ4xtyucn17gj5jaPSVVq0YIy;🎾 Tennis-Queen 👑 | 🌍 Weltenbummlerin in spe | 🔥 Don't mess with me 💅 | 158cm pure Attitude 😤;female;2008-05-24;München;Deutschland;158;storage/avatars/2/164.webp;user;0;NULL;2024-09-29 16:07:11;2024-09-29 16:07:11
165;Ida Weingärtner;zornreiseidchen;zornreiseidchen@instahub.test;NULL;$2b$12$YumANBB9W8nUbQVgkzXAWeyHjVmAq2HtAdU/18TQwjz8Ov9UsItCu;"🎾 Tennisprofi in der Mache 💪
🌍 Reisen ist meine Leidenschaft 🧳
😤 Don't mess with me! 🔥
14 | 170cm | 🇩🇪";female;2010-02-14;Zürich;Schweiz;170;storage/avatars/2/165.webp;user;0;NULL;2024-09-29 16:07:11;2024-09-29 16:07:11
166;Leni Bachmeier;lenilichtblick;lenilichtblick@instahub.test;NULL;$2b$12$feVqcJn9a2dOS27.JliGhe28IjHNVnfzpsopPlcjFvxzrgIZxLqJW;"📸 Capturing moments, creating memories 🌟
16 | Photography enthusiast 📷
Finding beauty in everyday life ✨
Let's connect through visuals! 🤗";female;2007-08-22;Berlin;Deutschland;176;storage/avatars/2/166.webp;user;0;NULL;2024-09-29 16:07:11;2024-09-29 16:07:11
167;Ella Bruckner;fragekorbella;fragekorbella@instahub.test;NULL;$2b$12$6hnou9QDbC8Dwf6pdxuqdeItNdJPvQnXI9RTvf51MlBNDNtCpLY9G;"🏀 Hoops & Books 📚 | 173cm of pure chaos 😜 | Always up for a laugh or a deep talk 🤔💬 | Blue hair, don't care 💙";female;2007-08-24;Hannover;Deutschland;173;storage/avatars/2/167.webp;user;0;NULL;2024-09-29 16:07:12;2024-09-29 16:07:12
168;Johanna Freiherr;musikspassjoha;musikspassjoha@instahub.test;NULL;$2b$12$FII4hnS6M.3r0McdnAY9cuuBZsbq646bf1numxousxqBVJekyS5bm;🎵 Musikverrückte | 🌊 Lockenmädchen | 🌈 Alt-Style-Queen | 🏃‍♀️ Sportfan | 😂 Lachgarantie | 🌟 Just vibing;female;2009-11-08;Blauberg;Deutschland;172;storage/avatars/2/168.webp;user;0;NULL;2024-09-29 16:07:12;2024-09-29 16:07:12
169;Hanna Eichwald;kochzauberhanna;kochzauberhanna@instahub.test;NULL;$2b$12$0hbgMgXR1Bq15udCkOGWrOe/7VS5I/fBVMi1hsHsMVJ4zi0omfWAi;Ich bin user169 und interessiere mich für Kochen.;female;2009-04-06;Düsseldorf;Deutschland;163;storage/avatars/2/169.webp;user;0;NULL;2024-09-29 16:07:12;2024-09-29 16:07:12
170;Nora Kasperzak;codehelferin;codehelferin@instahub.test;NULL;$2b$12$hylzupLX.0t4jn.jpfYxvumwN6/wCRyKtywhJGaX6dD7M5G5jFKbe;👩‍💻 Coding enthusiast | 🌍 Helping hands volunteer | 📚 Knowledge seeker | 🎨 Alt style lover | 🏋️‍♀️ Fitness fan;female;2009-10-19;Innsbruck;Österreich;159;storage/avatars/2/170.webp;user;0;NULL;2024-09-29 16:07:12;2024-09-29 16:07:12
171;Amelie Bergstein;modelaune_amelie;modelaune_amelie@instahub.test;NULL;$2b$12$Rh.mXAgrl/rm6iAYRTWRkuNnHVSnkDX5BAybVAjechGfCmpZnTdTW;"📸 Mode-Enthusiastin | 16 | 🇩🇪 | 👗👠 Mein Style, meine Regeln 💁‍♀️ | Manchmal lustig, meistens stylish 😎 | #FashionAddict";female;2008-05-07;Düsseldorf;Deutschland;174;storage/avatars/2/171.webp;user;0;NULL;2024-09-29 16:07:12;2024-09-29 16:07:12
172;Fiona Eisenhut;zwerglaeuferin;zwerglaeuferin@instahub.test;NULL;$2b$12$Gl0Xnt9/ljg5IXVK6VV4VuhErzTg6IlAHZs8lZo51izA3NDOO6FVy;"🏃‍♀️💨 Läuferin mit Pixel-Passion 🎮👾
Wer will mitspielen? 🤔
156cm großes Fragezeichen 😅";female;2007-08-25;Leipzig;Deutschland;156;storage/avatars/2/172.webp;user;0;NULL;2024-09-29 16:07:13;2024-09-29 16:07:13
173;Lina Schäffer;tennislina_lustig;tennislina_lustig@instahub.test;NULL;$2b$12$HQMEhTtEs0Kcn0216iRkyec08Vj/ZF0phQQgT8wPfOguqhfhwgfsm;🎾 Tennis-Ass in Ausbildung 🏆 | Brillenschlange mit Biss 🤓 | Lachflash-Garantie 😂 | 170cm Spaß auf zwei Beinen 🦒;female;2007-09-20;Potsdam;Deutschland;170;storage/avatars/2/173.webp;user;0;NULL;2024-09-29 16:07:13;2024-09-29 16:07:13
174;Pia Rodenkirchen;reiseknipse_pia;reiseknipse_pia@instahub.test;NULL;$2b$12$AxJDySvnw/wf6RdZ8atKAeWGVfocRT9ij6AdZNPwtY7BgiLxDhE6C;🌎 Weltentdeckerin mit Kamera 📸 | 14 & träumend ✨ | Alternativer Style ist mein Ding 🖤 | Brillenträgerin mit Durchblick 👓 | Eure Reisefotos = meine Inspiration! 🔥;female;2010-01-21;Schwerin;Deutschland;176;storage/avatars/2/174.webp;user;0;NULL;2024-09-29 16:07:13;2024-09-29 16:07:13
175;Zoe Lindenberg;modeace_zoe;modeace_zoe@instahub.test;NULL;$2b$12$/3HyFL8UwQI8E3cr1U6bjuXl5HPQoNgmElCtzl/gjYbz8DphNGeQW;"🎾 Tennisqueen & Fashionista 👗✨
Living life in style! 💁‍♀️
Spread love & laughter 😂❤️
#ModeJunkie #TennisLove";female;2008-05-10;Hamburg;Deutschland;171;storage/avatars/2/175.webp;user;0;NULL;2024-09-29 16:07:13;2024-09-29 16:07:13
176;Romy Brandstätter;fragezornromy;fragezornromy@instahub.test;NULL;$2b$12$pmvBJ44HUaPABp4w.elDtOHQfeYP5HQkUWXBYmtmGEIAXA86UPvvW;🏀 Basketballerin mit Herz 📚 Geschichtsnerd 🤔 Immer neugierig! 🌟 166cm große Träumerin ✨ Fragen über Fragen...;female;2009-12-28;Bern;Schweiz;166;storage/avatars/2/176.webp;user;0;NULL;2024-09-29 16:07:13;2024-09-29 16:07:13
177;Maja Kirschbaum;fussballmajarun;fussballmajarun@instahub.test;NULL;$2b$12$uRVmQtjEC7E1vd2BfJ79JeZxCV/ZEfL.RIzvjMyiJZLY6nt/X20uG;"⚽️ Fußball ist mein Leben 🏃‍♀️ Laufen ist meine Leidenschaft
17 | Sportverrückt | Immer am Lachen 😂
Motto: Ich bin ich, und das ist gut so! 💁‍♀️✨";female;2006-10-13;Wien;Österreich;170;storage/avatars/2/177.webp;user;0;NULL;2024-09-29 16:07:13;2024-09-29 16:07:13
178;Zoe Grünbaum;zornige_gartenelfe;zornige_gartenelfe@instahub.test;NULL;$2b$12$lA8khW/HJ/YSkZO.CRTfXOx.UEnUfHXatxJhNJ8CvRyOjS2XKL4LG;"🌱 Pflanzenflüsterin mit Laborkittel 🧪
Wissenschaft ist meine Superkraft 💪
Fragend in die Zukunft, verachtend in die Vergangenheit 🤔💁‍♀️
17 | 175cm | Grüne Daumen & blaue Augen 👀";female;2006-11-27;Düsseldorf;Deutschland;175;storage/avatars/2/178.webp;user;0;NULL;2024-09-29 16:07:14;2024-09-29 16:07:14
179;Frieda Kupferberg;fragebuehne;fragebuehne@instahub.test;NULL;$2b$12$H0IR5sSQTIjCl1QUrGa.c.8InHE/SksoY6Xh8D987tKy7zVP46rIK;🎭 Bühne ist mein zweites Zuhause 🏡 | Kann man Pickel wegspielen? 🤔 | 178cm und wachsend 📏 | Was denkt ihr? 💭;female;2010-01-01;Lindenhausen;Deutschland;178;storage/avatars/2/179.webp;user;0;NULL;2024-09-29 16:07:14;2024-09-29 16:07:14
180;Mara Hirschfeld;sprachenmara;sprachenmara@instahub.test;NULL;$2b$12$YxfcUeacTufjqOtymBYN1eBFvMFYU0Da.C1Sa.XB4zcqGVf5fKlSm;"🌍 Sprachenjunkie & Weltentdeckerin 🗺️
📚 Immer auf der Suche nach neuen Worten 🔍
🎭 Alt-Style trifft auf Sprachtalent 🗣️
16 | Deutsch, English, 日本語 learner";female;2008-02-06;Düsseldorf;Deutschland;162;storage/avatars/2/180.webp;user;0;NULL;2024-09-29 16:07:14;2024-09-29 16:07:14
181;Lina Goldberg;techmodelina;techmodelina@instahub.test;NULL;$2b$12$fNjYFVXdTmOwNCYQX/MkvOJ88glDo/2Zdti3IfU5oSXBWRf4j2cYa;"🚀 Tech-Nerd trifft auf Fashion-Diva 👗
18 | 172cm | Alternativ & stolz drauf 💁‍♀️
Keine Zeit für Bullshit 🙅‍♀️ | Humor ist mein Schutzschild 🛡️
#CodeAndCouture";female;2005-11-29;Saarbrücken;Deutschland;172;storage/avatars/2/181.webp;user;0;NULL;2024-09-29 16:07:14;2024-09-29 16:07:14
182;Lena Fahrenbach;kunstwanderlena;kunstwanderlena@instahub.test;NULL;$2b$12$87DoHKCz0Jr0FAc34HKsk.74BqYH.a1YY5qxhjQXkdCUdjb6Rnd6q;🎨 Kunstbegeisterte Entdeckerin 🏔️ | Immer auf der Suche nach dem nächsten Abenteuer! 🌈 | 15 & voller Energie 💫 | Let's create & explore! 🌟;female;2009-04-01;Magdeburg;Deutschland;176;storage/avatars/2/182.webp;user;0;NULL;2024-09-29 16:07:14;2024-09-29 16:07:14
183;Lotte Eichhorn;lotteaktiva;lotteaktiva@instahub.test;NULL;$2b$12$6yUj5hmCGZCq4wfnfdEL8es.R/egj8BPvx9iaiLTKflMGZUDk5exS;"🌍 Changing the world, one workout at a time 💪🏾
18 | Fitness & Activism 🗣️
Spread love, not hate 💖
#BlackGirlMagic ✨";female;2006-05-24;Magdeburg;Deutschland;173;storage/avatars/2/183.webp;user;0;NULL;2024-09-29 16:07:15;2024-09-29 16:07:15
184;Lena Goldschmidt;modefilmlena;modefilmlena@instahub.test;NULL;$2b$12$Ctr56nzhfRyZub2.qzY/5O0ENXnqpbFG3aNy1n3GsAewsY.x5.rSO;"✨ Fashion & Film Enthusiast 🎬👗
Style is my superpower! 💁‍♀️💫
Living my best life, one outfit at a time 📸
15 | Hamburg";female;2009-02-21;Hannover;Deutschland;164;storage/avatars/2/184.webp;user;0;NULL;2024-09-29 16:07:15;2024-09-29 16:07:15
185;Enya Wiesemann;nachrichtenenyi;nachrichtenenyi@instahub.test;NULL;$2b$12$wLnLuz0wZL6DdGZVJpbOqOIClEwTocu9yWC2ayqpwl//2yjJtHN.m;🌊 Blauhaarige Nachrichtenjunkie 📰 | 18 & neugierig 🧐 | Immer auf der Suche nach der nächsten Story 🔍 | Kaffee & Bücher = ❤️ | Let's make the world a better place! 🌍✨;female;2005-12-26;München;Deutschland;164;storage/avatars/2/185.webp;user;0;NULL;2024-09-29 16:07:15;2024-09-29 16:07:15
186;Greta Schönbauer;umweltwissenschaftzoe;umweltwissenschaftzoe@instahub.test;NULL;$2b$12$UufqcxZbYJczW3rOYMLXd.vvxx9YoQupU16kEDuCAIxe2.ZvqHKJW;"🌍 Klimaaktivistin mit Köpfchen 🧠
🔬 Wissenschaft ist meine Superkraft
🌱 Gemeinsam die Welt retten, eine Formel nach der anderen! 😜
🤓 Nerd by day, Umweltheldin by night";female;2007-07-19;Zürich;Schweiz;165;storage/avatars/2/186.webp;user;0;NULL;2024-09-29 16:07:15;2024-09-29 16:07:15
187;Luna Eberhardt;modelunatica;modelunatica@instahub.test;NULL;$2b$12$J207BWrYo2l.GNAknBwbAO/m9mackpFRx3e78hgByNhB8A.QJaAU.;"👑 Mode-Enthusiastin 👗 | 18 & fabulous 💁‍♀️ | Haters gonna hate 🙄💅 | Mein Style, meine Regeln! 🔥 #FashionAddict";female;2006-03-22;Dresden;Deutschland;176;storage/avatars/2/187.webp;user;0;NULL;2024-09-29 16:07:15;2024-09-29 16:07:15
188;Maja Eichenberg;kochgaertnerin;kochgaertnerin@instahub.test;NULL;$2b$12$SLT5uBMIXgB.gJxQeJP5hOqFstfwInZdvFiiQFHpa5BXDUmDmBxGq;"🌱 Pflanzenflüsterin & Küchenfee 👩🏾‍🍳
Wo ist meine Gießkanne? 🤔💦
Kochen = Liebe auf dem Teller ❤️🍽️
17 | Grüne Daumen & lustige Kochmützen willkommen! 😂🌿";female;2006-09-04;Erfurt;Deutschland;163;storage/avatars/2/188.webp;user;0;NULL;2024-09-29 16:07:16;2024-09-29 16:07:16
189;Mira Eichberger;zornkickerin;zornkickerin@instahub.test;NULL;$2b$12$m0PCPvhb827hETq1VEw.6uoklMNPh.x/BLzRUYiLes3tVcZEPNEcW;"🔥 Fußball ist mein Leben! ⚽️💪 Haters gonna hate 🙄 #TeamDickeSchenkel 🍗 Mein Weg, meine Regeln! 😤";female;2006-10-04;Düsseldorf;Deutschland;164;storage/avatars/2/189.webp;user;0;NULL;2024-09-29 16:07:16;2024-09-29 16:07:16
190;Clara Dittrich;pixelclara;pixelclara@instahub.test;NULL;$2b$12$9bfuC/PC7B3mD6Qz4PXoquLvsGBrOALZFi4MI62zh0F9UTSDOzlbW;"📸 Fotografie-Enthusiastin | 💻 Code-Newbie | 🌈 Kreative Seele 
Immer auf der Suche nach dem perfekten Schnappschuss und der elegantesten Codezeile 🤓
Was inspiriert dich? 🤔";female;2008-10-04;Kiel;Deutschland;164;storage/avatars/2/190.webp;user;0;NULL;2024-09-29 16:07:16;2024-09-29 16:07:16
191;Matilda Helgig;aktivlottin;aktivlottin@instahub.test;NULL;$2b$12$7YNs1cSUkgKSnAUVtSE41e1Bkw.rNFi20jUzyABuoDn2NAWI66Mei;"🏀 Basketballerin mit Herz und Köpfchen 💡
17 | Klimaaktivistin 🌍 | Body Positivity 💪
Zusammen können wir die Welt verändern! ✊🏼🌈";female;2007-03-04;Leipzig;Deutschland;160;storage/avatars/2/191.webp;user;0;NULL;2024-09-29 16:07:16;2024-09-29 16:07:16
192;Pia Koppelmann;schwimmspasspia;schwimmspasspia@instahub.test;NULL;$2b$12$IMH3Cp2Uz9txhV2hraD/GOwRbVhF26XUI4hWUOcAmQzPSusWLqwaa;🏊‍♀️ Wasserratte mit Brille 👓 | Humor ist meine Superkraft 😂 | 170cm Chaos auf zwei Beinen 🦶🦶 | Schwimmen ist Leben 🌊;female;2007-02-23;Stuttgart;Deutschland;170;storage/avatars/2/192.webp;user;0;NULL;2024-09-29 16:07:16;2024-09-29 16:07:16
193;Lina Wiesmann;reiseschwimmerlina;reiseschwimmerlina@instahub.test;NULL;$2b$12$KybHmi30UV3jfAmpnPrTc.os6LV5FH1XZ/HjcP.UN.tYJetpCb0OO;"🌊 Schwimm-Enthusiastin 🏊‍♀️ | Reiseträumerin 🌍 | 14 & fabelhaft ✨ | Nur ich selbst, deal with it 💁‍♀️ | #TallGirlProblems";female;2010-01-11;Wien;Österreich;180;storage/avatars/2/193.webp;user;0;NULL;2024-09-29 16:07:16;2024-09-29 16:07:16
194;Mira Feuerstein;gamingmira;gamingmira@instahub.test;NULL;$2b$12$p2XhXwmSiezJ6W9ZooRYVezInLBv6mAZxmuudBQX.8ym1PcU0jhfC;"🎮 Gaming-Queen & Musikliebhaberin 🎵
Träume groß, lebe laut! 💫
14 | Deutschland 🇩🇪
Sei immer du selbst 🦋";female;2010-03-25;Magdeburg;Deutschland;169;storage/avatars/2/194.webp;user;0;NULL;2024-09-29 16:07:17;2024-09-29 16:07:17
195;Merle Rosenheim;modengaertnerin;modengaertnerin@instahub.test;NULL;$2b$12$cJFikMNYpqeF98FJ6X1yL.jPjcRoRx36GcvvJM2l7DFOVMqxojI5u;"🌸 Modebegeisterte Hobbygärtnerin 🌿
Stil ist meine Leidenschaft, Natur meine Inspiration 🤔
Was ist dein Lieblingstrend? 👗💭";female;2005-10-04;Blütenbach;Deutschland;164;storage/avatars/2/195.webp;user;0;NULL;2024-09-29 16:07:17;2024-09-29 16:07:17
196;Lina Gerstenberg;zornfilmmode;zornfilmmode@instahub.test;NULL;$2b$12$/vx82nuLXF/DQVwEzN2E8.UyeX42au0dqG45OrFqqeWGivx07sCVW;🎬 Film-Nerd | 👗 Fashion-Freak | 💙 Don't mess with me! 🔥 | Haters gonna hate 😤;female;2009-12-09;Berlin;Deutschland;167;storage/avatars/2/196.webp;user;0;NULL;2024-09-29 16:07:17;2024-09-29 16:07:17
197;Emma Rothschild;schwimmtennis_emma;schwimmtennis_emma@instahub.test;NULL;$2b$12$C4VlnXY4lxXQONyzBIHwkeL4dLlItF2OE/I9lyR0917k5bCiKndCm;"🏊‍♀️ Schwimm-Enthusiastin 🎾 Tennis-Newbie
📚 Bücherwurm mit Brille 👓
🌊 Wellenförmige Haare, blaue Augen 💙
Just being me 🦋";female;2010-03-19;Mainz;Deutschland;161;storage/avatars/2/197.webp;user;0;NULL;2024-09-29 16:07:17;2024-09-29 16:07:17
198;Yara Kleinschmidt;aktivschwimmyara;aktivschwimmyara@instahub.test;NULL;$2b$12$.tSkqC0XqVESiTy1er2XSOchBLDP3DRM1GooTnVk8MOOPeEYxTbG2;🌊 Schwimmerin mit Herz 🏊‍♀️ | Für eine bessere Welt 🌍✊ | 14 & träumend groß 💫;female;2009-07-29;Kiel;Deutschland;157;storage/avatars/2/198.webp;user;0;NULL;2024-09-29 16:07:17;2024-09-29 16:07:17
199;Mira Kupferschmidt;zornigecoderin;zornigecoderin@instahub.test;NULL;$2b$12$mvGiIQAub03h4MyyVLmvD.afzSufCGJ4flRw49pztxNaMqdOF.eFa;👩‍💻 Coding queen & 🎾 tennis machine | 16 & furious 🔥 | Glasses are my superpower 🦸‍♀️ | #AlternativeVibes | Roast me if you can 😈;female;2007-09-08;Zürich;Schweiz;168;storage/avatars/2/199.webp;user;0;NULL;2024-09-29 16:07:18;2024-09-29 16:07:18
200;Hailey Kronenberg;gartenaktivistin;gartenaktivistin@instahub.test;NULL;$2b$12$MdPxuXNLZgz1gYkOy4tjiufrBhEBhHU9B60BotXTJFPfAzKWKk5we;"🌱 Pflanzenmutti & Weltverbesserin 🌍✊
18 | Grüne Daumen & rote Ideen 🌻🔥
Lass uns die Welt begrünen & die Politik aufmischen! 💚🗽";female;2006-05-14;Berlin;Deutschland;165;storage/avatars/2/200.webp;user;0;NULL;2024-09-29 16:07:18;2024-09-29 16:07:18
201;Alva Reinhardt;modezorn_alva;modezorn_alva@instahub.test;NULL;$2b$12$6ARE4aC7FYIefDT9X3vkKuESAd0FWNbgDiLIl31qnbQbo/YVV6rxm;🔥 Mode ist meine Rebellion 👗👠 | Hinterfrage alles 🤔 | Brillenträgerin mit Attitude 🕶️ | Haters gonna hate 🙄💅 | 16 & unstoppable 💪;female;2007-08-24;Berlin;Deutschland;168;storage/avatars/2/201.webp;user;0;NULL;2024-09-29 16:07:18;2024-09-29 16:07:18
202;Ivy Rosenkranz;filmtierliebe;filmtierliebe@instahub.test;NULL;$2b$12$ApKPpw.5BFjgwGB//C7HdO69uSgHofWLcRypcG0NZ9hWRVM2cuasa;"🎬 Filmfreak | 🐾 Tierliebhaberin | 🏃‍♀️ Sportbegeistert
Leben ist ein Abenteuer! 💫
Wütend auf Ungerechtigkeit, begeistert von der Schönheit der Welt 🌍";female;2007-11-09;Stuttgart;Deutschland;168;storage/avatars/2/202.webp;user;0;NULL;2024-09-29 16:07:18;2024-09-29 16:07:18
203;Lia Bergstedt;codekueche_lia;codekueche_lia@instahub.test;NULL;$2b$12$5ChZAUh/tf4AJB.nTjTcVuGPHCWqkOIQVif.ABcHO7wMAg87U5d7W;"🧑‍🍳 Kochende Coderin 💻 | 14 | Meine Rezepte sind wie mein Code - manchmal fehlerhaft, aber immer mit ❤️ | Pickel sind meine Debugger 🔍";female;2009-08-02;Potsdam;Deutschland;168;storage/avatars/2/203.webp;user;0;NULL;2024-09-29 16:07:18;2024-09-29 16:07:18
204;Lotta Hofstetter;fragengamerin;fragengamerin@instahub.test;NULL;$2b$12$QiICD4gOHyK1Xh7kSef9heWrcmh8AdKbgYEeT24GzTrftT7SgofkK;"🎮 Lvl 17 Gamer Girl 🕹️
👾 Noob or Pro? You decide 🤔
🌈 Alt vibes only ⚡
💭 Always questioning reality";female;2007-02-07;Erfurt;Deutschland;174;storage/avatars/2/204.webp;user;0;NULL;2024-09-29 16:07:18;2024-09-29 16:07:18
205;Frieda Blumenthal;zornumweltschwimmerin;zornumweltschwimmerin@instahub.test;NULL;$2b$12$sxBOQ3KcILEoY0AOZgpu9unKExGmSkSXiSP6UkyDoftM6svrv/BFu;🌊 Wasserratte mit Mission 🌍 | 14 | #SaveThePlanet 🌱 | Schwimmen ist mein Leben 🏊‍♀️ | Fakten > Gefühle 🧠;female;2010-03-05;Potsdam;Deutschland;172;storage/avatars/2/205.webp;user;0;NULL;2024-09-29 16:07:19;2024-09-29 16:07:19
206;Charlotte Eisenmann;philosophotte;philosophotte@instahub.test;NULL;$2b$12$9PDg/P3ZzknnGBvXawJeo.VxjbOJx9wMZXrul7csW7mIwXqbJ5Z4i;"📚 Philosophie-Nerd | 🌍 Weltverbesserin | 🏋️‍♀️ Fitness-Fan
Immer auf der Suche nach tiefgründigen Gesprächen und sinnvollen Projekten 🤓💡";female;2006-05-12;Frankfurt;Deutschland;153;storage/avatars/2/206.webp;user;0;NULL;2024-09-29 16:07:19;2024-09-29 16:07:19
207;Leonie Rosenbaum;filmzeitreise;filmzeitreise@instahub.test;NULL;$2b$12$R8ML9SLs3Ig6lodnzCq9b.EP.18A..lG1m09N2wj6rkH95ezEJ.yG;🎬 Filmjunkie & Geschichtsnerd 📚 | 17 | Ich bin einfach besser als ihr alle 💁‍♀️ | Mein Leben = mein Film 🎥✨ | #TeamBlonde;female;2007-01-13;Stuttgart;Deutschland;168;storage/avatars/2/207.webp;user;0;NULL;2024-09-29 16:07:19;2024-09-29 16:07:19
208;Lena Friedlander;tierheldin_lena;tierheldin_lena@instahub.test;NULL;$2b$12$5OiTgHDVuYEgEjVaQQF34OgAmjICNAjH3H9vr93X2.HQx2fyT9Kzy;🐾 Tierliebhaberin & Weltverbesserin 🌍 | 16 & voller Fragen 🤔 | Alternativ & authentisch 💚 | Freiwillige im Tierheim 🐶🐱 | Deine Haut definiert dich nicht! ✨;female;2008-02-14;Salzburg;Österreich;179;storage/avatars/2/208.webp;user;0;NULL;2024-09-29 16:07:19;2024-09-29 16:07:19
209;Mira Schreiber;fragemiranatur;fragemiranatur@instahub.test;NULL;$2b$12$UCai/hGR7g/hmbSJYGw1iu8Q5yW5yiOcHWtwAGKh6yk5Cah9HboDO;"🌿📚 Bücherwurm mit grünem Herzen 🌍 Frage mich, wie wir die Welt verbessern können! 🤔💚 #EcoWarrior";female;2007-09-11;Grünbach am See;Deutschland;162;storage/avatars/2/209.webp;user;0;NULL;2024-09-29 16:07:19;2024-09-29 16:07:19
210;Marlene Eichstetter;techpolitikzorn;techpolitikzorn@instahub.test;NULL;$2b$12$8Ems4PXOTE8W4eEETpSkZeCfYQbbtwE1ONWBvqEPM1OEdj2cejj5a;"🚀 Tech-Enthusiastin & Politik-Nerd 🗳️
16 | Zukunftsgestalterin in Progress 💪
Eleganz trifft Aktivismus 💄✊
#CodeForChange #VoteForFuture";female;2008-01-12;Schwerin;Deutschland;165;storage/avatars/2/210.webp;user;0;NULL;2024-09-29 16:07:20;2024-09-29 16:07:20
211;Liv Silberbach;pixelpoetinliv;pixelpoetinliv@instahub.test;NULL;$2b$12$N300QlZfoXRfBmc2gLU1m.5fUu8SJvvfn4O4zCWay6d3BLKSfrQwW;"📸 Capturing moments & coding dreams 💻
17 | Aspiring developer 🚀
Love, laugh, create 💖✨
#TechGirl #PhotographyLover";female;2006-12-27;Kiel;Deutschland;166;storage/avatars/2/211.webp;user;0;NULL;2024-09-29 16:07:20;2024-09-29 16:07:20
212;Lilly Bergkamp;codekochlilly;codekochlilly@instahub.test;NULL;$2b$12$VuG1iSo56fR40db54JpN8OIRk82pon6zEgEfP2v1gSlnpPq3zyCTq;"🎨 Coder by day, chef by night 👩‍💻🍳
18 | Dreaming in Python & recipes 💭
Living life one bug fix & cupcake at a time! 🐞🧁
✨ Spreading positivity through tech & tasty treats ✨";female;2006-01-03;Innsbruck;Österreich;162;storage/avatars/2/212.webp;user;0;NULL;2024-09-29 16:07:20;2024-09-29 16:07:20
213;Lia Rothenburg;umweltfitlia;umweltfitlia@instahub.test;NULL;$2b$12$bqZx.7u3ZXr/7NfbddIYFeny0ifFCWge1T55dtxXyKzg3QCqFHFQG;"🌿 Green living & fitness addict 💪
18 | 163cm | Saving the planet one workout at a time 🌍
Self-care is my superpower 💖
#CleanBeauty enthusiast";female;2006-06-07;Magdeburg;Deutschland;163;storage/avatars/2/213.webp;user;0;NULL;2024-09-29 16:07:20;2024-09-29 16:07:20
214;Nele Hohenstein;nelefitmuse;nelefitmuse@instahub.test;NULL;$2b$12$yq.ZomiU3Bfjzz/ptaU/2O6TDdYFPkNCSz5jtkEDkm1Re4OJH03TS;"📸 Durch die Linse das Leben entdecken 🌟
💪 Fitness-Enthusiastin in Progress
🌈 Selbstliebe ist der Weg zum Glück
✨ Jeden Tag ein neues Abenteuer";female;2005-12-21;Berlin;Deutschland;177;storage/avatars/2/214.webp;user;0;NULL;2024-09-29 16:07:20;2024-09-29 16:07:20
215;Lea Hildebrandt;fitnessfee_lea;fitnessfee_lea@instahub.test;NULL;$2b$12$s7TIWgjfpn3qsE5LsOBS5O2NkqOfLZzlKCFBfa/lgBz7LsRZLpTtO;🏋️‍♀️ Fitness-Enthusiastin 💪 | 15 | Blau ist meine Lieblingsfarbe 💙 | Immer auf der Suche nach dem nächsten Workout 🏃‍♀️ | #AlternativeVibes 🤘;female;2008-12-28;Zürich;Schweiz;157;storage/avatars/2/215.webp;user;0;NULL;2024-09-29 16:07:21;2024-09-29 16:07:21
216;Mia Steinemann;tennisfrage_mia;tennisfrage_mia@instahub.test;NULL;$2b$12$RMx7IkA.1I2IqNgdk5p/LODY.TzdQb8Vi732zeJkMHNXZj4Uu4VbG;🎾 Tennisliebhaberin 🏆 | 17 & voller Träume 💫 | Frag mich alles über Schläger & Bälle 🤔 | Immer hier für gute Gespräche 💖 | #TennisGirl;female;2006-10-23;Innsbruck;Österreich;172;storage/avatars/2/216.webp;user;0;NULL;2024-09-29 16:07:21;2024-09-29 16:07:21
217;Ella Goldmann;sprachzornella;sprachzornella@instahub.test;NULL;$2b$12$okvVae4uevdL1M5qVctTJO6OFfhavKfxCpAfUGH.bsq5/90zH2Qve;🌍 Sprachenjunkie 🗣️ | Reisen ist meine Leidenschaft ✈️ | Warum ist die Welt so ungerecht? 🤔😠 | 16 & träume von der großen weiten Welt 🌈;female;2007-07-30;Erfurt;Deutschland;170;storage/avatars/2/217.webp;user;0;NULL;2024-09-29 16:07:21;2024-09-29 16:07:21
218;Neele Steinberg;zornigebasketmaus;zornigebasketmaus@instahub.test;NULL;$2b$12$uyOIqUWe378S5ZOiPVGr/e4YOtOgn6BLiHSaGvM7q0Yh2ZyqF/Hgq;"🏀 Basketballerin mit Herz und Seele 💪
Nicht zu unterschätzen 😤
162cm pure Energie ⚡
Hoope dreams & chill vibes 🌟";female;2006-07-23;Kiel;Deutschland;162;storage/avatars/2/218.webp;user;0;NULL;2024-09-29 16:07:21;2024-09-29 16:07:21
219;Nelly Eichwald;kunstnelly;kunstnelly@instahub.test;NULL;$2b$12$qV3vxhkitc9yIHHOP0sqmu1LNZJ/zX5iwUfA2pp9I1nP.Lx9LoMPy;🎨 Kreative Seele auf Reisen 🌍 | 14 | Immer auf der Suche nach neuen Abenteuern und Inspirationen ✨ | Fragen? Immer her damit! 💭;female;2010-02-01;Potsdam;Deutschland;165;storage/avatars/2/219.webp;user;0;NULL;2024-09-29 16:07:21;2024-09-29 16:07:21
220;Zara Rosenberg;tierliebezara;tierliebezara@instahub.test;NULL;$2b$12$uP1/IUzxUbzI7OdUp4JbHufBd/kTF.0XhllC5llGLIkVC5wXkQOpe;"🐾 Tierfreundin mit Herz 🐶🐱 | Lockenpracht 💁‍♀️ | Sportlich aktiv 🏃‍♀️ | Manchmal 😠, oft 😊, immer echt! | 📚🎧 | Schülerin & Träumerin ✨";female;2010-02-14;Grünbach am See;Deutschland;161;storage/avatars/2/220.webp;user;0;NULL;2024-09-29 16:07:21;2024-09-29 16:07:21
221;Janne Kieselstein;laufleseratte;laufleseratte@instahub.test;NULL;$2b$12$wg5cF.QjVAK2RIgGWAFW8uAmgP4O57ozIoWxHL4Er9ZWE1mruqbju;"🏃‍♀️ Läuferin mit Bücherwurm-Syndrom 📚✨
Immer auf der Suche nach dem nächsten Abenteuer! 🌟
Liebe das Leben in vollen Zügen! 💖😊";female;2009-11-25;Potsdam;Deutschland;179;storage/avatars/2/221.webp;user;0;NULL;2024-09-29 16:07:22;2024-09-29 16:07:22
222;Amira Winterfeld;literaturnixe;literaturnixe@instahub.test;NULL;$2b$12$OE4mHG7e2HGZHeLxXvK15.7UPRWwVqBPSPj7JZSJnSsbhuA7GFk5O;"📚 Bücherwurm & Wasserratte 🏊‍♀️
15 | Träume in Tinte & Chlor 💙
Immer auf der Suche nach der nächsten Welle 🌊";female;2009-05-11;Erfurt;Deutschland;166;storage/avatars/2/222.webp;user;0;NULL;2024-09-29 16:07:22;2024-09-29 16:07:22
223;Olivia Rosentreter;reisefotolina;reisefotolina@instahub.test;NULL;$2b$12$6FxKeFf47.qmP/L.zv3v..eizP8Trzlsw3K9NHGxPZ2k6eq41SXzq;"📸 Capturing moments, chasing dreams 🌍✨
16 | Travel enthusiast 🧳
Let's explore together! 🗺️";female;2007-10-23;Hannover;Deutschland;160;storage/avatars/2/223.webp;user;0;NULL;2024-09-29 16:07:22;2024-09-29 16:07:22
224;Zoe Kaltenbrunner;fragezoe_gaming;fragezoe_gaming@instahub.test;NULL;$2b$12$eTqobmPDl40PA9nnZhAXv.yG6l75JE.2tEyXunMOsR3p8seAYK3AO;"🎾 Tennis-Ass & Gaming-Queen 🎮
Sportlich, neugierig & immer für neue Abenteuer zu haben! 💚
Was denkt ihr? 🤔";female;2006-10-17;Stuttgart;Deutschland;165;storage/avatars/2/224.webp;user;0;NULL;2024-09-29 16:07:22;2024-09-29 16:07:22
225;Frieda Rosenblatt;fragephilosophin;fragephilosophin@instahub.test;NULL;$2b$12$EnO7fUQe3X/7lPwcJnScUu0ecoyFI/GgwpCILZUEqaysKOuQyXyLq;🤔 Warum sind wir hier? 🌌 | 164cm Gedankenakrobatin 🤸‍♀️ | Sport & tiefe Fragen 🏃‍♀️💭 | Eure Meinungen? Irrelevant. 🙄✨;female;2010-01-13;Leipzig;Deutschland;164;storage/avatars/2/225.webp;user;0;NULL;2024-09-29 16:07:22;2024-09-29 16:07:22
226;Maya Rosenbaum;kunstmaya;kunstmaya@instahub.test;NULL;$2b$12$5nEkKg8YD3kAO/X5wVzkgOdBfvmqLM8CDwUC4ZaCU3v7OcTYWdMxO;🎨 Kunst ist meine Leidenschaft 🖌️ | 15 | Halbkoreanerin 🇰🇷🇩🇪 | Immer für dich da 💕 | #ArtLife #PeaceAndLove ☮️;female;2008-10-24;Magdeburg;Deutschland;163;storage/avatars/2/226.webp;user;0;NULL;2024-09-29 16:07:23;2024-09-29 16:07:23
227;Ava Rothenberg;zornbasketava;zornbasketava@instahub.test;NULL;$2b$12$6wngJJss9nUBwsQDDnUTHOnpzQTuIrfSrCitEE0NYPXXXl7vXCKNG;🏀 Korbkönigin mit Herz 💖 | Freiwillige Feuerwehr 🚒 | Haters gonna hate 😤 | 167cm voller Energie ⚡;female;2007-10-02;Rotenstein;Deutschland;167;storage/avatars/2/227.webp;user;0;NULL;2024-09-29 16:07:23;2024-09-29 16:07:23
228;Mara Eisenbart;reisebuchzorn;reisebuchzorn@instahub.test;NULL;$2b$12$a1f8DjD0zD6fZy8lK/hAKOlVJ3.NcQKVnoK7RX2jHNd9co79MJbGm;"🌎 Weltenbummlerin mit Buch 📚 | Rothaarige Rebellion 🔥 | Sportverrückt 🏃‍♀️ | Mal süß, mal sauer 😇😈 | 164cm pure Abenteuerlust! ✈️";female;2008-08-12;Düsseldorf;Deutschland;164;storage/avatars/2/228.webp;user;0;NULL;2024-09-29 16:07:23;2024-09-29 16:07:23
229;Eline Kraemer;reisezorneline;reisezorneline@instahub.test;NULL;$2b$12$tj5iDBllvVOQljTy8wZ64uKw0QEiYutuVnetPHl3fYkiLpe1I.5uS;🌍 Reisesucht ist real 🧳 Haters können wegbleiben 🙄 Nur ich entscheide über mein Leben! 💁‍♀️ #wanderlust;female;2010-02-01;Neudorfheim;Deutschland;169;storage/avatars/2/229.webp;user;0;NULL;2024-09-29 16:07:23;2024-09-29 16:07:23
230;Amelie Kirchhoff;modeamelie;modeamelie@instahub.test;NULL;$2b$12$Qss3Gj97zZ54/sCL5fsLn.QiH1mTv4lBukxCm8Db53MJsJWhjFJzG;"🎵 Mode-Liebhaberin & Musikjunkie 🛍️
18 | 173cm | Brillenschlange 🤓
Mein Style, meine Regeln 💁🏼‍♀️✨
Ich bin ich, deal with it! 😎";female;2005-10-08;Schwerin;Deutschland;173;storage/avatars/2/230.webp;user;0;NULL;2024-09-29 16:07:23;2024-09-29 16:07:23
231;Nele Sandberg;wanderkochnele;wanderkochnele@instahub.test;NULL;$2b$12$u999tRvLNb4fSmQ0MvrWUewoR5QIMo5jAwzRX9BCLd47r7dkq0msi;"🏔️ Gipfelstürmerin & Kochmütze 👩‍🍳
Natur + Küche = Glück 💚
18 | München
Wandern ist meine Therapie 🥾";female;2005-11-04;Hannover;Deutschland;165;storage/avatars/2/231.webp;user;0;NULL;2024-09-29 16:07:24;2024-09-29 16:07:24
232;Fenja Kortenhaus;reisefenja;reisefenja@instahub.test;NULL;$2b$12$KsLy/E0YZsJH6AhALwwzSedf7/SJGDPC4g2Qp7APZCkPwxmj/8EZa;"🌍 Entdeckerin & Globetrotterin 🧳
📸 Reisetagebuch in Bildern
🏋️‍♀️ Fitness-Enthusiastin
💡 Immer auf der Suche nach neuen Abenteuern
🇩🇪 Based in Sonnenberg";female;2007-03-11;Sonnenberg;Deutschland;175;storage/avatars/2/232.webp;user;0;NULL;2024-09-29 16:07:24;2024-09-29 16:07:24
233;Mira Tannenberg;fragenaturmira;fragenaturmira@instahub.test;NULL;$2b$12$cjRJf.maoHlFKg7CqbHeMO9urvWJuPrjSqaUoHwzjbeYDUD4gnsv6;"🌍 Klimaaktivistin mit Leseleidenschaft 📚
Fragen? Immer her damit! 🤔
Zusammen können wir die Welt verändern! 💚✨";female;2009-04-04;Grünbachtal;Deutschland;173;storage/avatars/2/233.webp;user;0;NULL;2024-09-29 16:07:24;2024-09-29 16:07:24
234;Marie Kortenhaus;reisemodeperle;reisemodeperle@instahub.test;NULL;$2b$12$QJYseCTqrWE/gc5jcvFMye/UNKsoHA0RCqAsal252lkLZlguAxQza;"✈️ Globetrotterin mit Fashionfieber 👗
18 | Deutschland 🇩🇪
Leben. Reisen. Mode. Repeat. 💫
Immer auf der Suche nach dem nächsten Abenteuer! 🌍🤩";female;2006-05-27;Hamburg;Deutschland;169;storage/avatars/2/234.webp;user;0;NULL;2024-09-29 16:07:24;2024-09-29 16:07:24
235;Matilda Kornblum;ballballphilosophin;ballballphilosophin@instahub.test;NULL;$2b$12$xZWOAjCiOEkWTjFrXt7VOuuiDAiQKH9GM1E5aebN/gfSw19.X9mOW;⚽️ Fußball & Philosophie 🧠 | 16 | Denken ist mein Sport 🤔💭 | Eleganz trifft Athletik 💃🏻🏃‍♀️ | Frag mich was... wenn du dich traust 😏;female;2007-12-17;Kiel;Deutschland;175;storage/avatars/2/235.webp;user;0;NULL;2024-09-29 16:07:24;2024-09-29 16:07:24
236;Yara Beckenbauer;zornkunstaktiv;zornkunstaktiv@instahub.test;NULL;$2b$12$SJMOSfKMPn4isGqyh.CMhOI1zedVCr.EQ/HX8GWBPZExL9IUbzOzO;🎨 Kunst ist meine Waffe 🔥 Aktivismus ist mein Weg 💚 Hass ist keine Meinung 🌍 #FightTheSystem;female;2005-08-27;Stuttgart;Deutschland;170;storage/avatars/2/236.webp;user;0;NULL;2024-09-29 16:07:24;2024-09-29 16:07:24
237;Amelie Sternberg;laufnachrichtenamelchen;laufnachrichtenamelchen@instahub.test;NULL;$2b$12$lUk9qSkM2Df73hulMOwuEeWI9mZ8gkeBKkyIdUIbae1Js1ahNvOGm;"🏃‍♀️ Laufschuhe an, Welt verändern! 🌍
Nachrichtenliebhaberin 📰
Was bewegt dich? 🤔
14 | Köln 🇩🇪";female;2009-10-23;Frankfurt;Deutschland;163;storage/avatars/2/237.webp;user;0;NULL;2024-09-29 16:07:25;2024-09-29 16:07:25
238;Lara Silberhorn;wissenschaftsbuehne;wissenschaftsbuehne@instahub.test;NULL;$2b$12$LzvwjXxGn6acsxKCOUjTJuVhPZ3lW4Wm5U093qZtAoA6Z7vjS1Hmu;"🎭 Theaternerd & Wissenschaftsfreak 🧪 | Träume groß, denke kritisch 💭 | 171cm Chaos in Teenager-Form 😅 | Empathie ist meine Superkraft 💖";female;2006-12-25;Neuenbach am Rhein;Deutschland;171;storage/avatars/2/238.webp;user;0;NULL;2024-09-29 16:07:25;2024-09-29 16:07:25
239;Valentina Eichinger;filmgamerin_vali;filmgamerin_vali@instahub.test;NULL;$2b$12$srNR8x3AcAA.D9X9aQof6.kMc.VN/92Hkxm1PKucX1tSalwtj1bDm;"🎬 Filmliebhaberin & Zockerin 🎮
17 | Träumerin | Rothaarige Rebellin 👩‍🦰
Schreib mir nicht, wenn du langweilig bist! 😴";female;2006-12-25;Kiel;Deutschland;164;storage/avatars/2/239.webp;user;0;NULL;2024-09-29 16:07:25;2024-09-29 16:07:25
240;Lotte Silberstein;literatourlotte;literatourlotte@instahub.test;NULL;$2b$12$psh6yJnLYddhHBF0ER4BOuOfxkirRE1mQE2iLiXmwbMLWxJkQC0Le;"📚 Bücherwurm mit Lockenmähne 🌀 | 172cm groß & großes Herz ❤️ | Fragen kostet nix, Antworten auch nicht 🤓 | Immer auf der Suche nach dem nächsten Pageturner 📖";female;2007-05-03;Saarbrücken;Deutschland;172;storage/avatars/2/240.webp;user;0;NULL;2024-09-29 16:07:25;2024-09-29 16:07:25
241;Luise Staudinger;zorncode_lui;zorncode_lui@instahub.test;NULL;$2b$12$jLNVulzc7xl65FPYUbXEO.0vik53pf6ze8Nk0wMOiMZFGVU0BMOCq;"👩‍💻 Gaming & Coding Enthusiast 🎮
14 | Awkward but Awesome 🤓
Don't mess with my code or my feels 💔
#AlternativeVibes #TechGirl";female;2010-02-08;München;Deutschland;168;storage/avatars/2/241.webp;user;0;NULL;2024-09-29 16:07:25;2024-09-29 16:07:25
242;Juna Siebert;zornigepixeljuna;zornigepixeljuna@instahub.test;NULL;$2b$12$7ngpNfzPp7VNnT/bXJOyze6jSz3jYebhymWZYpHFEID/tW8zXi6vi;"🖥️ Coding enthusiast & fitness freak 💪
15 | 169cm | 🇩🇪
Don't mess with a girl who can deadlift & debug! 😤
#CodeLife #FitLife";female;2009-06-17;Potsdam;Deutschland;169;storage/avatars/2/242.webp;user;0;NULL;2024-09-29 16:07:26;2024-09-29 16:07:26
243;Leni Birkenwald;techschwimmzorn;techschwimmzorn@instahub.test;NULL;$2b$12$qsyNWr8wiwLC.wz8PtEvSuRqD1pS6zk7o5QU.Hg6bBecvh.CCwcCe;"🏊‍♀️ Schwimmen ist meine Therapie 🌊 | Tech-Nerd 🤓💻 | Rot ist meine Farbe 🔥 | Brillenträgerin mit Durchblick 👓 | Empathisch, aber kein Blatt vor dem Mund 🗣️💕";female;2007-12-10;Potsdam;Deutschland;167;storage/avatars/2/243.webp;user;0;NULL;2024-09-29 16:07:26;2024-09-29 16:07:26
244;Elina Schönhoff;modezornelina;modezornelina@instahub.test;NULL;$2b$12$gj3Stye00TSrQbj2HaiIJ.2LuzkYxlZXD9fAUNUnKL8tDyMsxrqp6;"🌍 Aktivismus-Queen & Mode-Junkie 👑💃
Leben. Lachen. Lauthals! 😂✨
Mein Stil = Meine Stimme 🎤💖
#CurlyHairDontCare 🌀";female;2006-05-19;Dresden;Deutschland;160;storage/avatars/2/244.webp;user;0;NULL;2024-09-29 16:07:26;2024-09-29 16:07:26
245;Romy Gildemeister;fragezorngamerin;fragezorngamerin@instahub.test;NULL;$2b$12$MRGGZDUsJizSBAH4KO0oeulQ8efXIdAc2qTgu.OkSieW4HiPoTSLW;"🎮 Gaming-Addict & Nachrichtenjunkie 📰
16 | Frag mich alles! 🤔
Immer für einen Lacher zu haben 😂
🤗 Verständnis ist meine Superkraft";female;2008-04-02;Salzburg;Österreich;161;storage/avatars/2/245.webp;user;0;NULL;2024-09-29 16:07:26;2024-09-29 16:07:26
246;Lara Baumgarten;modezorni;modezorni@instahub.test;NULL;$2b$12$I8wuzQw4paMHwee5xq2Y.uX2QyV606D9RKQ1cg5CEJOlvYwuYf9TW;"🔬 Wissenschaft ist meine Superkraft 💪
👗 Mode ist meine Leidenschaft 💅
🌍 Die Welt nervt mich manchmal 😤
📚 17 | Gymnasiastin | #Nerdchic";female;2006-12-28;Zürich;Schweiz;167;storage/avatars/2/246.webp;user;0;NULL;2024-09-29 16:07:26;2024-09-29 16:07:26
247;Elisa Grunwald;kickkoenigin_elisa;kickkoenigin_elisa@instahub.test;NULL;$2b$12$3xImdOPyjZFowE6iRJ5i2.VWaY.df1HBXhU4P4rhgF1ZpK3Q216S2;"⚽️ Fußball ist mein Leben 💙 | Kurze Haare, große Träume 💁‍♀️ | Immer für einen Lacher zu haben 😂 | 177cm Torwarttalent 🧤";female;2006-03-19;Grünhausen;Deutschland;177;storage/avatars/2/247.webp;user;0;NULL;2024-09-29 16:07:26;2024-09-29 16:07:26
248;Alva Sonnenfeld;aktivlesealva;aktivlesealva@instahub.test;NULL;$2b$12$8P/cxzXLyj/e5fxXq1E4ceNjutJWUUPWe8Phgnt7yM44ZYxxHxZNS;"📚 Bücherwurm & Weltverbesserin 🌍✊
14 | 179cm | Kein Filter nötig 💁‍♀️
Immer offen für neue Ideen! 🤔💡
#ReadingIsRevolution";female;2009-10-14;Hamburg;Deutschland;179;storage/avatars/2/248.webp;user;0;NULL;2024-09-29 16:07:27;2024-09-29 16:07:27
249;Jolina Klostermann;pixeljolie;pixeljolie@instahub.test;NULL;$2b$12$fZml0Mj6HGCJE6kwCBqwCeW63G9zvF/wqWm8hjAEpmGZKFer2pDRe;"📸 Pixel-Poetin & Code-Künstlerin 💻
Fange Momente & debugge das Leben 🤔😂
163cm voller Kreativität & Koffein ☕️
#TechGirl #SnapHappy";female;2007-09-09;Frankfurt;Deutschland;163;storage/avatars/2/249.webp;user;0;NULL;2024-09-29 16:07:27;2024-09-29 16:07:27
250;Emmi Schönhagen;codekickemmi;codekickemmi@instahub.test;NULL;$2b$12$dY2DUNXc1DEtqnS5OiokueXb0yl1lBP/iWm8yqkFGmPIqQmem2KZu;👩‍💻 Codin' & kickin' ⚽️ | 14 & dreamingBIG 🌟 | Geek chic 🤓✨ | #TechGirl #SoccerLove;female;2010-06-22;Neudorfhausen;Deutschland;171;storage/avatars/2/250.webp;user;0;NULL;2024-09-29 16:07:27;2024-09-29 16:07:27
251;Mila Rosendahl;wissenschaftswitz;wissenschaftswitz@instahub.test;NULL;$2b$12$TvLsT6rw5iCnnK8bzU7cuemgZLsup0Uv/BTGR/yNzRSSkub8g/UXm;"🔬 Wissenschaftsnerd mit Leseleidenschaft 📚
17 | 180cm | Brillenträgerin mit Stil 🤓✨
Mein Humor ist so trocken wie meine Labortexte 😂
'Wissen ist Macht, aber Lachen ist zeitlos' 🌟";female;2006-11-23;Schwerin;Deutschland;180;storage/avatars/2/251.webp;user;0;NULL;2024-09-29 16:07:27;2024-09-29 16:07:27
252;Amelie Kornblume;ameliezauber;ameliezauber@instahub.test;NULL;$2b$12$4fDv1V6pfNJEIwghjXn8TuJisK57eUkazFIkGJsHugM.ZzRTla6r6;"🎭 Bühne ist mein zweites Zuhause 🏡
👗 Fashion-Lover & Trendsetter
🌟 Just living my best life 💁‍♀️
🇩🇪 Hamburg";female;2006-03-02;Schwerin;Deutschland;171;storage/avatars/2/252.webp;user;0;NULL;2024-09-29 16:07:27;2024-09-29 16:07:27
253;Mila Grünberg;zornmila;zornmila@instahub.test;NULL;$2b$12$ez5xfa9JbRbRFn2yCcpn4OgpeP9q5nPwUJYUf1djOBfRBqxk5osKa;📸 Capturing life's imperfections | 15 | Too cool for your drama 🙄💁‍♀️ | Glasses are my superpower 🤓;female;2008-09-23;Düsseldorf;Deutschland;174;storage/avatars/2/253.webp;user;0;NULL;2024-09-29 16:07:28;2024-09-29 16:07:28
254;Jette Dornbusch;leseperle;leseperle@instahub.test;NULL;$2b$12$HmKGnVNn/bmB.d2/Y3ILveFgI7RAFG7EqZmiq5RtjoI/Tds.zGdhq;"📚 Verliebt in Bücher & das Leben 💖
🌿 Grüne Augen, blondes Herz
🏃‍♀️ Fit & fabelhaft
✨ Verbreite Freundlichkeit 🤗";female;2006-03-11;Salzburg;Österreich;162;storage/avatars/2/254.webp;user;0;NULL;2024-09-29 16:07:28;2024-09-29 16:07:28
255;Liv Silbermann;philosophiepolyglott;philosophiepolyglott@instahub.test;NULL;$2b$12$IEgKzTdBH1p9onsw4LSiVuFK2MFfqgHsqeeAr/okZpAnovOfoDEkG;"🌟 Wortakrobatin & Gedankenwanderin 🌍
16 | Philosophie & Sprachen 📚
Fragen über Fragen? Immer! 🤔💭
Hier, um zu lernen & zu verstehen 🌱";female;2008-07-06;Frankfurt;Deutschland;167;storage/avatars/2/255.webp;user;0;NULL;2024-09-29 16:07:28;2024-09-29 16:07:28
256;Liv Amberger;wissensfitliv;wissensfitliv@instahub.test;NULL;$2b$12$BcW8ei9xLsmoxj8FiR3cVuZMjzAoluIaVhcglAxIk3n7qbBBsgu66;"🔬 Neugierige Entdeckerin & Fitness-Enthusiastin 💪
Immer auf der Suche nach dem nächsten 'Warum?' 🤔
17 | Abitur '25 | 📚+🏋️‍♀️=❤️";female;2007-06-07;München;Deutschland;165;storage/avatars/2/256.webp;user;0;NULL;2024-09-29 16:07:28;2024-09-29 16:07:28
257;Louisa Schellenberg;fitlou_schelli;fitlou_schelli@instahub.test;NULL;$2b$12$ui0xF7jyLjSaKnuxr8DZhu3.3gusF8vDIHndG3WAbwLGp4PzncALG;"🌙 Fitness-Junkie | Graue Mähne, don't care 💁‍♀️ | Ich gegen die Welt 💪 | 17 & unstoppable 🔥";female;2006-11-08;Hannover;Deutschland;167;storage/avatars/2/257.webp;user;0;NULL;2024-09-29 16:07:28;2024-09-29 16:07:28
258;Matilda Ehrenberg;zornigefilmprinzessin;zornigefilmprinzessin@instahub.test;NULL;$2b$12$v8cyRo9SUQLJ/wniQPKg2OWZu68BfsoPza.exr7mjtqP1J0Rqnwxm;"🎬 Filmfreak mit Attitude 🖤 | Hasse Mainstream 🙄 | Echte Kunst ist düster 🌑 | Bitte nicht ansprechen, außer du hast Geschmack 🚫";female;2008-12-23;Erfurt;Deutschland;172;storage/avatars/2/258.webp;user;0;NULL;2024-09-29 16:07:29;2024-09-29 16:07:29
259;Mila Baumgarten;laufbuehne_mila;laufbuehne_mila@instahub.test;NULL;$2b$12$W7JlAT.a/uJDN8tarRWeee0Y61Y5v/XW2OHFIjys5oTi9d.bVkibm;"🏃‍♀️ Rennende Theaterdiva 🎭 | 18 | Eleganz trifft auf Ehrgeiz 💃🏽 | Meine Bühne, meine Regeln 👑 | Laufschuhe oder High Heels? Beides! 👟👠";female;2005-12-08;Saarbrücken;Deutschland;166;storage/avatars/2/259.webp;user;0;NULL;2024-09-29 16:07:29;2024-09-29 16:07:29
260;Emilia Kornblatt;zornige_gamerin;zornige_gamerin@instahub.test;NULL;$2b$12$0u7uiGh3Tf9RxZDOWOS61OBoJgNewe/hDaSd5KOX8aEpScs/SGqrq;🎮 Gamer Girl | 💚 Natur | 🖤 Selbstverachtung ist mein Superpower 😎 | #GamerLife #MoodSwings;female;2007-06-23;Grünhausen;Deutschland;171;storage/avatars/2/260.webp;user;0;NULL;2024-09-29 16:07:29;2024-09-29 16:07:29
261;Antonia Kirschbaum;literatoni;literatoni@instahub.test;NULL;$2b$12$WCWZv24wgj3UsUVWjniKBOBqVQyvYh9Cj5hJv5wDMFT.MWPKI1n.e;"📚 Buchliebhaberin & Fitnessfreak 💪
Immer auf der Suche nach dem nächsten Abenteuer 🌟
Positive Vibes only ✨
15 | 🇩🇪";female;2009-03-02;Stuttgart;Deutschland;174;storage/avatars/2/261.webp;user;0;NULL;2024-09-29 16:07:29;2024-09-29 16:07:29
262;Amalia Wunderlich;amaliazockt;amaliazockt@instahub.test;NULL;$2b$12$njQxamfh7gMg2uhrLppIfO31I6Xg.idUaxeADE/f5ZmTMvipFp6Yy;🎮 Gamer Girl mit Herz 💕 | Immer up to date 📰 | 17 & ready to conquer the world 🌍 | Sporty vibes 🏋️‍♀️ | Spreading kindness one post at a time ✨;female;2006-10-20;Wien;Österreich;159;storage/avatars/2/262.webp;user;0;NULL;2024-09-29 16:07:29;2024-09-29 16:07:29
263;Mathilda Griesbach;geschichtsgymnastin;geschichtsgymnastin@instahub.test;NULL;$2b$12$SRTK6sjz6AzXzyYFtNGZQORHInYPDgLJBwS5uujZpCPEg0R8AjPne;"🏋️‍♀️ Fitness-Junkie & Geschichts-Nerd 📚
Curvy & proud 💪💖
Lache gerne & laut 😂
Immer auf der Suche nach dem nächsten Abenteuer! 🌟";female;2006-09-20;Hamburg;Deutschland;170;storage/avatars/2/263.webp;user;0;NULL;2024-09-29 16:07:29;2024-09-29 16:07:29
264;Mina Eberbach;zornigesprachrohr;zornigesprachrohr@instahub.test;NULL;$2b$12$pfwiqeI0iqmSSYh4tO1xReWpHTEZx1w.jirOfoAufX2BV4g/z3pke;🌍 Sprachenjunkie 🗣️ | 14 & fabelhaft 💁‍♀️ | 你好/Hola/Bonjour 🌈 | Dont mess with me 😤💢;female;2010-06-13;Hamburg;Deutschland;168;storage/avatars/2/264.webp;user;0;NULL;2024-09-29 16:07:30;2024-09-29 16:07:30
265;Meryem Landers;fragefoto_mery;fragefoto_mery@instahub.test;NULL;$2b$12$Oe/0mNtOCo5Wh9Clqz/DfO3IJOU4A5SQEVdONQmRdumMnNg7YQDnq;📸 Capturing life's moments | 👗 Fashion enthusiast | 🤔 Always curious | 14 | 🇩🇪;female;2009-09-07;Berlin;Deutschland;164;storage/avatars/2/265.webp;user;0;NULL;2024-09-29 16:07:30;2024-09-29 16:07:30
266;Elena Heidenkamp;gartenlesemaus;gartenlesemaus@instahub.test;NULL;$2b$12$AhhOzST8C191NpMHQS/zMuTKRk0aXT2bk45/KJyJw1PSveMmZUkbi;"🌱 Pflanzenflüsterin 📚 Bücherwurm
Natur & Geschichten sind mein Ding 🌿📖
Ich bin ich & das ist gut so! 💁‍♀️✨";female;2010-07-07;Berlin;Deutschland;163;storage/avatars/2/266.webp;user;0;NULL;2024-09-29 16:07:30;2024-09-29 16:07:30
267;Mira Rosenstein;reisezornmira;reisezornmira@instahub.test;NULL;$2b$12$g6OEI3Z2B9g4Xuznj1K7L.XWUEruXQnb9Xr333jTl2Uid4g1kR272;"🌍 Weltenbummlerin mit Schwimmflossen 🏊‍♀️
🤓 Brillenträgerin mit Weitblick
💁‍♀️ Meine Meinung ist meine Stärke
🤗 Empathie ist mein Superpower
✨ Sei du selbst, der Rest kommt von allein!";female;2006-05-24;Schwerin;Deutschland;167;storage/avatars/2/267.webp;user;0;NULL;2024-09-29 16:07:30;2024-09-29 16:07:30
268;Amira Kupferschmidt;tennisgartnerin;tennisgartnerin@instahub.test;NULL;$2b$12$6V7z9Zxp3Bs5.qFrSBLOjeoZ/Qqy22eqzGg8LzsIayKxQBNlFzhRC;"🎾 Tennis-Enthusiastin & Hobbygärtnerin 🌱
Immer auf der Suche nach dem perfekten Aufschlag! 💪
16 | München 🇩🇪
Love life & stay positive! ✨";female;2007-09-24;Erfurt;Deutschland;152;storage/avatars/2/268.webp;user;0;NULL;2024-09-29 16:07:30;2024-09-29 16:07:30
269;Linnea Glashaus;theaterlinnea;theaterlinnea@instahub.test;NULL;$2b$12$93uHCRvhKVg3EeQWGuI/puTsTtJ6fjvEXJGvYjlGgma.wmojasM6a;"🎭 Theaterjunkie | 📚 Bücherwurm | 🌿 Naturliebhaberin
Auf der Suche nach der perfekten Rolle 🎬
16 | Hamburg";female;2007-12-19;Düsseldorf;Deutschland;171;storage/avatars/2/269.webp;user;0;NULL;2024-09-29 16:07:31;2024-09-29 16:07:31
270;Lia Tannenbaum;philosophlia;philosophlia@instahub.test;NULL;$2b$12$A0XOeKtjv8NPp4FTUMgUVeHeotIbmWpSec4a6LrS9RjRWmvm5yfS2;🤔 Fragen über Fragen... Philosophie & Politik 📚🗳️ | Immer auf der Suche nach Antworten 🔍 | 163cm großes Fragezeichen ❓;female;2006-01-30;Erfurt;Deutschland;163;storage/avatars/2/270.webp;user;0;NULL;2024-09-29 16:07:31;2024-09-29 16:07:31
271;Lia Schäefer;zorntennis_lia;zorntennis_lia@instahub.test;NULL;$2b$12$XLEaX9lizxur0zMB9SsBIOmS5WyHAaweXjqnfGhKeC08DzZTMTQzW;"🎮 Tennis-Queen & Gaming-Pro 🎾
Don't mess with me 😤
Spielend durchs Leben 💪
#NoFilter #JustMe";female;2009-12-08;Magdeburg;Deutschland;175;storage/avatars/2/271.webp;user;0;NULL;2024-09-29 16:07:31;2024-09-29 16:07:31
272;Lena Ostermeier;lauflenamei;lauflenamei@instahub.test;NULL;$2b$12$3jJ/lqpsJi00zOzcxV9H8O1Q/Yv2ObxH1W2u259N/uvJys2RnzPhK;🏃‍♀️ Running enthusiast | 14 | Frankfurt 📍 | Fashion lover 👗 | Always learning 📚 | 'The only way to do great work is to love what you do' 💖;female;2009-07-21;Stuttgart;Deutschland;162;storage/avatars/2/272.webp;user;0;NULL;2024-09-29 16:07:31;2024-09-29 16:07:31
273;Leni Weingart;zornwissenschaftskoch;zornwissenschaftskoch@instahub.test;NULL;$2b$12$8vX3Dd.VTED.0x7Jo911uOFDvHmvC1HuXYMRhvoNQMvawK/XNY2ee;"🔬 Wissenschafts-Nerd & Hobbyköchin 👩‍🍳
15 | 169cm | Brillenträgerin mit Wissensdurst 🤓
Hier für coole Experimente & leckere Rezepte! 🧪🍳
#ScienceLover #FoodieInTraining";female;2009-05-17;Düsseldorf;Deutschland;169;storage/avatars/2/273.webp;user;0;NULL;2024-09-29 16:07:31;2024-09-29 16:07:31
274;Ella Steinmeier;philosophschwimmella;philosophschwimmella@instahub.test;NULL;$2b$12$su3A6CMf2OKPH4c.gPufn.3LC7E97E9oVgLgETdfIvAtUQWoxeUJm;"🌊 Schwimmerin mit Tiefgang 📚
17 | Philosophie-Liebhaberin
Auf der Suche nach dem Sinn... und der perfekten Welle 🌊🤔";female;2007-04-03;Magdeburg;Deutschland;165;storage/avatars/2/274.webp;user;0;NULL;2024-09-29 16:07:32;2024-09-29 16:07:32
275;Leni Falkenhain;reisebuehne_leni;reisebuehne_leni@instahub.test;NULL;$2b$12$Up6PkVbhAZUigc30S1ohIOZFmvDgFsoxa2uKJZSZwbdmgD6B1zr52;"🎭 Theatermaus auf Reisen 🌍 | 14 | Träume groß, spiele größer 🌟 | Fragen? Immer her damit! 💁‍♀️";female;2010-01-25;Frankfurt;Deutschland;167;storage/avatars/2/275.webp;user;0;NULL;2024-09-29 16:07:32;2024-09-29 16:07:32
277;Lara Quellenberg;politikheldin_lara;politikheldin_lara@instahub.test;NULL;$2b$12$uAR.vcS/er2XG9qbxBel4uIKTYAS3APdItTVktyg2cCU7DIBFDmCy;16 ✨ Für eine bessere Welt 🌍💚 | Politik-Nerd 📚 | Freiwillige bei @JugendHilft 🤝 | Meine Meinung = meine Kraft 💪 | #BlackLivesMatter ✊🏽;female;2007-08-15;Wien;Österreich;173;storage/avatars/2/277.webp;user;0;NULL;2024-09-29 16:07:32;2024-09-29 16:07:32
278;Paulina Feldmann;zornige_historikerin;zornige_historikerin@instahub.test;NULL;$2b$12$/Je3zSV1XMeIblmgIoIhS.GBq1OcVOoeXirq08IMWhEBN7Jo8FrI6;🌍 Retterin der Welt in Ausbildung 📚 | Geschichtsnerd mit Attitude 💁‍♀️ | #NoJusticeNoPeace ✊ | Brillen sind mein Superpower 👓 | Sarkasmus als Zweitsprache 🙃;female;2006-01-13;Hannover;Deutschland;178;storage/avatars/2/278.webp;user;0;NULL;2024-09-29 16:07:32;2024-09-29 16:07:32
279;Lotta Falkenberg;lesezornlotta;lesezornlotta@instahub.test;NULL;$2b$12$On1FvLDG0021az5fbslLXugnV43pp96J2lmETUiqiCUuCo42SHVB.;"📚 Bücherwurm & Tierfreundin 🐾 | 15 | Mein Herz schlägt für Geschichten & Vierbeiner 💚 | Träume groß, lese viel 🌙 | #AlternativeVibes ✨";female;2008-10-03;München;Deutschland;172;storage/avatars/2/279.webp;user;0;NULL;2024-09-29 16:07:32;2024-09-29 16:07:32
280;Hanna Rosenwinkel;historienzauberin;historienzauberin@instahub.test;NULL;$2b$12$y3olTsqYtmc/6WuMJ4yiaO/V2FN0FNFDWwWvusk85zLWMqyYyh2su;"🔮 Zeitreisende durch die Geschichte 📚✨ | Wissenschafts-Nerd 🧪🔬 | Mein Style? Zeitlos alternativ! 🖤 | Träume groß, lebe größer 💫 | 15 & voller Wunder 🌟";female;2009-07-02;Stuttgart;Deutschland;164;storage/avatars/2/280.webp;user;0;NULL;2024-09-29 16:07:33;2024-09-29 16:07:33
281;Amira Edelstein;techfragezauber;techfragezauber@instahub.test;NULL;$2b$12$/wMU5wxUFMbI.1vb1g4mq.owBMRu1P3RnjOehim0SRIdn89.9IXoq;"👩‍🔬 Zukunftsforscherin in Ausbildung 🚀
🤓 Wissenschaft ist mein Superhelden-Cape
🌈 Frag mich alles über Quanten-Kekse! 🍪
#NerdGirlPower";female;2008-02-22;Genf;Schweiz;153;storage/avatars/2/281.webp;user;0;NULL;2024-09-29 16:07:33;2024-09-29 16:07:33
282;Lotta Kupfermann;wissenschaftswirbelwind;wissenschaftswirbelwind@instahub.test;NULL;$2b$12$xuHA1p8MFwlBJPES5504pOf7JvZ/58EFEcaJQxqPF6LCm.T1AhwyW;🔬 Science nerd & proud 🧠 | 16 | Alternative vibes 🖤 | Curly hair don't care 💁🏻‍♀️ | Always asking 'Why?' 🤔 | Let's geek out together! 🚀✨;female;2008-05-16;Kiel;Deutschland;160;storage/avatars/2/282.webp;user;0;NULL;2024-09-29 16:07:33;2024-09-29 16:07:33
283;Lara Hofmeier;zornige_schwimmgamerin;zornige_schwimmgamerin@instahub.test;NULL;$2b$12$t88642Xqs1zOVrrVwBwEoOBj0GV/pewNTX01oRJuUaCvAIxE18uy6;"🏊‍♀️ Schwimmen ist mein Leben 🎮 Gaming ist meine Leidenschaft
16 | Schülerin | 📚 Bücherwurm
Immer auf der Suche nach neuen Herausforderungen 💪";female;2008-06-07;München;Deutschland;175;storage/avatars/2/283.webp;user;0;NULL;2024-09-29 16:07:33;2024-09-29 16:07:33
284;Mira Eichelberg;codewissenschaftmira;codewissenschaftmira@instahub.test;NULL;$2b$12$z9bEtaRwqzrM.XZYasbJK.0ecKdeDSwqlqL5HOT/.E4S2xhWwv2EO;"🔬 Wissenschaft ist meine Superkraft 💻 Coden ist meine Leidenschaft
16 | Deutschland 🇩🇪 | Ich denke, also programmiere ich 🤓
Meine Welt dreht sich um 0 und 1 🌍✨";female;2007-08-02;Saarbrücken;Deutschland;164;storage/avatars/2/284.webp;user;0;NULL;2024-09-29 16:07:33;2024-09-29 16:07:33
285;Emilia Steinkamp;zornmusikemilia;zornmusikemilia@instahub.test;NULL;$2b$12$GOXBg7wPDeOtgMuM/64hEOEfpPgdvRQ8rSN359wlMMOG7QTcDit3O;"🎵 Musik ist mein Leben 🎸🎤
Echte Rockerin mit Kurven 💁‍♀️💖
Haters gonna hate 🙄✌️
#CurvyAndConfident";female;2008-07-17;Schwerin;Deutschland;166;storage/avatars/2/285.webp;user;0;NULL;2024-09-29 16:07:34;2024-09-29 16:07:34
286;Lina Eisenreich;codekickerin;codekickerin@instahub.test;NULL;$2b$12$hOqvER2ohNFMhz3sAceueeLdsxkqYpomuwOG7p0dONTUbkinC5dAy;🤓💻 Tech-Enthusiastin & Fußball-Fanatikerin ⚽️🥅 | Immer auf der Suche nach neuen Herausforderungen 🔍 | Wie programmiert man Erfolg? 🤔;female;2006-02-02;Neudorfhausen;Deutschland;174;storage/avatars/2/286.webp;user;0;NULL;2024-09-29 16:07:34;2024-09-29 16:07:34
287;Mia Eichberger;filmbluemchen;filmbluemchen@instahub.test;NULL;$2b$12$Nfx6vImZC/JnxTiF/1oqFuKw/0An8Y.nRohA6mxeZZ8sGP.5zl5Aa;🌱 Pflanzenflüsterin & Filmfanatikerin 🎬 | 14 & fabelhaft ✨ | Grüne Daumen treffen auf rote Teppiche 🌿🎭 | Mein Garten ist meine Bühne! 🌺🎋;female;2010-04-29;München;Deutschland;174;storage/avatars/2/287.webp;user;0;NULL;2024-09-29 16:07:34;2024-09-29 16:07:34
288;Luisa Weissenberg;musikluisa;musikluisa@instahub.test;NULL;$2b$12$j1824BPeS1bxxvYTfDzUbeuMNW5lhfBnX3dY3LkuIJOj2tpYpPu5q;🎵 Musik ist mein Leben 🎶 | 15 | Alt-Style Liebhaberin 👓 | Lockenpracht 💁‍♀️ | Immer auf der Suche nach neuen Melodien 🔍 | 🇩🇪🇨🇴;female;2009-03-08;Mainz;Deutschland;167;storage/avatars/2/288.webp;user;0;NULL;2024-09-29 16:07:34;2024-09-29 16:07:34
289;Karlotta Grünhagen;karlotta_politmode;karlotta_politmode@instahub.test;NULL;$2b$12$cFo2VyBhmVX61NtYXgbDIuwbX8vutRwYo7UD7NlJBjNSUf3F6KDT.;🌟 14 | Mode-Enthusiastin & Politik-Junkie 🗳️ | Auf der Suche nach meinem Stil 💁‍♀️ | Meinungen sind meine eigenen 💭 | #FutureInfluencer;female;2010-05-02;Hamburg;Deutschland;170;storage/avatars/2/289.webp;user;0;NULL;2024-09-29 16:07:34;2024-09-29 16:07:34
290;Nele Rohrbach;zornigegamerzicke;zornigegamerzicke@instahub.test;NULL;$2b$12$DG8gAHsR7BRUt982XzHshuCxKYKIZD3.GCJYHnVRo4O5PwXimIJae;"🎮 Lvl 18 Gamer Girl 🏔️ Wanderlust-Süchtig 👓 Nerd & stolz drauf! 😜 Leben ist ein Abenteuer, spiel mit! 🌟";female;2006-06-07;Mainz;Deutschland;171;storage/avatars/2/290.webp;user;0;NULL;2024-09-29 16:07:35;2024-09-29 16:07:35
291;Carlotta Steinberger;tenniszorncarlotta;tenniszorncarlotta@instahub.test;NULL;$2b$12$vfJVdWfP5xibPnqXOOSUDuM61ZK.riGMwyZ3nSt6Jch.zL8zG8UCW;"🎾 Tennisqueen & ⚽ Fußballverrückt 🤪
Wilde 18 & noch wilder unterwegs 🌪️
Mein Style, meine Regeln 🤘
#AlternativeVibes #Skincare";female;2006-01-04;Saarbrücken;Deutschland;170;storage/avatars/2/291.webp;user;0;NULL;2024-09-29 16:07:35;2024-09-29 16:07:35
292;Tilda Bernstein;zornwandertilda;zornwandertilda@instahub.test;NULL;$2b$12$lvTpga9E0Bwkdp.bYwfaH.8hZqV5nd/DnejTLkasDIWznSi12lPBS;🏔️ Wandern ist meine Leidenschaft! 💻 Tech-Nerd im Herzen 🤓 Immer auf der Suche nach dem nächsten Abenteuer! 🌟 #WanderlustAndWifi;female;2007-04-02;Mainz;Deutschland;154;storage/avatars/2/292.webp;user;0;NULL;2024-09-29 16:07:35;2024-09-29 16:07:35
293;Veronika Guttenberg;gartencoderin;gartencoderin@instahub.test;NULL;$2b$12$Tok8F8/brq2cWIeqJzgs3u1KlRtrfaSTB2uK/VC7akBxXEQxoI47i;"🌱 Gärtnern ist meine Leidenschaft 💻 Coden ist meine Superkraft
14 | Schülerin | Natur & Technik 🌿🖥️";female;2010-06-28;Grünhausen;Deutschland;169;storage/avatars/2/293.webp;user;0;NULL;2024-09-29 16:07:35;2024-09-29 16:07:35
294;Melina Eichhorn;zornigebasketmini;zornigebasketmini@instahub.test;NULL;$2b$12$CcU8.5zfxVbxu.D5qESg4.c/O.ie8VgYmG8NDyLK1Q/r9uppu/Tbi;"🏀 Hoop dreams & running shoes 👟
157cm of pure attitude 🙄
Don't expect me to care 🤷‍♀️
📚 Trying to survive school";female;2007-02-25;Wien;Österreich;157;storage/avatars/2/294.webp;user;0;NULL;2024-09-29 16:07:35;2024-09-29 16:07:35
295;Ylvi Kastner;zornlaeuferin_ylvi;zornlaeuferin_ylvi@instahub.test;NULL;$2b$12$UKPri4pOPxNzXOrw/.gc2OtrH.4Q8tHxyj9pBqx4HY3MueeV3sYwi;"🏃‍♀️ Running is my therapy 💨 | 180cm tall & full of sass 💁‍♀️ | Don't mess with me or I'll outrun you 😤 | Enthusiastic about life, angry about slow WiFi 📱🔥";female;2007-04-18;Berlin;Deutschland;180;storage/avatars/2/295.webp;user;0;NULL;2024-09-29 16:07:35;2024-09-29 16:07:35
296;Tilda Schwarzkopf;techschwimmtilda;techschwimmtilda@instahub.test;NULL;$2b$12$p3oZ84KY4D9RNB7XpwUls.YggYq6c15QACtRsMp773NvlXgxHfSuW;"🏊‍♀️ Wasserratte & Technikfreak 💻 | 18 | Lebe, lache, liebe 💖 | Immer auf der Suche nach dem nächsten Abenteuer 🌊🌟";female;2006-03-27;Potsdam;Deutschland;166;storage/avatars/2/296.webp;user;0;NULL;2024-09-29 16:07:36;2024-09-29 16:07:36
297;Leonie Bachmann;zornlaeuferleonie;zornlaeuferleonie@instahub.test;NULL;$2b$12$Y8.yJA7.9c8Iflx2r8OiI.7FPOlguoQELf4bBrjdu.rE4KHTnt3Jq;🏃‍♀️Läuferin mit Attitude | Haters gonna hate 🙄 | Brillen-Queen 👓 | 160cm pure Energie ⚡️ | #SportyStyle;female;2007-08-19;Stuttgart;Deutschland;160;storage/avatars/2/297.webp;user;0;NULL;2024-09-29 16:07:36;2024-09-29 16:07:36
298;Nika Reichenberg;zornigumweltnika;zornigumweltnika@instahub.test;NULL;$2b$12$/EFqWLbU5/5gmZropMUsne7DgDFXh4yQGYdeKwJG3CcVK8wEC2CFa;"🌿 Zukunftsgestalterin in Ausbildung 🌍
156cm große Weltverbesserin 💚
Was denkst du über Klimawandel? 🤔
#UmweltNews #GrüneBewegung";female;2006-06-29;Innsbruck;Österreich;156;storage/avatars/2/298.webp;user;0;NULL;2024-09-29 16:07:36;2024-09-29 16:07:36
299;Emilia Heidenreich;zornwanderin_emilia;zornwanderin_emilia@instahub.test;NULL;$2b$12$i/ZBdOQtSM9J8E53.yCCkeSzBo2XVFfl1dbSObWktwMy9LCkb6f2u;🌿 Für eine grüne Zukunft 🌍 | Wandern ist meine Therapie 🥾 | 17 | Let's make a difference together! 💪;female;2006-07-17;Innsbruck;Österreich;167;storage/avatars/2/299.webp;user;0;NULL;2024-09-29 16:07:36;2024-09-29 16:07:36
300;Lena Rosenzweig;techzicklena;techzicklena@instahub.test;NULL;$2b$12$1X5nOjQIKf5iIjv8aYm3LessI/WGQF.cGnOUPPnl4I7xi/diDxPK6;🤓 Nerdy & proud 💻 | 14 & fabulous 💁‍♀️ | Coding queen 👑 | Meme enthusiast 😂 | Future CEO of my own start-up 🚀;female;2009-09-13;Leipzig;Deutschland;169;storage/avatars/2/300.webp;user;0;NULL;2024-09-29 16:07:36;2024-09-29 16:07:36
301;Juri Eichstätt;zornigesjuricken;zornigesjuricken@instahub.test;NULL;$2b$12$9U66Knl2FKl0z2M1jpQOZu2DLJM96/zrqv64V3LYvCARowX3pWAZ.;"🎮 Gamer & Politik-Nerd 🗳️ | Sie/Er/They 🌈 | Graue Haare, don't care 💁 | Meine Meinung ist die einzig richtige 😌✨ | #AlternativeVibes";diverse;2008-02-27;Neudorfhausen;Deutschland;173;storage/avatars/2/301.webp;user;0;NULL;2024-09-29 16:07:37;2024-09-29 16:07:37
302;Maxi Drechsel;modezornmaxi;modezornmaxi@instahub.test;NULL;$2b$12$3AT4DpsRHyj56WkyJUY6HenBe29KiqoAduaT12WCVC8KrlGprAvrq;🖤 Mode ist meine Waffe 🔪 Alle anderen sind basic 💅 #StyleIcon #DontCare 🌈✨;diverse;2009-02-03;Zürich;Schweiz;166;storage/avatars/2/302.webp;user;0;NULL;2024-09-29 16:07:37;2024-09-29 16:07:37
303;Jules Winterberg;zornbaske_jules;zornbaske_jules@instahub.test;NULL;$2b$12$zYf1k9Cp.tf959JNdpvlSOzQ7nitHJwfXuU48j.nNkVjmkcdas05a;🏀 Ballin' since '09 🏃‍♂️ Running from labels 💙 Be kind or be quiet 🤐 They/Them;diverse;2010-02-22;Dresden;Deutschland;175;storage/avatars/2/303.webp;user;0;NULL;2024-09-29 16:07:37;2024-09-29 16:07:37
304;Kira Blumenfeld;zornmodekira;zornmodekira@instahub.test;NULL;$2b$12$Nl4U3.U7eVzxtQ2icp6ldupUa76a/hKT6MaG334slEXjr6e26mqPq;🏳️‍🌈 16 | sie/er/they 🤷‍♂️ | Mode-Junkie & Politiknerd 🗳️👔 | Memes sind meine Leidenschaft 😂 | #StayWoke;diverse;2008-05-23;Magdeburg;Deutschland;179;storage/avatars/2/304.webp;user;0;NULL;2024-09-29 16:07:37;2024-09-29 16:07:37
305;Esra Frohnmeyer;esra_kunstgamer;esra_kunstgamer@instahub.test;NULL;$2b$12$MjxXQ8s1SQ65vhvQw8lwber8leSBRsB8EsHRC3rG1oE6dVmbymrZS;"🎮 Gamer by day, artist by night 🎨
Stil ist meine Superkraft 💁‍♂️✨
Glatze & Selbstbewusstsein 👑
Ich bin ich, deal with it 😎
#DiverseVibes";diverse;2009-03-29;Mainz;Deutschland;174;storage/avatars/2/305.webp;user;0;NULL;2024-09-29 16:07:37;2024-09-29 16:07:37
306;Quinn Falkenhorst;zornpixel;zornpixel@instahub.test;NULL;$2b$12$.dZqcUwdbUIFR4exgxh7K.7zm/lnrsGrwizyxybUKJoE14tLAjlb2;🏳️‍🌈 Pronomen: they/them 📷 Fotograf:in & Coder 💻 Don't mess with me! 🔥 #NoFilter;diverse;2008-01-14;Zürich;Schweiz;175;storage/avatars/2/306.webp;user;0;NULL;2024-09-29 16:07:38;2024-09-29 16:07:38
307;Eni Weisgerber;zornkochkoenig;zornkochkoenig@instahub.test;NULL;$2b$12$CXrjG5RBxXg2C6CETy/rr.m9hnaIem8b2nk7v2FNwvW.ke.aNhfRK;"🎨 Kunst ist mein Leben 🖌️
👨‍🍳 Kochen ist meine Leidenschaft 🍳
💙 Blau wie meine Haare, blau wie meine Seele 💙
Ich bin ich, deal with it 💁‍♀️✨";diverse;2010-03-28;Berlin;Deutschland;188;storage/avatars/2/307.webp;user;0;NULL;2024-09-29 16:07:38;2024-09-29 16:07:38
308;Emory Weinhold;zornfilmcourt;zornfilmcourt@instahub.test;NULL;$2b$12$hZKwXEFK7OxIRPXdp4r4K.IrL1y/TB8viFyQBTndSei4ey0ROmJPu;"🎬 Filmfreak & 🎾 Tennisass | they/them 🏳️‍🌈 | Sarkasmus ist meine Superkraft 😏 | Wenn ich nicht gerade auf dem Court bin, bin ich im Kino 🍿";diverse;2007-06-16;Erfurt;Deutschland;178;storage/avatars/2/308.webp;user;0;NULL;2024-09-29 16:07:38;2024-09-29 16:07:38
309;Juno Falkenstein;zornigePixelJuno;zornigePixelJuno@instahub.test;NULL;$2b$12$eEDVCnjJyuQ8FPNDhFJO7OAX.q54uSeTufXFyDHDJu42xojEcjn7e;"🎮 Gaming ist mein Leben 💙 Sei du selbst, egal was andere sagen 🌈 Pronomen: they/them 🤘 #DiversityRules";diverse;2007-02-18;Neudorfhausen;Deutschland;176;storage/avatars/2/309.webp;user;0;NULL;2024-09-29 16:07:38;2024-09-29 16:07:38
310;Fynn Falkenberg;zornigez_lyrikfuchs;zornigez_lyrikfuchs@instahub.test;NULL;$2b$12$KQdOGPn9NlGyeRDux1X/KuuAjKhQmJVDyL7vz7M/2eYOpw3ywH9Y2;"📚 Bücherwurm mit Herz für soziale Gerechtigkeit 💪🏼
Wütend auf Ungleichheit, informiert über alles 🧠
Ich bin ich, deal with it 😎✨ #17 #divers";diverse;2007-05-13;Stuttgart;Deutschland;168;storage/avatars/2/310.webp;user;0;NULL;2024-09-29 16:07:38;2024-09-29 16:07:38
311;Ari Felsenbach;zornbasketari;zornbasketari@instahub.test;NULL;$2b$12$n9bwQTzsOTy1P/MghKGTaeGK.cBfuQpvP6YHTjdm0kBKhF3oOmzxW;"🏀 Basketball is life 🔥 | They/Them 💫 | Red hair, don't care 👩‍🦰 | Style over substance 💁 | ❓🤔😠";diverse;2009-04-06;Berlin;Deutschland;176;storage/avatars/2/311.webp;user;0;NULL;2024-09-29 16:07:38;2024-09-29 16:07:38
312;Riley Sternkopf;frageriley;frageriley@instahub.test;NULL;$2b$12$mTN0YpYD2Dz5yO/ZgioXrOoHiYl/mNVicFNx.L3hF.5qPq4nUpzqW;🤔💡 Technik-Nerd & Weltverbesserer*in 🌍❤️ Wie können wir die Welt mit Technologie besser machen? 🤖🌈 #DiversityRules;diverse;2008-12-04;Lindenbachtal;Deutschland;184;storage/avatars/2/312.webp;user;0;NULL;2024-09-29 16:07:39;2024-09-29 16:07:39
313;Lio Bartels;fitmusiklio;fitmusiklio@instahub.test;NULL;$2b$12$FeOc1GNCtW3qlwSq42rpNeehW7qVDA2Mx0FEMp3gP1ICiv5I6pHhW;"🎵🏋️‍♂️ Musik & Fitness sind mein Leben 💪🎧
Nicht binär und stolz drauf 🌈
Lachen ist die beste Medizin 😂
Sei nett oder geh weg 🤗🚫";diverse;2009-03-24;Hannover;Deutschland;182;storage/avatars/2/313.webp;user;0;NULL;2024-09-29 16:07:39;2024-09-29 16:07:39
314;Jamie Kaltschmid;zornigeracket;zornigeracket@instahub.test;NULL;$2b$12$5gV2mwx5hkmtWv9yuTwuw.G3nJelasYQZDs7FMj8HiezBD/iJj05W;🎭 Bühne ist mein Zuhause 🏠 | 🎾 Tennis-Ass | 💢 Vorsicht: explosiv! | Sie/er/they 🌈;diverse;2005-07-20;München;Deutschland;181;storage/avatars/2/314.webp;user;0;NULL;2024-09-29 16:07:39;2024-09-29 16:07:39
315;Finn Rabenstein;schwimmhistoriker;schwimmhistoriker@instahub.test;NULL;$2b$12$5KgA.cpHU.m5nhW/OHWOyeriAtU3xn9uqVdGCn90f287ny3fIDg.m;"🏊‍♀️ Wasserratte & Geschichtsnerd 📚 | Ich bin ich, und das ist gut so! 💚 | 16 & figuring life out 🌈 | Pronomen: they/them";diverse;2008-05-02;Hamburg;Deutschland;173;storage/avatars/2/315.webp;user;0;NULL;2024-09-29 16:07:39;2024-09-29 16:07:39
316;Quinn Falkenberg;gartenparadiesx;gartenparadiesx@instahub.test;NULL;$2b$12$SQS2/5Bm.VpMxv2ZqsOTvuOHQ9anJspt.e2gwOHC9hi0lN7C/Vkzu;"🌱 Plant parent in training 🌿 | 14 & growing | They/them 🌈 | 📍 Berlin | Turning my room into a jungle, one leaf at a time 🍃 | #PlantObsessed";diverse;2009-07-19;Magdeburg;Deutschland;169;storage/avatars/2/316.webp;user;0;NULL;2024-09-29 16:07:39;2024-09-29 16:07:39
317;Jona Falkenrath;klangweltschutz;klangweltschutz@instahub.test;NULL;$2b$12$ltB/F78UhV6FgGkMgfyGq.hqdOTnr8FSojs7teD3eCiBIx7zSTTme;🌿🎵 Musik & Umwelt sind meine Passion! 🌍🎶 Lasst uns zusammen die Welt verbessern! 💚 #DiversityMatters;diverse;2009-05-27;Leipzig;Deutschland;172;storage/avatars/2/317.webp;user;0;NULL;2024-09-29 16:07:40;2024-09-29 16:07:40
318;Robin Feldkamp;fragemodefee;fragemodefee@instahub.test;NULL;$2b$12$aS8MUiI.0i08l0qkQVKh1uMWU/sb6XJqmVu//KPJHhH5nwIsgCNq.;🌈 Filmfan & Fashionista 🎬👗 • Frage mich alles über Styles! 💁‍♀️ • Mitgefühl ist mein Motto 🤗 • sie/er/they;diverse;2008-08-15;Neubrunnen;Deutschland;158;storage/avatars/2/318.webp;user;0;NULL;2024-09-29 16:07:40;2024-09-29 16:07:40
319;Romy Eisenach;sprachfuchs_romy;sprachfuchs_romy@instahub.test;NULL;$2b$12$HTs0Zj5KhMWgA1jhDWe0iu6cMQsWbLXKj0fjRULDZbY.w76VgjkAq;"🐾 Tierliebhaber & Sprachenfreak 🌍
14 | divers | they/them
Sport & alternative Vibes 🏋️‍♂️🎸
Wütend auf Ungerechtigkeit, begeistert von Vielfalt! 🌈✊";diverse;2009-09-17;Düsseldorf;Deutschland;176;storage/avatars/2/319.webp;user;0;NULL;2024-09-29 16:07:40;2024-09-29 16:07:40
320;Yuki Bergwald;sprachsprint;sprachsprint@instahub.test;NULL;$2b$12$P4h0xs3To2qmj7DV.ue6qeV343pFQ947Vl5Lhsg3BvTbCdw7zm3OG;"🏃‍♂️💨 Laufend durch die Welt der Sprachen! 🌍🗣️
17 | divers | Polyglott in Ausbildung 📚
Liebe jeden Kilometer & jedes neue Wort! ❤️🔤";diverse;2006-08-06;Stuttgart;Deutschland;177;storage/avatars/2/320.webp;user;0;NULL;2024-09-29 16:07:40;2024-09-29 16:07:40
321;Test2024;admin;erdbeerrot857@instahub.test;NULL;$2y$12$rqMdMAnt2cDc4D85v/.0PuFM3eUvM3eiZSWEno.8dcOej.BfQWwvW;NULL;NULL;NULL;NULL;NULL;NULL;avatar.png;dba;1;NULL;2026-08-21 17:48:56;2026-08-21 17:48:58